{
  "costRemoveCraftedModifiers": [
    {
      "AMOUNT": 5,
      "ITEM": "the_vault:nullifying_focus",
      "NBT": "{}"
    }
  ],
  "craftableModifiers": {
    "PREFIX": [
      { "workbenchCraftIdentifier": "the_vault:crafted_on_hit_chain_t0",
        "modifierIdentifier": "the_vault:crafted_on_hit_chain",
        "modifierTier": 0,
        "unlockCategory": "LEVEL",
        "craftingCost": [
          {
            "AMOUNT": 8,
            "ITEM": "the_vault:amplifying_focus",
            "NBT": "{}"
          },
          {
            "AMOUNT": 8,
            "ITEM": "the_vault:vault_gold",
            "NBT": "{}"
          }
        ]
      },
      { "workbenchCraftIdentifier": "the_vault:crafted_on_hit_chain_t1",
        "modifierIdentifier": "the_vault:crafted_on_hit_chain",
        "modifierTier": 1,
        "unlockCategory": "VAULT_DISCOVERY",
        "craftingCost": [
          {
            "AMOUNT": 16,
            "ITEM": "the_vault:amplifying_focus",
            "NBT": "{}"
          },
          {
            "AMOUNT": 16,
            "ITEM": "the_vault:vault_gold",
            "NBT": "{}"
          }
        ]
      },
      { "workbenchCraftIdentifier": "the_vault:crafted_on_hit_chain_t2",
        "modifierIdentifier": "the_vault:crafted_on_hit_chain",
        "modifierTier": 2,
        "unlockCategory": "VAULT_DISCOVERY",
        "craftingCost": [
          {
            "AMOUNT": 32,
            "ITEM": "the_vault:amplifying_focus",
            "NBT": "{}"
          },
          {
            "AMOUNT": 32,
            "ITEM": "the_vault:vault_gold",
            "NBT": "{}"
          }
        ]
      },

      { "workbenchCraftIdentifier": "the_vault:crafted_lucky_hit_chance_t0",
        "modifierIdentifier": "the_vault:crafted_lucky_hit_chance",
        "modifierTier": 0,
        "unlockCategory": "LEVEL",
        "craftingCost": [
          {
            "AMOUNT": 4,
            "ITEM": "the_vault:amplifying_focus",
            "NBT": "{}"
          },
          {
            "AMOUNT": 4,
            "ITEM": "the_vault:vault_gold",
            "NBT": "{}"
          }
        ]
      },
      { "workbenchCraftIdentifier": "the_vault:crafted_lucky_hit_chance_t1",
        "modifierIdentifier": "the_vault:crafted_lucky_hit_chance",
        "modifierTier": 1,
        "unlockCategory": "LEVEL",
        "craftingCost": [
          {
            "AMOUNT": 12,
            "ITEM": "the_vault:amplifying_focus",
            "NBT": "{}"
          },
          {
            "AMOUNT": 12,
            "ITEM": "the_vault:vault_gold",
            "NBT": "{}"
          }
        ]
      },
      { "workbenchCraftIdentifier": "the_vault:crafted_lucky_hit_chance_t2",
        "modifierIdentifier": "the_vault:crafted_lucky_hit_chance",
        "modifierTier": 2,
        "unlockCategory": "VAULT_DISCOVERY",
        "craftingCost": [
          {
            "AMOUNT": 24,
            "ITEM": "the_vault:amplifying_focus",
            "NBT": "{}"
          },
          {
            "AMOUNT": 24,
            "ITEM": "the_vault:vault_gold",
            "NBT": "{}"
          }
        ]
      },
      { "workbenchCraftIdentifier": "the_vault:crafted_lucky_hit_chance_t3",
        "modifierIdentifier": "the_vault:crafted_lucky_hit_chance",
        "modifierTier": 3,
        "unlockCategory": "VAULT_DISCOVERY",
        "craftingCost": [
          {
            "AMOUNT": 32,
            "ITEM": "the_vault:amplifying_focus",
            "NBT": "{}"
          },
          {
            "AMOUNT": 32,
            "ITEM": "the_vault:vault_gold",
            "NBT": "{}"
          }
        ]
      },

      { "workbenchCraftIdentifier": "the_vault:crafted_soul_chance_t0",
        "modifierIdentifier": "the_vault:crafted_soul_chance",
        "modifierTier": 0,
        "unlockCategory": "LEVEL",
        "craftingCost": [
          {
            "AMOUNT": 4,
            "ITEM": "the_vault:amplifying_focus",
            "NBT": "{}"
          },
          {
            "AMOUNT": 4,
            "ITEM": "the_vault:vault_gold",
            "NBT": "{}"
          }
        ]
      },
      { "workbenchCraftIdentifier": "the_vault:crafted_soul_chance_t1",
        "modifierIdentifier": "the_vault:crafted_soul_chance",
        "modifierTier": 1,
        "unlockCategory": "LEVEL",
        "craftingCost": [
          {
            "AMOUNT": 8,
            "ITEM": "the_vault:amplifying_focus",
            "NBT": "{}"
          },
          {
            "AMOUNT": 8,
            "ITEM": "the_vault:vault_gold",
            "NBT": "{}"
          }
        ]
      },
      { "workbenchCraftIdentifier": "the_vault:crafted_soul_chance_t2",
        "modifierIdentifier": "the_vault:crafted_soul_chance",
        "modifierTier": 2,
        "unlockCategory": "VAULT_DISCOVERY",
        "craftingCost": [
          {
            "AMOUNT": 16,
            "ITEM": "the_vault:amplifying_focus",
            "NBT": "{}"
          },
          {
            "AMOUNT": 16,
            "ITEM": "the_vault:vault_gold",
            "NBT": "{}"
          }
        ]
      },
      { "workbenchCraftIdentifier": "the_vault:crafted_soul_chance_t3",
        "modifierIdentifier": "the_vault:crafted_soul_chance",
        "modifierTier": 3,
        "unlockCategory": "VAULT_DISCOVERY",
        "craftingCost": [
          {
            "AMOUNT": 32,
            "ITEM": "the_vault:amplifying_focus",
            "NBT": "{}"
          },
          {
            "AMOUNT": 32,
            "ITEM": "the_vault:vault_gold",
            "NBT": "{}"
          }
        ]
      },
     
      { "workbenchCraftIdentifier": "the_vault:crafted_damage_champion_t0",
        "modifierIdentifier": "the_vault:crafted_damage_champion",
        "modifierTier": 0,
        "unlockCategory": "LEVEL",
        "craftingCost": [
          {
            "AMOUNT": 4,
            "ITEM": "the_vault:amplifying_focus",
            "NBT": "{}"
          },
          {
            "AMOUNT": 4,
            "ITEM": "the_vault:vault_gold",
            "NBT": "{}"
          }
        ]
      },
      { "workbenchCraftIdentifier": "the_vault:crafted_damage_champion_t1",
        "modifierIdentifier": "the_vault:crafted_damage_champion",
        "modifierTier": 1,
        "unlockCategory": "VAULT_DISCOVERY",
        "craftingCost": [
          {
            "AMOUNT": 8,
            "ITEM": "the_vault:amplifying_focus",
            "NBT": "{}"
          },
          {
            "AMOUNT": 8,
            "ITEM": "the_vault:vault_gold",
            "NBT": "{}"
          }
        ]
      },
      { "workbenchCraftIdentifier": "the_vault:crafted_damage_champion_t2",
        "modifierIdentifier": "the_vault:crafted_damage_champion",
        "modifierTier": 2,
        "unlockCategory": "VAULT_DISCOVERY",
        "craftingCost": [
          {
            "AMOUNT": 16,
            "ITEM": "the_vault:amplifying_focus",
            "NBT": "{}"
          },
          {
            "AMOUNT": 16,
            "ITEM": "the_vault:vault_gold",
            "NBT": "{}"
          }
        ]
      },
      { "workbenchCraftIdentifier": "the_vault:crafted_damage_champion_t3",
        "modifierIdentifier": "the_vault:crafted_damage_champion",
        "modifierTier": 3,
        "unlockCategory": "VAULT_DISCOVERY",
        "craftingCost": [
          {
            "AMOUNT": 32,
            "ITEM": "the_vault:amplifying_focus",
            "NBT": "{}"
          },
          {
            "AMOUNT": 32,
            "ITEM": "the_vault:vault_gold",
            "NBT": "{}"
          }
        ]
      },
      { "workbenchCraftIdentifier": "the_vault:crafted_damage_dungeon_t0",
        "modifierIdentifier": "the_vault:crafted_damage_dungeon",
        "modifierTier": 0,
        "unlockCategory": "LEVEL",
        "craftingCost": [
          {
            "AMOUNT": 4,
            "ITEM": "the_vault:amplifying_focus",
            "NBT": "{}"
          },
          {
            "AMOUNT": 4,
            "ITEM": "the_vault:vault_gold",
            "NBT": "{}"
          }
        ]
      },
      { "workbenchCraftIdentifier": "the_vault:crafted_damage_dungeon_t1",
        "modifierIdentifier": "the_vault:crafted_damage_dungeon",
        "modifierTier": 1,
        "unlockCategory": "VAULT_DISCOVERY",
        "craftingCost": [
          {
            "AMOUNT": 8,
            "ITEM": "the_vault:amplifying_focus",
            "NBT": "{}"
          },
          {
            "AMOUNT": 8,
            "ITEM": "the_vault:vault_gold",
            "NBT": "{}"
          }
        ]
      },
      { "workbenchCraftIdentifier": "the_vault:crafted_damage_dungeon_t2",
        "modifierIdentifier": "the_vault:crafted_damage_dungeon",
        "modifierTier": 2,
        "unlockCategory": "VAULT_DISCOVERY",
        "craftingCost": [
          {
            "AMOUNT": 16,
            "ITEM": "the_vault:amplifying_focus",
            "NBT": "{}"
          },
          {
            "AMOUNT": 16,
            "ITEM": "the_vault:vault_gold",
            "NBT": "{}"
          }
        ]
      },
      { "workbenchCraftIdentifier": "the_vault:crafted_damage_dungeon_t3",
        "modifierIdentifier": "the_vault:crafted_damage_dungeon",
        "modifierTier": 3,
        "unlockCategory": "VAULT_DISCOVERY",
        "craftingCost": [
          {
            "AMOUNT": 32,
            "ITEM": "the_vault:amplifying_focus",
            "NBT": "{}"
          },
          {
            "AMOUNT": 32,
            "ITEM": "the_vault:vault_gold",
            "NBT": "{}"
          }
        ]
      },
      { "workbenchCraftIdentifier": "the_vault:crafted_damage_assassin_t0",
        "modifierIdentifier": "the_vault:crafted_damage_assassin",
        "modifierTier": 0,
        "unlockCategory": "LEVEL",
        "craftingCost": [
          {
            "AMOUNT": 4,
            "ITEM": "the_vault:amplifying_focus",
            "NBT": "{}"
          },
          {
            "AMOUNT": 4,
            "ITEM": "the_vault:vault_gold",
            "NBT": "{}"
          }
        ]
      },
      { "workbenchCraftIdentifier": "the_vault:crafted_damage_assassin_t1",
        "modifierIdentifier": "the_vault:crafted_damage_assassin",
        "modifierTier": 1,
        "unlockCategory": "VAULT_DISCOVERY",
        "craftingCost": [
          {
            "AMOUNT": 8,
            "ITEM": "the_vault:amplifying_focus",
            "NBT": "{}"
          },
          {
            "AMOUNT": 8,
            "ITEM": "the_vault:vault_gold",
            "NBT": "{}"
          }
        ]
      },
      { "workbenchCraftIdentifier": "the_vault:crafted_damage_assassin_t2",
        "modifierIdentifier": "the_vault:crafted_damage_assassin",
        "modifierTier": 2,
        "unlockCategory": "VAULT_DISCOVERY",
        "craftingCost": [
          {
            "AMOUNT": 16,
            "ITEM": "the_vault:amplifying_focus",
            "NBT": "{}"
          },
          {
            "AMOUNT": 16,
            "ITEM": "the_vault:vault_gold",
            "NBT": "{}"
          }
        ]
      },
      { "workbenchCraftIdentifier": "the_vault:crafted_damage_assassin_t3",
        "modifierIdentifier": "the_vault:crafted_damage_assassin",
        "modifierTier": 3,
        "unlockCategory": "VAULT_DISCOVERY",
        "craftingCost": [
          {
            "AMOUNT": 32,
            "ITEM": "the_vault:amplifying_focus",
            "NBT": "{}"
          },
          {
            "AMOUNT": 32,
            "ITEM": "the_vault:vault_gold",
            "NBT": "{}"
          }
        ]
      },
      { "workbenchCraftIdentifier": "the_vault:crafted_damage_horde_t0",
        "modifierIdentifier": "the_vault:crafted_damage_horde",
        "modifierTier": 0,
        "unlockCategory": "LEVEL",
        "craftingCost": [
          {
            "AMOUNT": 4,
            "ITEM": "the_vault:amplifying_focus",
            "NBT": "{}"
          },
          {
            "AMOUNT": 4,
            "ITEM": "the_vault:vault_gold",
            "NBT": "{}"
          }
        ]
      },
      { "workbenchCraftIdentifier": "the_vault:crafted_damage_horde_t1",
        "modifierIdentifier": "the_vault:crafted_damage_horde",
        "modifierTier": 1,
        "unlockCategory": "VAULT_DISCOVERY",
        "craftingCost": [
          {
            "AMOUNT": 8,
            "ITEM": "the_vault:amplifying_focus",
            "NBT": "{}"
          },
          {
            "AMOUNT": 8,
            "ITEM": "the_vault:vault_gold",
            "NBT": "{}"
          }
        ]
      },
      { "workbenchCraftIdentifier": "the_vault:crafted_damage_horde_t2",
        "modifierIdentifier": "the_vault:crafted_damage_horde",
        "modifierTier": 2,
        "unlockCategory": "VAULT_DISCOVERY",
        "craftingCost": [
          {
            "AMOUNT": 16,
            "ITEM": "the_vault:amplifying_focus",
            "NBT": "{}"
          },
          {
            "AMOUNT": 16,
            "ITEM": "the_vault:vault_gold",
            "NBT": "{}"
          }
        ]
      },
      { "workbenchCraftIdentifier": "the_vault:crafted_damage_horde_t3",
        "modifierIdentifier": "the_vault:crafted_damage_horde",
        "modifierTier": 3,
        "unlockCategory": "VAULT_DISCOVERY",
        "craftingCost": [
          {
            "AMOUNT": 32,
            "ITEM": "the_vault:amplifying_focus",
            "NBT": "{}"
          },
          {
            "AMOUNT": 32,
            "ITEM": "the_vault:vault_gold",
            "NBT": "{}"
          }
        ]
      },
      { "workbenchCraftIdentifier": "the_vault:crafted_damage_tank_t0",
        "modifierIdentifier": "the_vault:crafted_damage_tank",
        "modifierTier": 0,
        "unlockCategory": "LEVEL",
        "craftingCost": [
          {
            "AMOUNT": 4,
            "ITEM": "the_vault:amplifying_focus",
            "NBT": "{}"
          },
          {
            "AMOUNT": 4,
            "ITEM": "the_vault:vault_gold",
            "NBT": "{}"
          }
        ]
      },
      { "workbenchCraftIdentifier": "the_vault:crafted_damage_tank_t1",
        "modifierIdentifier": "the_vault:crafted_damage_tank",
        "modifierTier": 1,
        "unlockCategory": "VAULT_DISCOVERY",
        "craftingCost": [
          {
            "AMOUNT": 8,
            "ITEM": "the_vault:amplifying_focus",
            "NBT": "{}"
          },
          {
            "AMOUNT": 8,
            "ITEM": "the_vault:vault_gold",
            "NBT": "{}"
          }
        ]
      },
      { "workbenchCraftIdentifier": "the_vault:crafted_damage_tank_t2",
        "modifierIdentifier": "the_vault:crafted_damage_tank",
        "modifierTier": 2,
        "unlockCategory": "VAULT_DISCOVERY",
        "craftingCost": [
          {
            "AMOUNT": 16,
            "ITEM": "the_vault:amplifying_focus",
            "NBT": "{}"
          },
          {
            "AMOUNT": 16,
            "ITEM": "the_vault:vault_gold",
            "NBT": "{}"
          }
        ]
      },
      { "workbenchCraftIdentifier": "the_vault:crafted_damage_tank_t3",
        "modifierIdentifier": "the_vault:crafted_damage_tank",
        "modifierTier": 3,
        "unlockCategory": "VAULT_DISCOVERY",
        "craftingCost": [
          {
            "AMOUNT": 32,
            "ITEM": "the_vault:amplifying_focus",
            "NBT": "{}"
          },
          {
            "AMOUNT": 32,
            "ITEM": "the_vault:vault_gold",
            "NBT": "{}"
          }
        ]
      },
      { "workbenchCraftIdentifier": "the_vault:crafted_damage_dweller_t0",
        "modifierIdentifier": "the_vault:crafted_damage_dweller",
        "modifierTier": 0,
        "unlockCategory": "LEVEL",
        "craftingCost": [
          {
            "AMOUNT": 4,
            "ITEM": "the_vault:amplifying_focus",
            "NBT": "{}"
          },
          {
            "AMOUNT": 4,
            "ITEM": "the_vault:vault_gold",
            "NBT": "{}"
          }
        ]
      },
      { "workbenchCraftIdentifier": "the_vault:crafted_damage_dweller_t1",
        "modifierIdentifier": "the_vault:crafted_damage_dweller",
        "modifierTier": 1,
        "unlockCategory": "VAULT_DISCOVERY",
        "craftingCost": [
          {
            "AMOUNT": 8,
            "ITEM": "the_vault:amplifying_focus",
            "NBT": "{}"
          },
          {
            "AMOUNT": 8,
            "ITEM": "the_vault:vault_gold",
            "NBT": "{}"
          }
        ]
      },
      { "workbenchCraftIdentifier": "the_vault:crafted_damage_dweller_t2",
        "modifierIdentifier": "the_vault:crafted_damage_dweller",
        "modifierTier": 2,
        "unlockCategory": "VAULT_DISCOVERY",
        "craftingCost": [
          {
            "AMOUNT": 16,
            "ITEM": "the_vault:amplifying_focus",
            "NBT": "{}"
          },
          {
            "AMOUNT": 16,
            "ITEM": "the_vault:vault_gold",
            "NBT": "{}"
          }
        ]
      },
      { "workbenchCraftIdentifier": "the_vault:crafted_damage_dweller_t3",
        "modifierIdentifier": "the_vault:crafted_damage_dweller",
        "modifierTier": 3,
        "unlockCategory": "VAULT_DISCOVERY",
        "craftingCost": [
          {
            "AMOUNT": 32,
            "ITEM": "the_vault:amplifying_focus",
            "NBT": "{}"
          },
          {
            "AMOUNT": 32,
            "ITEM": "the_vault:vault_gold",
            "NBT": "{}"
          }
        ]
      },
      {
        "workbenchCraftIdentifier": "the_vault:crafted_on_hit_hearts_t0",
        "modifierIdentifier": "the_vault:crafted_on_hit_hearts",
        "modifierTier": 0,
        "unlockCategory": "LEVEL",
        "craftingCost": [
          {
            "AMOUNT": 4,
            "ITEM": "the_vault:amplifying_focus",
            "NBT": "{}"
          },
          {
            "AMOUNT": 4,
            "ITEM": "the_vault:vault_gold",
            "NBT": "{}"
          }
        ]
      },
      {
        "workbenchCraftIdentifier": "the_vault:crafted_on_hit_hearts_t1",
        "modifierIdentifier": "the_vault:crafted_on_hit_hearts",
        "modifierTier": 1,
        "unlockCategory": "LEVEL",
        "craftingCost": [
          {
            "AMOUNT": 8,
            "ITEM": "the_vault:amplifying_focus",
            "NBT": "{}"
          },
          {
            "AMOUNT": 8,
            "ITEM": "the_vault:vault_gold",
            "NBT": "{}"
          }
        ]
      },
      {
        "workbenchCraftIdentifier": "the_vault:crafted_on_hit_hearts_t2",
        "modifierIdentifier": "the_vault:crafted_on_hit_hearts",
        "modifierTier": 2,
        "unlockCategory": "VAULT_DISCOVERY",
        "craftingCost": [
          {
            "AMOUNT": 16,
            "ITEM": "the_vault:amplifying_focus",
            "NBT": "{}"
          },
          {
            "AMOUNT": 16,
            "ITEM": "the_vault:vault_gold",
            "NBT": "{}"
          }
        ]
      },
      {
        "workbenchCraftIdentifier": "the_vault:crafted_on_hit_hearts_t3",
        "modifierIdentifier": "the_vault:crafted_on_hit_hearts",
        "modifierTier": 3,
        "unlockCategory": "VAULT_DISCOVERY",
        "craftingCost": [
          {
            "AMOUNT": 24,
            "ITEM": "the_vault:amplifying_focus",
            "NBT": "{}"
          },
          {
            "AMOUNT": 24,
            "ITEM": "the_vault:vault_gold",
            "NBT": "{}"
          }
        ]
      },
      {
        "workbenchCraftIdentifier": "the_vault:crafted_on_hit_hearts_t4",
        "modifierIdentifier": "the_vault:crafted_on_hit_hearts",
        "modifierTier": 4,
        "unlockCategory": "VAULT_DISCOVERY",
        "craftingCost": [
          {
            "AMOUNT": 32,
            "ITEM": "the_vault:amplifying_focus",
            "NBT": "{}"
          },
          {
            "AMOUNT": 32,
            "ITEM": "the_vault:vault_gold",
            "NBT": "{}"
          }
        ]
      }
    ],
    "SUFFIX": [
      { "workbenchCraftIdentifier": "the_vault:crafted_attack_damage_t0",
        "modifierIdentifier": "the_vault:crafted_attack_damage",
        "modifierTier": 0,
        "unlockCategory": "LEVEL",
        "craftingCost": [
          {
            "AMOUNT": 2,
            "ITEM": "the_vault:amplifying_focus",
            "NBT": "{}"
          },
          {
            "AMOUNT": 2,
            "ITEM": "the_vault:vault_gold",
            "NBT": "{}"
          }
        ]
      },
      { "workbenchCraftIdentifier": "the_vault:crafted_attack_damage_t1",
        "modifierIdentifier": "the_vault:crafted_attack_damage",
        "modifierTier": 1,
        "unlockCategory": "LEVEL",
        "craftingCost": [
          {
            "AMOUNT": 4,
            "ITEM": "the_vault:amplifying_focus",
            "NBT": "{}"
          },
          {
            "AMOUNT": 4,
            "ITEM": "the_vault:vault_gold",
            "NBT": "{}"
          }
        ]
      },
      { "workbenchCraftIdentifier": "the_vault:crafted_attack_damage_t2",
        "modifierIdentifier": "the_vault:crafted_attack_damage",
        "modifierTier": 2,
        "unlockCategory": "LEVEL",
        "craftingCost": [
          {
            "AMOUNT": 8,
            "ITEM": "the_vault:amplifying_focus",
            "NBT": "{}"
          },
          {
            "AMOUNT": 8,
            "ITEM": "the_vault:vault_gold",
            "NBT": "{}"
          }
        ]
      },
      { "workbenchCraftIdentifier": "the_vault:crafted_attack_damage_t3",
        "modifierIdentifier": "the_vault:crafted_attack_damage",
        "modifierTier": 3,
        "unlockCategory": "VAULT_DISCOVERY",
        "craftingCost": [
          {
            "AMOUNT": 16,
            "ITEM": "the_vault:amplifying_focus",
            "NBT": "{}"
          },
          {
            "AMOUNT": 16,
            "ITEM": "the_vault:vault_gold",
            "NBT": "{}"
          }
        ]
      },
      { "workbenchCraftIdentifier": "the_vault:crafted_attack_damage_t4",
        "modifierIdentifier": "the_vault:crafted_attack_damage",
        "modifierTier": 4,
        "unlockCategory": "VAULT_DISCOVERY",
        "craftingCost": [
          {
            "AMOUNT": 24,
            "ITEM": "the_vault:amplifying_focus",
            "NBT": "{}"
          },
          {
            "AMOUNT": 24,
            "ITEM": "the_vault:vault_gold",
            "NBT": "{}"
          }
        ]
      },

      { "workbenchCraftIdentifier": "the_vault:crafted_ability_power_t0",
        "modifierIdentifier": "the_vault:crafted_ability_power",
        "modifierTier": 0,
        "unlockCategory": "LEVEL",
        "craftingCost": [
          {
            "AMOUNT": 2,
            "ITEM": "the_vault:amplifying_focus",
            "NBT": "{}"
          },
          {
            "AMOUNT": 2,
            "ITEM": "the_vault:vault_gold",
            "NBT": "{}"
          }
        ]
      },
      { "workbenchCraftIdentifier": "the_vault:crafted_ability_power_t1",
        "modifierIdentifier": "the_vault:crafted_ability_power",
        "modifierTier": 1,
        "unlockCategory": "LEVEL",
        "craftingCost": [
          {
            "AMOUNT": 2,
            "ITEM": "the_vault:amplifying_focus",
            "NBT": "{}"
          },
          {
            "AMOUNT": 2,
            "ITEM": "the_vault:vault_gold",
            "NBT": "{}"
          }
        ]
      },
      { "workbenchCraftIdentifier": "the_vault:crafted_ability_power_t2",
        "modifierIdentifier": "the_vault:crafted_ability_power",
        "modifierTier": 2,
        "unlockCategory": "LEVEL",
        "craftingCost": [
          {
            "AMOUNT": 2,
            "ITEM": "the_vault:amplifying_focus",
            "NBT": "{}"
          },
          {
            "AMOUNT": 2,
            "ITEM": "the_vault:vault_gold",
            "NBT": "{}"
          }
        ]
      },
      { "workbenchCraftIdentifier": "the_vault:crafted_ability_power_t3",
        "modifierIdentifier": "the_vault:crafted_ability_power",
        "modifierTier": 3,
        "unlockCategory": "VAULT_DISCOVERY",
        "craftingCost": [
          {
            "AMOUNT": 16,
            "ITEM": "the_vault:amplifying_focus",
            "NBT": "{}"
          },
          {
            "AMOUNT": 16,
            "ITEM": "the_vault:vault_gold",
            "NBT": "{}"
          }
        ]
      },
      { "workbenchCraftIdentifier": "the_vault:crafted_ability_power_t4",
        "modifierIdentifier": "the_vault:crafted_ability_power",
        "modifierTier": 4,
        "unlockCategory": "VAULT_DISCOVERY",
        "craftingCost": [
          {
            "AMOUNT": 16,
            "ITEM": "the_vault:amplifying_focus",
            "NBT": "{}"
          },
          {
            "AMOUNT": 16,
            "ITEM": "the_vault:vault_gold",
            "NBT": "{}"
          }
        ]
      },

      { "workbenchCraftIdentifier": "the_vault:crafted_durability_t0",
        "modifierIdentifier": "the_vault:crafted_durability",
        "modifierTier": 0,
        "unlockCategory": "LEVEL",
        "craftingCost": [
          {
            "AMOUNT": 2,
            "ITEM": "the_vault:amplifying_focus",
            "NBT": "{}"
          },
          {
            "AMOUNT": 2,
            "ITEM": "the_vault:vault_gold",
            "NBT": "{}"
          }
        ]
      },
      { "workbenchCraftIdentifier": "the_vault:crafted_durability_t1",
        "modifierIdentifier": "the_vault:crafted_durability",
        "modifierTier": 1,
        "unlockCategory": "LEVEL",
        "craftingCost": [
          {
            "AMOUNT": 4,
            "ITEM": "the_vault:amplifying_focus",
            "NBT": "{}"
          },
          {
            "AMOUNT": 4,
            "ITEM": "the_vault:vault_gold",
            "NBT": "{}"
          }
        ]
      },
      { "workbenchCraftIdentifier": "the_vault:crafted_durability_t2",
        "modifierIdentifier": "the_vault:crafted_durability",
        "modifierTier": 2,
        "unlockCategory": "LEVEL",
        "craftingCost": [
          {
            "AMOUNT": 8,
            "ITEM": "the_vault:amplifying_focus",
            "NBT": "{}"
          },
          {
            "AMOUNT": 8,
            "ITEM": "the_vault:vault_gold",
            "NBT": "{}"
          }
        ]
      },
      { "workbenchCraftIdentifier": "the_vault:crafted_durability_t3",
        "modifierIdentifier": "the_vault:crafted_durability",
        "modifierTier": 3,
        "unlockCategory": "LEVEL",
        "craftingCost": [
          {
            "AMOUNT": 12,
            "ITEM": "the_vault:amplifying_focus",
            "NBT": "{}"
          },
          {
            "AMOUNT": 12,
            "ITEM": "the_vault:vault_gold",
            "NBT": "{}"
          }
        ]
      },
      { "workbenchCraftIdentifier": "the_vault:crafted_durability_t4",
        "modifierIdentifier": "the_vault:crafted_durability",
        "modifierTier": 4,
        "unlockCategory": "VAULT_DISCOVERY",
        "craftingCost": [
          {
            "AMOUNT": 16,
            "ITEM": "the_vault:amplifying_focus",
            "NBT": "{}"
          },
          {
            "AMOUNT": 16,
            "ITEM": "the_vault:vault_gold",
            "NBT": "{}"
          }
        ]
      },

      { "workbenchCraftIdentifier": "the_vault:crafted_healing_cloud_t0",
        "modifierIdentifier": "the_vault:crafted_healing_cloud",
        "modifierTier": 0,
        "unlockCategory": "LEVEL",
        "craftingCost": [
          {
            "AMOUNT": 8,
            "ITEM": "the_vault:amplifying_focus",
            "NBT": "{}"
          },
          {
            "AMOUNT": 8,
            "ITEM": "the_vault:vault_gold",
            "NBT": "{}"
          }
        ]
      },
      { "workbenchCraftIdentifier": "the_vault:crafted_healing_cloud_t1",
        "modifierIdentifier": "the_vault:crafted_healing_cloud",
        "modifierTier": 1,
        "unlockCategory": "VAULT_DISCOVERY",
        "craftingCost": [
          {
            "AMOUNT": 24,
            "ITEM": "the_vault:amplifying_focus",
            "NBT": "{}"
          },
          {
            "AMOUNT": 24,
            "ITEM": "the_vault:vault_gold",
            "NBT": "{}"
          }
        ]
      },
      { "workbenchCraftIdentifier": "the_vault:crafted_healing_cloud_t2",
        "modifierIdentifier": "the_vault:crafted_healing_cloud",
        "modifierTier": 2,
        "unlockCategory": "VAULT_DISCOVERY",
        "craftingCost": [
          {
            "AMOUNT": 48,
            "ITEM": "the_vault:amplifying_focus",
            "NBT": "{}"
          },
          {
            "AMOUNT": 48,
            "ITEM": "the_vault:vault_gold",
            "NBT": "{}"
          }
        ]
      },
      { "workbenchCraftIdentifier": "the_vault:crafted_poison_cloud_t0",
        "modifierIdentifier": "the_vault:crafted_poison_cloud",
        "modifierTier": 0,
        "unlockCategory": "LEVEL",
        "craftingCost": [
          {
            "AMOUNT": 8,
            "ITEM": "the_vault:amplifying_focus",
            "NBT": "{}"
          },
          {
            "AMOUNT": 8,
            "ITEM": "the_vault:vault_gold",
            "NBT": "{}"
          }
        ]
      },
      { "workbenchCraftIdentifier": "the_vault:crafted_poison_cloud_t1",
        "modifierIdentifier": "the_vault:crafted_poison_cloud",
        "modifierTier": 1,
        "unlockCategory": "VAULT_DISCOVERY",
        "craftingCost": [
          {
            "AMOUNT": 24,
            "ITEM": "the_vault:amplifying_focus",
            "NBT": "{}"
          },
          {
            "AMOUNT": 24,
            "ITEM": "the_vault:vault_gold",
            "NBT": "{}"
          }
        ]
      },
      { "workbenchCraftIdentifier": "the_vault:crafted_poison_cloud_t2",
        "modifierIdentifier": "the_vault:crafted_poison_cloud",
        "modifierTier": 2,
        "unlockCategory": "VAULT_DISCOVERY",
        "craftingCost": [
          {
            "AMOUNT": 32,
            "ITEM": "the_vault:amplifying_focus",
            "NBT": "{}"
          },
          {
            "AMOUNT": 32,
            "ITEM": "the_vault:vault_gold",
            "NBT": "{}"
          }
        ]
      },

      { "workbenchCraftIdentifier": "the_vault:crafted_slowness_cloud_t0",
        "modifierIdentifier": "the_vault:crafted_slowness_cloud",
        "modifierTier": 0,
        "unlockCategory": "LEVEL",
        "craftingCost": [
          {
            "AMOUNT": 8,
            "ITEM": "the_vault:amplifying_focus",
            "NBT": "{}"
          },
          {
            "AMOUNT": 8,
            "ITEM": "the_vault:vault_gold",
            "NBT": "{}"
          }
        ]
      },
      { "workbenchCraftIdentifier": "the_vault:crafted_slowness_cloud_t1",
        "modifierIdentifier": "the_vault:crafted_slowness_cloud",
        "modifierTier": 1,
        "unlockCategory": "VAULT_DISCOVERY",
        "craftingCost": [
          {
            "AMOUNT": 24,
            "ITEM": "the_vault:amplifying_focus",
            "NBT": "{}"
          },
          {
            "AMOUNT": 24,
            "ITEM": "the_vault:vault_gold",
            "NBT": "{}"
          }
        ]
      },
      { "workbenchCraftIdentifier": "the_vault:crafted_slowness_cloud_t2",
        "modifierIdentifier": "the_vault:crafted_slowness_cloud",
        "modifierTier": 2,
        "unlockCategory": "VAULT_DISCOVERY",
        "craftingCost": [
          {
            "AMOUNT": 48,
            "ITEM": "the_vault:amplifying_focus",
            "NBT": "{}"
          },
          {
            "AMOUNT": 48,
            "ITEM": "the_vault:vault_gold",
            "NBT": "{}"
          }
        ]
      },
      { "workbenchCraftIdentifier": "the_vault:crafted_fear_cloud_t0",
        "modifierIdentifier": "the_vault:crafted_fear_cloud",
        "modifierTier": 0,
        "unlockCategory": "LEVEL",
        "craftingCost": [
          {
            "AMOUNT": 8,
            "ITEM": "the_vault:amplifying_focus",
            "NBT": "{}"
          },
          {
            "AMOUNT": 8,
            "ITEM": "the_vault:vault_gold",
            "NBT": "{}"
          }
        ]
      },
      { "workbenchCraftIdentifier": "the_vault:crafted_fear_cloud_t1",
        "modifierIdentifier": "the_vault:crafted_fear_cloud",
        "modifierTier": 1,
        "unlockCategory": "VAULT_DISCOVERY",
        "craftingCost": [
          {
            "AMOUNT": 24,
            "ITEM": "the_vault:amplifying_focus",
            "NBT": "{}"
          },
          {
            "AMOUNT": 24,
            "ITEM": "the_vault:vault_gold",
            "NBT": "{}"
          }
        ]
      },
      { "workbenchCraftIdentifier": "the_vault:crafted_fear_cloud_t2",
        "modifierIdentifier": "the_vault:crafted_fear_cloud",
        "modifierTier": 2,
        "unlockCategory": "VAULT_DISCOVERY",
        "craftingCost": [
          {
            "AMOUNT": 48,
            "ITEM": "the_vault:amplifying_focus",
            "NBT": "{}"
          },
          {
            "AMOUNT": 48,
            "ITEM": "the_vault:vault_gold",
            "NBT": "{}"
          }
        ]
      },

      { "workbenchCraftIdentifier": "the_vault:crafted_chill_cloud_t0",
        "modifierIdentifier": "the_vault:crafted_chilling_cloud",
        "modifierTier": 0,
        "unlockCategory": "LEVEL",
        "craftingCost": [
          {
            "AMOUNT": 8,
            "ITEM": "the_vault:amplifying_focus",
            "NBT": "{}"
          },
          {
            "AMOUNT": 8,
            "ITEM": "the_vault:vault_gold",
            "NBT": "{}"
          }
        ]
      },
      { "workbenchCraftIdentifier": "the_vault:crafted_chill_cloud_t1",
        "modifierIdentifier": "the_vault:crafted_chilling_cloud",
        "modifierTier": 1,
        "unlockCategory": "VAULT_DISCOVERY",
        "craftingCost": [
          {
            "AMOUNT": 24,
            "ITEM": "the_vault:amplifying_focus",
            "NBT": "{}"
          },
          {
            "AMOUNT": 24,
            "ITEM": "the_vault:vault_gold",
            "NBT": "{}"
          }
        ]
      },
      { "workbenchCraftIdentifier": "the_vault:crafted_chill_cloud_t2",
        "modifierIdentifier": "the_vault:crafted_chilling_cloud",
        "modifierTier": 2,
        "unlockCategory": "VAULT_DISCOVERY",
        "craftingCost": [
          {
            "AMOUNT": 48,
            "ITEM": "the_vault:amplifying_focus",
            "NBT": "{}"
          },
          {
            "AMOUNT": 48,
            "ITEM": "the_vault:vault_gold",
            "NBT": "{}"
          }
        ]
      },

      { "workbenchCraftIdentifier": "the_vault:crafted_attack_speed_percent_t0",
        "modifierIdentifier": "the_vault:crafted_attack_speed_percent",
        "modifierTier": 0,
        "unlockCategory": "LEVEL",
        "craftingCost": [
          {
            "AMOUNT": 4,
            "ITEM": "the_vault:amplifying_focus",
            "NBT": "{}"
          },
          {
            "AMOUNT": 4,
            "ITEM": "the_vault:vault_gold",
            "NBT": "{}"
          }
        ]
      },
      { "workbenchCraftIdentifier": "the_vault:crafted_attack_speed_percent_t1",
        "modifierIdentifier": "the_vault:crafted_attack_speed_percent",
        "modifierTier": 1,
        "unlockCategory": "LEVEL",
        "craftingCost": [
          {
            "AMOUNT": 8,
            "ITEM": "the_vault:amplifying_focus",
            "NBT": "{}"
          },
          {
            "AMOUNT": 8,
            "ITEM": "the_vault:vault_gold",
            "NBT": "{}"
          }
        ]
      },
      { "workbenchCraftIdentifier": "the_vault:crafted_attack_speed_percent_t2",
        "modifierIdentifier": "the_vault:crafted_attack_speed_percent",
        "modifierTier": 2,
        "unlockCategory": "VAULT_DISCOVERY",
        "craftingCost": [
          {
            "AMOUNT": 16,
            "ITEM": "the_vault:amplifying_focus",
            "NBT": "{}"
          },
          {
            "AMOUNT": 16,
            "ITEM": "the_vault:vault_gold",
            "NBT": "{}"
          }
        ]
      },
      { "workbenchCraftIdentifier": "the_vault:crafted_attack_speed_percent_t3",
        "modifierIdentifier": "the_vault:crafted_attack_speed_percent",
        "modifierTier": 3,
        "unlockCategory": "VAULT_DISCOVERY",
        "craftingCost": [
          {
            "AMOUNT": 32,
            "ITEM": "the_vault:amplifying_focus",
            "NBT": "{}"
          },
          {
            "AMOUNT": 32,
            "ITEM": "the_vault:vault_gold",
            "NBT": "{}"
          }
        ]
      },

      { "workbenchCraftIdentifier": "the_vault:crafted_attack_range_t0",
        "modifierIdentifier": "the_vault:crafted_attack_range",
        "modifierTier": 0,
        "unlockCategory": "LEVEL",
        "craftingCost": [
          {
            "AMOUNT": 4,
            "ITEM": "the_vault:amplifying_focus",
            "NBT": "{}"
          },
          {
            "AMOUNT": 4,
            "ITEM": "the_vault:vault_gold",
            "NBT": "{}"
          }
        ]
      },
      { "workbenchCraftIdentifier": "the_vault:crafted_attack_range_t1",
        "modifierIdentifier": "the_vault:crafted_attack_range",
        "modifierTier": 1,
        "unlockCategory": "LEVEL",
        "craftingCost": [
          {
            "AMOUNT": 8,
            "ITEM": "the_vault:amplifying_focus",
            "NBT": "{}"
          },
          {
            "AMOUNT": 8,
            "ITEM": "the_vault:vault_gold",
            "NBT": "{}"
          }
        ]
      },
      { "workbenchCraftIdentifier": "the_vault:crafted_attack_range_t2",
        "modifierIdentifier": "the_vault:crafted_attack_range",
        "modifierTier": 2,
        "unlockCategory": "VAULT_DISCOVERY",
        "craftingCost": [
          {
            "AMOUNT": 16,
            "ITEM": "the_vault:amplifying_focus",
            "NBT": "{}"
          },
          {
            "AMOUNT": 16,
            "ITEM": "the_vault:vault_gold",
            "NBT": "{}"
          }
        ]
      },
      { "workbenchCraftIdentifier": "the_vault:crafted_attack_range_t3",
        "modifierIdentifier": "the_vault:crafted_attack_range",
        "modifierTier": 3,
        "unlockCategory": "VAULT_DISCOVERY",
        "craftingCost": [
          {
            "AMOUNT": 32,
            "ITEM": "the_vault:amplifying_focus",
            "NBT": "{}"
          },
          {
            "AMOUNT": 32,
            "ITEM": "the_vault:vault_gold",
            "NBT": "{}"
          }
        ]
      },

      { "workbenchCraftIdentifier": "the_vault:crafted_on_hit_stun_t0",
        "modifierIdentifier": "the_vault:crafted_on_hit_stun",
        "modifierTier": 0,
        "unlockCategory": "LEVEL",
        "craftingCost": [
          {
            "AMOUNT": 4,
            "ITEM": "the_vault:amplifying_focus",
            "NBT": "{}"
          },
          {
            "AMOUNT": 4,
            "ITEM": "the_vault:vault_gold",
            "NBT": "{}"
          }
        ]
      },
      { "workbenchCraftIdentifier": "the_vault:crafted_on_hit_stun_t1",
        "modifierIdentifier": "the_vault:crafted_on_hit_stun",
        "modifierTier": 1,
        "unlockCategory": "LEVEL",
        "craftingCost": [
          {
            "AMOUNT": 8,
            "ITEM": "the_vault:amplifying_focus",
            "NBT": "{}"
          },
          {
            "AMOUNT": 8,
            "ITEM": "the_vault:vault_gold",
            "NBT": "{}"
          }
        ]
      },
      { "workbenchCraftIdentifier": "the_vault:crafted_on_hit_stun_t2",
        "modifierIdentifier": "the_vault:crafted_on_hit_stun",
        "modifierTier": 2,
        "unlockCategory": "VAULT_DISCOVERY",
        "craftingCost": [
          {
            "AMOUNT": 16,
            "ITEM": "the_vault:amplifying_focus",
            "NBT": "{}"
          },
          {
            "AMOUNT": 16,
            "ITEM": "the_vault:vault_gold",
            "NBT": "{}"
          }
        ]
      },
      { "workbenchCraftIdentifier": "the_vault:crafted_on_hit_stun_t3",
        "modifierIdentifier": "the_vault:crafted_on_hit_stun",
        "modifierTier": 3,
        "unlockCategory": "VAULT_DISCOVERY",
        "craftingCost": [
          {
            "AMOUNT": 24,
            "ITEM": "the_vault:amplifying_focus",
            "NBT": "{}"
          },
          {
            "AMOUNT": 24,
            "ITEM": "the_vault:vault_gold",
            "NBT": "{}"
          }
        ]
      },
      { "workbenchCraftIdentifier": "the_vault:crafted_on_hit_stun_t4",
        "modifierIdentifier": "the_vault:crafted_on_hit_stun",
        "modifierTier": 4,
        "unlockCategory": "VAULT_DISCOVERY",
        "craftingCost": [
          {
            "AMOUNT": 32,
            "ITEM": "the_vault:amplifying_focus",
            "NBT": "{}"
          },
          {
            "AMOUNT": 32,
            "ITEM": "the_vault:vault_gold",
            "NBT": "{}"
          }
        ]
      },

      { "workbenchCraftIdentifier": "the_vault:crafted_on_hit_shock_t0",
        "modifierIdentifier": "the_vault:crafted_on_hit_shock",
        "modifierTier": 0,
        "unlockCategory": "LEVEL",
        "craftingCost": [
          {
            "AMOUNT": 4,
            "ITEM": "the_vault:amplifying_focus",
            "NBT": "{}"
          },
          {
            "AMOUNT": 4,
            "ITEM": "the_vault:vault_gold",
            "NBT": "{}"
          }
        ]
      },
      { "workbenchCraftIdentifier": "the_vault:crafted_on_hit_shock_t1",
        "modifierIdentifier": "the_vault:crafted_on_hit_shock",
        "modifierTier": 1,
        "unlockCategory": "LEVEL",
        "craftingCost": [
          {
            "AMOUNT": 8,
            "ITEM": "the_vault:amplifying_focus",
            "NBT": "{}"
          },
          {
            "AMOUNT": 8,
            "ITEM": "the_vault:vault_gold",
            "NBT": "{}"
          }
        ]
      },
      { "workbenchCraftIdentifier": "the_vault:crafted_on_hit_shock_t2",
        "modifierIdentifier": "the_vault:crafted_on_hit_shock",
        "modifierTier": 2,
        "unlockCategory": "VAULT_DISCOVERY",
        "craftingCost": [
          {
            "AMOUNT": 16,
            "ITEM": "the_vault:amplifying_focus",
            "NBT": "{}"
          },
          {
            "AMOUNT": 16,
            "ITEM": "the_vault:vault_gold",
            "NBT": "{}"
          }
        ]
      },
      { "workbenchCraftIdentifier": "the_vault:crafted_on_hit_shock_t3",
        "modifierIdentifier": "the_vault:crafted_on_hit_shock",
        "modifierTier": 3,
        "unlockCategory": "VAULT_DISCOVERY",
        "craftingCost": [
          {
            "AMOUNT": 24,
            "ITEM": "the_vault:amplifying_focus",
            "NBT": "{}"
          },
          {
            "AMOUNT": 24,
            "ITEM": "the_vault:vault_gold",
            "NBT": "{}"
          }
        ]
      },
      { "workbenchCraftIdentifier": "the_vault:crafted_on_hit_shock_t4",
        "modifierIdentifier": "the_vault:crafted_on_hit_shock",
        "modifierTier": 4,
        "unlockCategory": "VAULT_DISCOVERY",
        "craftingCost": [
          {
            "AMOUNT": 32,
            "ITEM": "the_vault:amplifying_focus",
            "NBT": "{}"
          },
          {
            "AMOUNT": 32,
            "ITEM": "the_vault:vault_gold",
            "NBT": "{}"
          }
        ]
      }
    ]
  }
}