{
  "ores": {
    "the_vault:ore_alexandrite": [
      "the_vault:ore_alexandrite",
      "the_vault:vaultstone_ore_alexandrite"
    ],
    "the_vault:ore_larimar": [
      "the_vault:ore_larimar",
      "the_vault:vaultstone_ore_larimar"
    ],
    "the_vault:ore_benitoite": [
      "the_vault:ore_benitoite",
      "the_vault:vaultstone_ore_benitoite"
    ],
    "the_vault:ore_sparkletine": [
      "the_vault:ore_sparkletine",
      "the_vault:vaultstone_ore_sparkletine"
    ],
    "the_vault:ore_iskallium": [
      "the_vault:ore_iskallium",
      "the_vault:vaultstone_ore_iskallium"
    ],
    "the_vault:ore_upaline": [
      "the_vault:ore_upaline",
      "the_vault:vaultstone_ore_upaline"
    ],
    "the_vault:ore_ashium": [
      "the_vault:ore_ashium",
      "the_vault:vaultstone_ore_ashium"
    ],
    "the_vault:ore_gorginite": [
      "the_vault:ore_gorginite",
      "the_vault:vaultstone_ore_gorginite"
    ],
    "the_vault:ore_painite": [
      "the_vault:ore_painite",
      "the_vault:vaultstone_ore_painite"
    ],
    "the_vault:ore_petzanite": [
      "the_vault:ore_petzanite",
      "the_vault:vaultstone_ore_petzanite"
    ],
    "the_vault:ore_echo": [
      "the_vault:ore_echo",
      "the_vault:vaultstone_ore_echo"
    ],
    "the_vault:ore_tubium": [
      "the_vault:ore_tubium",
      "the_vault:vaultstone_ore_tubium"
    ],
    "the_vault:ore_bomignite": [
      "the_vault:ore_bomignite",
      "the_vault:vaultstone_ore_bomignite"
    ],
    "the_vault:ore_xenium": [
      "the_vault:ore_xenium",
      "the_vault:vaultstone_ore_xenium"
    ]
  }
}