{
  "values": {
    "the_vault:default": {
      "name": {
        "text": "Stat Booster Pack"
      },
      "model": {
        "unopened": "the_vault:booster_pack/stat_pack#inventory",
        "opened": "the_vault:booster_pack/stat_pack_ripped#inventory"
      },
      "roll": [
        {
          "value": 3,
          "weight": 1.0
        }
      ],
      "tier": [
        {
          "value": 1,
          "weight": 1.0
        }
      ],
      "color": [
        {
          "value": "GREEN",
          "weight": 1.0
        },
        {
          "value": "BLUE",
          "weight": 1.0
        },
        {
          "value": "YELLOW",
          "weight": 1.0
        },
        {
          "value": "RED",
          "weight": 1.0
        }
      ],
      "card": [
        {
          "value": [
            {
              "modifier": "@default",
              "probability": 1.0
            }
          ],
          "weight": 9
        },
        {
          "value": [
            {
              "modifier": "@default",
              "groups": [ "Foil" ],
              "scaler": "",
              "condition": "",
              "probability": 1.0
            }
          ],
          "weight": 1000
        }
      ]
    },
    "the_vault:arcane_pack": {
      "name": {
        "text": "Arcane Booster Pack"
      },
      "model": {
        "unopened": "the_vault:booster_pack/arcane_pack#inventory",
        "opened": "the_vault:booster_pack/arcane_pack_ripped#inventory"
      },
      "roll": [
        {
          "value": 3,
          "weight": 1.0
        }
      ],
      "tier": [
        {
          "value": 1,
          "weight": 1.0
        }
      ],
      "color": [
        {
          "value": "GREEN",
          "weight": 1.0
        },
        {
          "value": "BLUE",
          "weight": 1.0
        },
        {
          "value": "YELLOW",
          "weight": 1.0
        },
        {
          "value": "RED",
          "weight": 1.0
        }
      ],
      "card": [
        {
          "value": [
            {
              "modifier": "@arcane",
              "probability": 1.0,
              "condition": "@default"
            }
          ],
          "weight": 9
        }
      ]
    },
    "the_vault:mega_arcane_pack": {
      "name": {
        "text": "Mega Arcane Booster Pack"
      },
      "model": {
        "unopened": "the_vault:booster_pack/mega_arcane_pack#inventory",
        "opened": "the_vault:booster_pack/mega_arcane_pack_ripped#inventory"
      },
      "roll": [
        {
          "value": 5,
          "weight": 1.0
        }
      ],
      "tier": [
        {
          "value": 1,
          "weight": 1.0
        }
      ],
      "color": [
        {
          "value": "GREEN",
          "weight": 1.0
        },
        {
          "value": "BLUE",
          "weight": 1.0
        },
        {
          "value": "YELLOW",
          "weight": 1.0
        },
        {
          "value": "RED",
          "weight": 1.0
        }
      ],
      "card": [
        {
          "value": [
            {
              "modifier": "@arcane",
              "probability": 1.0,
              "condition": "@default"
            }
          ],
          "weight": 9
        }
      ]
    },
    "the_vault:shiny_pack": {
      "name": {
        "text": "Shiny Stat Booster Pack"
      },
      "model": {
        "unopened": "the_vault:booster_pack/shiny_pack#inventory",
        "opened": "the_vault:booster_pack/shiny_pack_ripped#inventory"
      },
      "roll": [
        {
          "value": 3,
          "weight": 1.0
        }
      ],
      "tier": [
        {
          "value": 1,
          "weight": 1.0
        }
      ],
      "color": [
        {
          "value": "GREEN",
          "weight": 1.0
        },
        {
          "value": "BLUE",
          "weight": 1.0
        },
        {
          "value": "YELLOW",
          "weight": 1.0
        },
        {
          "value": "RED",
          "weight": 1.0
        }
      ],
      "card": [
        {
          "value": [
            {
              "modifier": "@default",
              "groups": [ "Foil" ],
              "scaler": "@default",
              "condition": "",
              "probability": 1.0
            }
          ],
          "weight": 1
        }
      ]
    },
    "the_vault:stat_pack": {
      "name": {
        "text": "Stat Booster Pack"
      },
      "model": {
        "unopened": "the_vault:booster_pack/stat_pack#inventory",
        "opened": "the_vault:booster_pack/stat_pack_ripped#inventory"
      },
      "roll": [
        {
          "value": 3,
          "weight": 1.0
        }
      ],
      "tier": [
        {
          "value": 1,
          "weight": 1.0
        }
      ],
      "color": [
        {
          "value": "GREEN",
          "weight": 1.0
        },
        {
          "value": "BLUE",
          "weight": 1.0
        },
        {
          "value": "YELLOW",
          "weight": 1.0
        },
        {
          "value": "RED",
          "weight": 1.0
        }
      ],
      "card": [
        {
          "value": [
            {
              "modifier": "@default",
              "probability": 1.0
            }
          ],
          "weight": 9
        },
        {
          "value": [
            {
              "modifier": "@default",
              "groups": [ "Foil" ],
              "condition": "",
              "probability": 1.0
            }
          ],
          "weight": 1
        }
      ]
    },
    "the_vault:mega_stat_pack": {
      "name": {
        "text": "Mega Stat Booster Pack"
      },
      "model": {
        "unopened": "the_vault:booster_pack/mega_stat_pack#inventory",
        "opened": "the_vault:booster_pack/mega_stat_pack_ripped#inventory"
      },
      "roll": [
        {
          "value": 5,
          "weight": 1.0
        }
      ],
      "tier": [
        {
          "value": 1,
          "weight": 1.0
        }
      ],
      "color": [
        {
          "value": "GREEN",
          "weight": 1.0
        },
        {
          "value": "BLUE",
          "weight": 1.0
        },
        {
          "value": "YELLOW",
          "weight": 1.0
        },
        {
          "value": "RED",
          "weight": 1.0
        }
      ],
      "card": [
        {
          "value": [
            {
              "modifier": "@default",
              "probability": 1.0
            }
          ],
          "weight": 9
        },
        {
          "value": [
            {
              "modifier": "@default",
              "groups": [ "Foil" ],
              "condition": "",
              "probability": 1.0
            }
          ],
          "weight": 1
        }
      ]
    },
    "the_vault:resource_pack": {
      "name": {
        "text": "Resource Booster Pack"
      },
      "model": {
        "unopened": "the_vault:booster_pack/resource_pack#inventory",
        "opened": "the_vault:booster_pack/resource_pack_ripped#inventory"
      },
      "roll": [
        {
          "value": 3,
          "weight": 1.0
        }
      ],
      "tier": [
        {
          "value": 1,
          "weight": 1.0
        }
      ],
      "color": [
        {
          "value": "GREEN",
          "weight": 1.0
        },
        {
          "value": "BLUE",
          "weight": 1.0
        },
        {
          "value": "YELLOW",
          "weight": 1.0
        },
        {
          "value": "RED",
          "weight": 1.0
        }
      ],
      "card": [
        {
          "value": [
            {
              "modifier": "@resource",
              "probability": 1.0
            }
          ],
          "weight": 9
        },
        {
          "value": [
            {
              "modifier": "@resource",
              "groups": [ "Foil" ],
              "condition": "",
              "probability": 1.0
            }
          ],
          "weight": 1
        }
      ]
    },
    
    "the_vault:temporal_pack": {
      "name": {
        "text": "Temporal Booster Pack"
      },
      "model": {
        "unopened": "the_vault:booster_pack/temporal_pack#inventory",
        "opened": "the_vault:booster_pack/temporal_pack_ripped#inventory"
      },
      "roll": [
        {
          "value": 2,
          "weight": 1.0
        }
      ],
      "tier": [
        {
          "value": 1,
          "weight": 1.0
        }
      ],
      "color": [
        {
          "value": "GREEN",
          "weight": 1.0
        },
        {
          "value": "BLUE",
          "weight": 1.0
        },
        {
          "value": "YELLOW",
          "weight": 1.0
        },
        {
          "value": "RED",
          "weight": 1.0
        }
      ],
      "card": [
        {
          "value": [
            {
              "modifier": "@temporal",
              "scaler": "@temporal",
              "condition": "@temporal",
              "probability": 1.0
            }
          ],
          "weight": 9
        },
        {
          "value": [
            {
              "modifier": "@temporal",
              "groups": [ "Foil" ],
              "scaler": "@temporal",
              "condition": "temporal",
              "probability": 1.0
            }
          ],
          "weight": 1
        }
      ]
    },
    "the_vault:mix_pack": {
      "name": {
        "text": "Mixed Booster Pack"
      },
      "model": {
        "unopened": "the_vault:booster_pack/mix_pack#inventory",
        "opened": "the_vault:booster_pack/mix_pack_ripped#inventory"
      },
      "roll": [
        {
          "value": 3,
          "weight": 1.0
        }
      ],
      "tier": [
        {
          "value": 1,
          "weight": 1.0
        }
      ],
      "color": [
        {
          "value": "GREEN",
          "weight": 1.0
        },
        {
          "value": "BLUE",
          "weight": 1.0
        },
        {
          "value": "YELLOW",
          "weight": 1.0
        },
        {
          "value": "RED",
          "weight": 1.0
        }
      ],
      "card": [
        {
          "value": [
            {
              "modifier": "@default",
              "probability": 1.0
            }
          ],
          "weight": 70
        },
        {
          "value": [
            {
              "modifier": "@scaling",
              "probability": 1.0,
              "scaler": "@default"
            }
          ],
          "weight": 20
        },
        {
          "value": [
            {
              "modifier": "@resource",
              "probability": 1.0
            }
          ],
          "weight": 7
        },
        {
          "value": [
            {
              "modifier": "@default",
              "groups": [ "Foil" ],
              "probability": 1.0
            }
          ],
          "weight": 6
        },
        {
          "value": [
            {
              "modifier": "@scaling",
              "groups": [ "Foil" ],
              "scaler": "@default",
              "probability": 1.0
            }
          ],
          "weight": 4
        },
        {
          "value": [
            {
              "modifier": "@resource",
              "groups": [ "Foil" ],
              "probability": 1.0
            }
          ],
          "weight": 4
        }
      ]
    },
    "the_vault:mega_mix_pack": {
      "name": {
        "text": "Mega Mixed Booster Pack"
      },
      "model": {
        "unopened": "the_vault:booster_pack/mega_mix_pack#inventory",
        "opened": "the_vault:booster_pack/mega_mix_pack_ripped#inventory"
      },
      "roll": [
        {
          "value": 5,
          "weight": 1.0
        }
      ],
      "tier": [
        {
          "value": 1,
          "weight": 1.0
        }
      ],
      "color": [
        {
          "value": "GREEN",
          "weight": 1.0
        },
        {
          "value": "BLUE",
          "weight": 1.0
        },
        {
          "value": "YELLOW",
          "weight": 1.0
        },
        {
          "value": "RED",
          "weight": 1.0
        }
      ],
      "card": [
        {
          "value": [
            {
              "modifier": "@default",
              "probability": 1.0
            }
          ],
          "weight": 70
        },
        {
          "value": [
            {
              "modifier": "@scaling",
              "probability": 1.0,
              "scaler": "@default"
            }
          ],
          "weight": 20
        },
        {
          "value": [
            {
              "modifier": "@resource",
              "probability": 1.0
            }
          ],
          "weight": 7
        },
        {
          "value": [
            {
              "modifier": "@default",
              "groups": [ "Foil" ],
              "probability": 1.0
            }
          ],
          "weight": 6
        },
        {
          "value": [
            {
              "modifier": "@scaling",
              "groups": [ "Foil" ],
              "scaler": "@default",
              "probability": 1.0
            }
          ],
          "weight": 4
        },
        {
          "value": [
            {
              "modifier": "@resource",
              "groups": [ "Foil" ],
              "probability": 1.0
            }
          ],
          "weight": 4
        }
      ]
    },
    "the_vault:wild_pack": {
      "name": {
        "text": "Wild Booster Pack"
      },
      "model": {
        "unopened": "the_vault:booster_pack/wild_pack#inventory",
        "opened": "the_vault:booster_pack/wild_pack_ripped#inventory"
      },
      "roll": [
        {
          "value": 3,
          "weight": 1.0
        }
      ],
      "tier": [
        {
          "value": 1,
          "weight": 1.0
        }
      ],
      "card": [
        {
          "value": [
            {
              "modifier": "@wild",
              "probability": 1.0
            }
          ],
          "weight": 9
        },
        {
          "value": [
            {
              "modifier": "@wild",
              "groups": [ "Foil" ],
              "probability": 1.0
            }
          ],
          "weight": 1
        }
      ]
    },
    "the_vault:evolution_pack": {
      "name": {
        "text": "Evolution Booster Pack"
      },
      "model": {
        "unopened": "the_vault:booster_pack/evolution_pack#inventory",
        "opened": "the_vault:booster_pack/evolution_pack_ripped#inventory"
      },
      "roll": [
        {
          "value": 3,
          "weight": 1.0
        }
      ],
      "tier": [
        {
          "value": 1,
          "weight": 1.0
        }
      ],
      "color": [
        {
          "value": "GREEN",
          "weight": 1.0
        },
        {
          "value": "BLUE",
          "weight": 1.0
        },
        {
          "value": "YELLOW",
          "weight": 1.0
        },
        {
          "value": "RED",
          "weight": 1.0
        }
      ],
      "card": [
        {
          "value": [
            {
              "modifier": "@scaling",
              "probability": 1.0,
              "scaler": "@default"
            }
          ],
          "weight": 9
        },
        {
          "value": [
            {
              "modifier": "@scaling",
              "probability": 1.0,
              "scaler": "@default"
            }
          ],
          "weight": 1
        }
      ]
    },
    "the_vault:mega_evolution_pack": {
      "name": {
        "text": "Mega Evolution Booster Pack"
      },
      "model": {
        "unopened": "the_vault:booster_pack/mega_evolution_pack#inventory",
        "opened": "the_vault:booster_pack/mega_evolution_pack_ripped#inventory"
      },
      "roll": [
        {
          "value": 5,
          "weight": 1.0
        }
      ],
      "tier": [
        {
          "value": 1,
          "weight": 1.0
        }
      ],
      "color": [
        {
          "value": "GREEN",
          "weight": 1.0
        },
        {
          "value": "BLUE",
          "weight": 1.0
        },
        {
          "value": "YELLOW",
          "weight": 1.0
        },
        {
          "value": "RED",
          "weight": 1.0
        }
      ],
      "card": [
        {
          "value": [
            {
              "modifier": "@scaling",
              "probability": 1.0,
              "scaler": "@default"
            }
          ],
          "weight": 9
        },
        {
          "value": [
            {
              "modifier": "@scaling",
              "probability": 1.0,
              "scaler": "@default"
            }
          ],
          "weight": 1
        }
      ]
    }
  }
}