{
  "groupDescriptions": {
    "the_vault:horde": {
      "description": [
        {
          "text": "Horde ",
          "color": "$name"
        },
        {
          "text": "consists of mobs that will spawn commonly in large quantities, they have lower stats overall.",
          "color": "$text"
        }
      ]
    },
    "the_vault:assassin": {
      "description": [
        {
          "text": "Assassin ",
          "color": "$name"
        },
        {
          "text": "mobs are high damaging less common mobs that are a threat to be taken seriously. They will have higher damage stats than Horde mobs.",
          "color": "$text"
        }
      ]
    },
    "the_vault:tank": {
      "description": [
        {
          "text": "Tanks ",
          "color": "$name"
        },
        {
          "text": "are high HP sponges that will test your single target strength, they will however spawn in much smaller quantities so you can focus them.",
          "color": "$text"
        }
      ]
    },
    "the_vault:dungeon": {
      "description": [
        {
          "text": "Dungeon ",
          "color": "$name"
        },
        {
          "text": "mobs are much stronger than their regular variants and scale with the dungeons difficulty.",
          "color": "$text"
        }
      ]
    },
    "the_vault:fighter": {
      "description": [
        {
          "text": "Vault Dwellers ",
          "color": "$name"
        },
        {
          "text": "are the denizens of the vault and will provide environmental threats to the player in difficulties greater than Hard.",
          "color": "$text"
        }
      ]
    }
  },
  "entities": [
    {
      "entityId": "the_vault:miner_zombie_t0",
      "descriptionData": {
        "description": [
          {
            "text": "",
            "color": "$text"
          }
        ]
      },
      "themes": [
        "Cave",
        "Wasteland Caves",
        "Deepslate Caves",
        "Geode Caves"
      ],
      "minLevel": 0,
      "drops": [
      ]
    },
    {
      "entityId": "the_vault:miner_zombie_t1",
      "descriptionData": {
        "description": [
          {
            "text": "",
            "color": "$text"
          }
        ]
      },
      "themes": [
        "Cave",
        "Wasteland Caves",
        "Deepslate Caves",
        "Geode Caves"
      ],
      "minLevel": 20,
      "drops": [
      ]
    },
    {
      "entityId": "the_vault:miner_zombie_t2",
      "descriptionData": {
        "description": [
          {
            "text": "",
            "color": "$text"
          }
        ]
      },
      "themes": [
        "Cave",
        "Wasteland Caves",
        "Deepslate Caves",
        "Geode Caves"
      ],
      "minLevel": 50,
      "drops": [
      ]
    },
    {
      "entityId": "the_vault:miner_zombie_t3",
      "descriptionData": {
        "description": [
          {
            "text": "",
            "color": "$text"
          }
        ]
      },
      "themes": [
        "Cave",
        "Wasteland Caves",
        "Deepslate Caves",
        "Geode Caves"
      ],
      "minLevel": 65,
      "drops": [
      ]
    },
    {
      "entityId": "the_vault:miner_zombie_t4",
      "descriptionData": {
        "description": [
          {
            "text": "",
            "color": "$text"
          }
        ]
      },
      "themes": [
        "Cave",
        "Wasteland Caves",
        "Deepslate Caves",
        "Geode Caves"
      ],
      "minLevel": 80,
      "drops": [
      ]
    },
    {
      "entityId": "the_vault:miner_zombie_t5",
      "descriptionData": {
        "description": [
          {
            "text": "",
            "color": "$text"
          }
        ]
      },
      "themes": [
        "Cave",
        "Wasteland Caves",
        "Deepslate Caves",
        "Geode Caves"
      ],
      "minLevel": 90,
      "drops": [
      ]
    },
    {
      "entityId": "minecraft:skeleton",
      "descriptionData": {
        "description": [
          {
            "text": "",
            "color": "$text"
          }
        ]
      },
      "themes": [
        "Cave",
        "Wasteland Caves",
        "Deepslate Caves",
        "Geode Caves",
        "Desert",
        "Sandy Cave",
        "Mesa",
        "Deep Mesa"
      ],
      "minLevel": 0,
      "drops": [
      ]
    },
    {
      "entityId": "the_vault:t1_skeleton",
      "descriptionData": {
        "description": [
          {
            "text": "",
            "color": "$text"
          }
        ]
      },
      "themes": [
        "Cave",
        "Wasteland Caves",
        "Deepslate Caves",
        "Geode Caves",
        "Desert",
        "Sandy Cave",
        "Mesa",
        "Deep Mesa"
      ],
      "minLevel": 30,
      "drops": [
      ]
    },
    {
      "entityId": "the_vault:t2_skeleton",
      "descriptionData": {
        "description": [
          {
            "text": "",
            "color": "$text"
          }
        ]
      },
      "themes": [
        "Cave",
        "Wasteland Caves",
        "Deepslate Caves",
        "Geode Caves",
        "Desert",
        "Sandy Cave",
        "Mesa",
        "Deep Mesa"
      ],
      "minLevel": 50,
      "drops": [
      ]
    },
    {
      "entityId": "the_vault:t3_skeleton",
      "descriptionData": {
        "description": [
          {
            "text": "",
            "color": "$text"
          }
        ]
      },
      "themes": [
        "Cave",
        "Wasteland Caves",
        "Deepslate Caves",
        "Geode Caves",
        "Desert",
        "Sandy Cave",
        "Mesa",
        "Deep Mesa"
      ],
      "minLevel": 65,
      "drops": [
      ]
    },
    {
      "entityId": "rottencreatures:undead_miner",
      "descriptionData": {
        "description": [
          {
            "text": "",
            "color": "$text"
          }
        ]
      },
      "themes": [
        "Cave",
        "Wasteland Caves",
        "Deepslate Caves",
        "Geode Caves"
      ],
      "minLevel": 0,
      "drops": [
      ]
    },
    {
      "entityId": "the_vault:vault_wraith_white",
      "descriptionData": {
        "description": [
          {
            "text": "",
            "color": "$text"
          }
        ]
      },
      "themes": [
        "Cave",
        "Wasteland Caves",
        "Deepslate Caves",
        "Geode Caves"
      ],
      "minLevel": 0,
      "drops": [
      ]
    },
    {
      "entityId": "alexsmobs:rocky_roller",
      "descriptionData": {
        "description": [
          {
            "text": "",
            "color": "$text"
          }
        ]
      },
      "themes": [
        "Cave",
        "Wasteland Caves",
        "Deepslate Caves",
        "Geode Caves"
      ],
      "minLevel": 65,
      "drops": [
      ]
    },
    {
      "entityId": "minecraft:husk",
      "descriptionData": {
        "description": [
          {
            "text": "",
            "color": "$text"
          }
        ]
      },
      "themes": [
        "Desert",
        "Sandy Cave",
        "Mesa",
        "Deep Mesa"
      ],
      "minLevel": 0,
      "drops": [
      ]
    },
    {
      "entityId": "the_vault:t1_husk",
      "descriptionData": {
        "description": [
          {
            "text": "",
            "color": "$text"
          }
        ]
      },
      "themes": [
        "Desert",
        "Sandy Cave",
        "Mesa",
        "Deep Mesa"
      ],
      "minLevel": 20,
      "drops": [
      ]
    },
    {
      "entityId": "the_vault:t2_husk",
      "descriptionData": {
        "description": [
          {
            "text": "",
            "color": "$text"
          }
        ]
      },
      "themes": [
        "Desert",
        "Sandy Cave",
        "Mesa",
        "Deep Mesa"
      ],
      "minLevel": 50,
      "drops": [
      ]
    },
    {
      "entityId": "the_vault:t3_husk",
      "descriptionData": {
        "description": [
          {
            "text": "",
            "color": "$text"
          }
        ]
      },
      "themes": [
        "Desert",
        "Sandy Cave",
        "Mesa",
        "Deep Mesa"
      ],
      "minLevel": 20,
      "drops": [
      ]
    },
    {
      "entityId": "minecraft:creeper",
      "descriptionData": {
        "description": [
          {
            "text": "",
            "color": "$text"
          }
        ]
      },
      "themes": [
        "Desert",
        "Sandy Cave",
        "Mesa",
        "Deep Mesa"
      ],
      "minLevel": 0,
      "drops": [
      ]
    },
    {
      "entityId": "the_vault:t1_creeper",
      "descriptionData": {
        "description": [
          {
            "text": "",
            "color": "$text"
          }
        ]
      },
      "themes": [
        "Desert",
        "Sandy Cave",
        "Mesa",
        "Deep Mesa"
      ],
      "minLevel": 20,
      "drops": [
      ]
    },
    {
      "entityId": "the_vault:t2_creeper",
      "descriptionData": {
        "description": [
          {
            "text": "",
            "color": "$text"
          }
        ]
      },
      "themes": [
        "Desert",
        "Sandy Cave",
        "Mesa",
        "Deep Mesa"
      ],
      "minLevel": 50,
      "drops": [
      ]
    },
    {
      "entityId": "the_vault:t3_creeper",
      "descriptionData": {
        "description": [
          {
            "text": "",
            "color": "$text"
          }
        ]
      },
      "themes": [
        "Desert",
        "Sandy Cave",
        "Mesa",
        "Deep Mesa"
      ],
      "minLevel": 65,
      "drops": [
      ]
    },
    {
      "entityId": "rottencreatures:mummy",
      "descriptionData": {
        "description": [
          {
            "text": "",
            "color": "$text"
          }
        ]
      },
      "themes": [
        "Desert",
        "Sandy Cave",
        "Mesa",
        "Deep Mesa"
      ],
      "minLevel": 65,
      "drops": [
      ]
    },
    {
      "entityId": "the_vault:mummy_t0",
      "descriptionData": {
        "description": [
          {
            "text": "",
            "color": "$text"
          }
        ]
      },
      "themes": [
        "Desert",
        "Sandy Cave",
        "Mesa",
        "Deep Mesa"
      ],
      "minLevel": 65,
      "drops": [
      ]
    },
    {
      "entityId": "the_vault:mummy_t1",
      "descriptionData": {
        "description": [
          {
            "text": "",
            "color": "$text"
          }
        ]
      },
      "themes": [
        "Desert",
        "Sandy Cave",
        "Mesa",
        "Deep Mesa"
      ],
      "minLevel": 80,
      "drops": [
      ]
    },
    {
      "entityId": "the_vault:mummy_t2",
      "descriptionData": {
        "description": [
          {
            "text": "",
            "color": "$text"
          }
        ]
      },
      "themes": [
        "Desert",
        "Sandy Cave",
        "Mesa",
        "Deep Mesa"
      ],
      "minLevel": 90,
      "drops": [
      ]
    },
    {
      "entityId": "the_vault:vault_green_gummy_soldier",
      "descriptionData": {
        "description": [
          {
            "text": "",
            "color": "$text"
          }
        ]
      },
      "themes": [
        "Sweet Domains",
        "Gingerbread",
        "Festive",
        "Easter Egg",
        "Easter Pastel"
      ],
      "minLevel": 0,
      "drops": [
      ]
    },
    {
      "entityId": "the_vault:vault_blue_gummy_soldier",
      "descriptionData": {
        "description": [
          {
            "text": "",
            "color": "$text"
          }
        ]
      },
      "themes": [
        "Sweet Domains",
        "Gingerbread",
        "Festive",
        "Easter Egg",
        "Easter Pastel"
      ],
      "minLevel": 0,
      "drops": [
      ]
    },
    {
      "entityId": "the_vault:vault_yellow_gummy_soldier",
      "descriptionData": {
        "description": [
          {
            "text": "",
            "color": "$text"
          }
        ]
      },
      "themes": [
        "Sweet Domains",
        "Gingerbread",
        "Festive",
        "Easter Egg",
        "Easter Pastel"
      ],
      "minLevel": 0,
      "drops": [
      ]
    },
    {
      "entityId": "the_vault:vault_red_gummy_soldier",
      "descriptionData": {
        "description": [
          {
            "text": "",
            "color": "$text"
          }
        ]
      },
      "themes": [
        "Sweet Domains",
        "Gingerbread",
        "Festive",
        "Easter Egg",
        "Easter Pastel"
      ],
      "minLevel": 0,
      "drops": [
      ]
    },
    {
      "entityId": "alexsmobs:bunfungus",
      "descriptionData": {
        "description": [
          {
            "text": "",
            "color": "$text"
          }
        ]
      },
      "themes": [
        "Easter Egg",
        "Easter Pastel",
        "Fairy Ring",
        "Mushroom",
        "Poison"
      ],
      "minLevel": 0,
      "drops": [
      ]
    },
    {
      "entityId": "minecraft:rabbit",
      "descriptionData": {
        "description": [
          {
            "text": "",
            "color": "$text"
          }
        ]
      },
      "themes": [
        "Easter Egg",
        "Easter Pastel"
      ],
      "minLevel": 0,
      "drops": [
      ]
    },
    {
      "entityId": "auxiliaryblocks:gingerbread_man",
      "descriptionData": {
        "description": [
          {
            "text": "",
            "color": "$text"
          }
        ]
      },
      "themes": [
        "Gingerbread",
        "Festive"
      ],
      "minLevel": 0,
      "drops": [
      ]
    },
    {
      "entityId": "auxiliaryblocks:gingerbread_man_small",
      "descriptionData": {
        "description": [
          {
            "text": "",
            "color": "$text"
          }
        ]
      },
      "themes": [
        "Gingerbread",
        "Festive"
      ],
      "minLevel": 0,
      "drops": [
      ]
    },
    {
      "entityId": "auxiliaryblocks:snowdood",
      "descriptionData": {
        "description": [
          {
            "text": "",
            "color": "$text"
          }
        ]
      },
      "themes": [
        "Gingerbread",
        "Festive"
      ],
      "minLevel": 0,
      "drops": [
      ]
    },
    {
      "entityId": "the_vault:vault_spider",
      "descriptionData": {
        "description": [
          {
            "text": "",
            "color": "$text"
          }
        ]
      },
      "themes": [
        "Lush Cave",
        "Honey Cave"
      ],
      "minLevel": 0,
      "drops": [
      ]
    },
    {
      "entityId": "the_vault:overgrown_zombie_t0",
      "descriptionData": {
        "description": [
          {
            "text": "",
            "color": "$text"
          }
        ]
      },
      "themes": [
        "Lush Cave",
        "Honey Cave"
      ],
      "minLevel": 0,
      "drops": [
      ]
    },
    {
      "entityId": "the_vault:overgrown_zombie_t1",
      "descriptionData": {
        "description": [
          {
            "text": "",
            "color": "$text"
          }
        ]
      },
      "themes": [
        "Lush Cave",
        "Honey Cave"
      ],
      "minLevel": 20,
      "drops": [
      ]
    },
    {
      "entityId": "the_vault:overgrown_zombie_t2",
      "descriptionData": {
        "description": [
          {
            "text": "",
            "color": "$text"
          }
        ]
      },
      "themes": [
        "Lush Cave",
        "Honey Cave"
      ],
      "minLevel": 50,
      "drops": [
      ]
    },
    {
      "entityId": "the_vault:overgrown_zombie_t3",
      "descriptionData": {
        "description": [
          {
            "text": "",
            "color": "$text"
          }
        ]
      },
      "themes": [
        "Lush Cave",
        "Honey Cave"
      ],
      "minLevel": 65,
      "drops": [
      ]
    },
    {
      "entityId": "the_vault:overgrown_zombie_t4",
      "descriptionData": {
        "description": [
          {
            "text": "",
            "color": "$text"
          }
        ]
      },
      "themes": [
        "Lush Cave",
        "Honey Cave"
      ],
      "minLevel": 80,
      "drops": [
      ]
    },
    {
      "entityId": "the_vault:overgrown_zombie_t5",
      "descriptionData": {
        "description": [
          {
            "text": "",
            "color": "$text"
          }
        ]
      },
      "themes": [
        "Lush Cave",
        "Honey Cave"
      ],
      "minLevel": 90,
      "drops": [
      ]
    },
    {
      "entityId": "the_vault:t3_zombie",
      "descriptionData": {
        "description": [
          {
            "text": "",
            "color": "$text"
          }
        ]
      },
      "themes": [
        "Lush Cave",
        "Honey Cave"
      ],
      "minLevel": 20,
      "drops": [
      ]
    },
    {
      "entityId": "minecraft:slime",
      "descriptionData": {
        "description": [
          {
            "text": "",
            "color": "$text"
          }
        ]
      },
      "themes": [
        "Fairy Ring",
        "Mushroom",
        "Poison",
        "Lush Cave",
        "Honey Cave"
      ],
      "minLevel": 0,
      "drops": [
      ]
    },
    {
      "entityId": "alexsmobs:alligator_snapping_turtle",
      "descriptionData": {
        "description": [
          {
            "text": "",
            "color": "$text"
          }
        ]
      },
      "themes": [
        "Fairy Ring",
        "Mushroom",
        "Poison"
      ],
      "minLevel": 0,
      "drops": [
      ]
    },
    {
      "entityId": "the_vault:mushroom_t0",
      "descriptionData": {
        "description": [
          {
            "text": "",
            "color": "$text"
          }
        ]
      },
      "themes": [
        "Fairy Ring",
        "Mushroom",
        "Poison"
      ],
      "minLevel": 0,
      "drops": [
      ]
    },
    {
      "entityId": "the_vault:mushroom_t1",
      "descriptionData": {
        "description": [
          {
            "text": "",
            "color": "$text"
          }
        ]
      },
      "themes": [
        "Fairy Ring",
        "Mushroom",
        "Poison"
      ],
      "minLevel": 20,
      "drops": [
      ]
    },
    {
      "entityId": "the_vault:mushroom_t2",
      "descriptionData": {
        "description": [
          {
            "text": "",
            "color": "$text"
          }
        ]
      },
      "themes": [
        "Fairy Ring",
        "Mushroom",
        "Poison"
      ],
      "minLevel": 50,
      "drops": [
      ]
    },
    {
      "entityId": "the_vault:mushroom_t3",
      "descriptionData": {
        "description": [
          {
            "text": "",
            "color": "$text"
          }
        ]
      },
      "themes": [
        "Fairy Ring",
        "Mushroom",
        "Poison"
      ],
      "minLevel": 65,
      "drops": [
      ]
    },
    {
      "entityId": "the_vault:mushroom_t4",
      "descriptionData": {
        "description": [
          {
            "text": "",
            "color": "$text"
          }
        ]
      },
      "themes": [
        "Fairy Ring",
        "Mushroom",
        "Poison"
      ],
      "minLevel": 80,
      "drops": [
      ]
    },
    {
      "entityId": "the_vault:mushroom_t5",
      "descriptionData": {
        "description": [
          {
            "text": "",
            "color": "$text"
          }
        ]
      },
      "themes": [
        "Fairy Ring",
        "Mushroom",
        "Poison"
      ],
      "minLevel": 90,
      "drops": [
      ]
    },
    {
      "entityId": "rottencreatures:swampy",
      "descriptionData": {
        "description": [
          {
            "text": "",
            "color": "$text"
          }
        ]
      },
      "themes": [
        "Fairy Ring",
        "Mushroom",
        "Poison",
        "Lush Cave",
        "Honey Cave"
      ],
      "minLevel": 65,
      "drops": [
      ]
    },
    {
      "entityId": "the_vault:deathcap",
      "descriptionData": {
        "description": [
          {
            "text": "",
            "color": "$text"
          }
        ]
      },
      "themes": [
        "Fairy Ring",
        "Mushroom",
        "Poison"
      ],
      "minLevel": 20,
      "drops": [
      ]
    },
    {
      "entityId": "the_vault:smolcap",
      "descriptionData": {
        "description": [
          {
            "text": "",
            "color": "$text"
          }
        ]
      },
      "themes": [
        "Fairy Ring",
        "Mushroom",
        "Poison"
      ],
      "minLevel": 20,
      "drops": [
      ]
    },
    {
      "entityId": "minecraft:shulker",
      "descriptionData": {
        "description": [
          {
            "text": "",
            "color": "$text"
          }
        ]
      },
      "themes": [
        "End Void",
        "Factory Void",
        "Void"
      ],
      "minLevel": 0,
      "drops": [
      ]
    },
    {
      "entityId": "the_vault:deep_dark_silverfish",
      "descriptionData": {
        "description": [
          {
            "text": "",
            "color": "$text"
          }
        ]
      },
      "themes": [
        "End Void",
        "Factory Void",
        "Void"
      ],
      "minLevel": 0,
      "drops": [
      ]
    },
    {
      "entityId": "minecraft:enderman",
      "descriptionData": {
        "description": [
          {
            "text": "",
            "color": "$text"
          }
        ]
      },
      "themes": [
        "End Void",
        "Factory Void",
        "Void"
      ],
      "minLevel": 0,
      "drops": [
      ]
    },
    {
      "entityId": "the_vault:deep_dark_piglin",
      "descriptionData": {
        "description": [
          {
            "text": "",
            "color": "$text"
          }
        ]
      },
      "themes": [
        "End Void",
        "Factory Void",
        "Void"
      ],
      "minLevel": 0,
      "drops": [
      ]
    },
    {
      "entityId": "the_vault:deep_dark_zombie",
      "descriptionData": {
        "description": [
          {
            "text": "",
            "color": "$text"
          }
        ]
      },
      "themes": [
        "End Void",
        "Factory Void",
        "Void"
      ],
      "minLevel": 0,
      "drops": [
      ]
    },
    {
      "entityId": "the_vault:deep_dark_skeleton",
      "descriptionData": {
        "description": [
          {
            "text": "",
            "color": "$text"
          }
        ]
      },
      "themes": [
        "End Void",
        "Factory Void",
        "Void"
      ],
      "minLevel": 0,
      "drops": [
      ]
    },
    {
      "entityId": "alexsmobs:soul_vulture",
      "descriptionData": {
        "description": [
          {
            "text": "",
            "color": "$text"
          }
        ]
      },
      "themes": [
        "End Void",
        "Factory Void",
        "Void"
      ],
      "minLevel": 20,
      "drops": [
      ]
    },
    {
      "entityId": "the_vault:deep_dark_horror",
      "descriptionData": {
        "description": [
          {
            "text": "",
            "color": "$text"
          }
        ]
      },
      "themes": [
        "End Void",
        "Factory Void",
        "Void"
      ],
      "minLevel": 20,
      "drops": [
      ]
    },
    {
      "entityId": "minecraft:polar_bear",
      "descriptionData": {
        "description": [
          {
            "text": "",
            "color": "$text"
          }
        ]
      },
      "themes": [
        "Ice",
        "Ice Cave"
      ],
      "minLevel": 0,
      "drops": [
      ]
    },
    {
      "entityId": "minecraft:stray",
      "descriptionData": {
        "description": [
          {
            "text": "",
            "color": "$text"
          }
        ]
      },
      "themes": [
        "Ice",
        "Ice Cave"
      ],
      "minLevel": 0,
      "drops": [
      ]
    },
    {
      "entityId": "the_vault:shiver",
      "descriptionData": {
        "description": [
          {
            "text": "",
            "color": "$text"
          }
        ]
      },
      "themes": [
        "Ice",
        "Ice Cave"
      ],
      "minLevel": 20,
      "drops": [
      ]
    },
    {
      "entityId": "the_vault:t1_stray",
      "descriptionData": {
        "description": [
          {
            "text": "",
            "color": "$text"
          }
        ]
      },
      "themes": [
        "Ice",
        "Ice Cave"
      ],
      "minLevel": 20,
      "drops": [
      ]
    },
    {
      "entityId": "the_vault:t2_stray",
      "descriptionData": {
        "description": [
          {
            "text": "",
            "color": "$text"
          }
        ]
      },
      "themes": [
        "Ice",
        "Ice Cave"
      ],
      "minLevel": 50,
      "drops": [
      ]
    },
    {
      "entityId": "the_vault:t3_stray",
      "descriptionData": {
        "description": [
          {
            "text": "",
            "color": "$text"
          }
        ]
      },
      "themes": [
        "Ice",
        "Ice Cave"
      ],
      "minLevel": 65,
      "drops": [
      ]
    },
    {
      "entityId": "the_vault:winter_wolf",
      "descriptionData": {
        "description": [
          {
            "text": "",
            "color": "$text"
          }
        ]
      },
      "themes": [
        "Ice",
        "Ice Cave"
      ],
      "minLevel": 50,
      "drops": [
      ]
    },
    {
      "entityId": "alexsmobs:tusklin",
      "descriptionData": {
        "description": [
          {
            "text": "",
            "color": "$text"
          }
        ]
      },
      "themes": [
        "Ice",
        "Ice Cave"
      ],
      "minLevel": 65,
      "drops": [
      ]
    },
    {
      "entityId": "rottencreatures:glacial_hunter",
      "descriptionData": {
        "description": [
          {
            "text": "",
            "color": "$text"
          }
        ]
      },
      "themes": [
        "Ice",
        "Ice Cave"
      ],
      "minLevel": 65,
      "drops": [
      ]
    },
    {
      "entityId": "the_vault:winterwalker_t0",
      "descriptionData": {
        "description": [
          {
            "text": "",
            "color": "$text"
          }
        ]
      },
      "themes": [
        "Ice",
        "Ice Cave"
      ],
      "minLevel": 0,
      "drops": [
      ]
    },
    {
      "entityId": "the_vault:winterwalker_t1",
      "descriptionData": {
        "description": [
          {
            "text": "",
            "color": "$text"
          }
        ]
      },
      "themes": [
        "Ice",
        "Ice Cave"
      ],
      "minLevel": 20,
      "drops": [
      ]
    },
    {
      "entityId": "the_vault:winterwalker_t2",
      "descriptionData": {
        "description": [
          {
            "text": "",
            "color": "$text"
          }
        ]
      },
      "themes": [
        "Ice",
        "Ice Cave"
      ],
      "minLevel": 50,
      "drops": [
      ]
    },
    {
      "entityId": "the_vault:winterwalker_t3",
      "descriptionData": {
        "description": [
          {
            "text": "",
            "color": "$text"
          }
        ]
      },
      "themes": [
        "Ice",
        "Ice Cave"
      ],
      "minLevel": 65,
      "drops": [
      ]
    },
    {
      "entityId": "the_vault:winterwalker_t4",
      "descriptionData": {
        "description": [
          {
            "text": "",
            "color": "$text"
          }
        ]
      },
      "themes": [
        "Ice",
        "Ice Cave"
      ],
      "minLevel": 80,
      "drops": [
      ]
    },
    {
      "entityId": "the_vault:winterwalker_t5",
      "descriptionData": {
        "description": [
          {
            "text": "",
            "color": "$text"
          }
        ]
      },
      "themes": [
        "Ice",
        "Ice Cave"
      ],
      "minLevel": 90,
      "drops": [
      ]
    },
    {
      "entityId": "minecraft:piglin",
      "descriptionData": {
        "description": [
          {
            "text": "",
            "color": "$text"
          }
        ]
      },
      "themes": [
        "Crimson Nether",
        "Soul Nether",
        "Warped Nether",
        "Dark Nether"
      ],
      "minLevel": 0,
      "drops": [
      ]
    },
    {
      "entityId": "the_vault:t1_piglin",
      "descriptionData": {
        "description": [
          {
            "text": "",
            "color": "$text"
          }
        ]
      },
      "themes": [
        "Crimson Nether",
        "Soul Nether",
        "Warped Nether",
        "Dark Nether"
      ],
      "minLevel": 40,
      "drops": [
      ]
    },
    {
      "entityId": "the_vault:t2_piglin",
      "descriptionData": {
        "description": [
          {
            "text": "",
            "color": "$text"
          }
        ]
      },
      "themes": [
        "Crimson Nether",
        "Soul Nether",
        "Warped Nether",
        "Dark Nether"
      ],
      "minLevel": 65,
      "drops": [
      ]
    },
    {
      "entityId": "the_vault:t3_piglin",
      "descriptionData": {
        "description": [
          {
            "text": "",
            "color": "$text"
          }
        ]
      },
      "themes": [
        "Any"
      ],
      "minLevel": 65,
      "drops": [
      ]
    },
    {
      "entityId": "the_vault:vault_fighter",
      "descriptionData": {
        "description": [
          {
            "text": "",
            "color": "$text"
          }
        ]
      },
      "themes": [
        "Any"
      ],
      "minLevel": 0,
      "drops": [
      ]
    },
    {
      "entityId": "the_vault:vault_fighter_1",
      "descriptionData": {
        "description": [
          {
            "text": "",
            "color": "$text"
          }
        ]
      },
      "themes": [
        "Any"
      ],
      "minLevel": 20,
      "drops": [
      ]
    },
    {
      "entityId": "the_vault:vault_fighter_2",
      "descriptionData": {
        "description": [
          {
            "text": "",
            "color": "$text"
          }
        ]
      },
      "themes": [
        "Any"
      ],
      "minLevel": 50,
      "drops": [
      ]
    },
    {
      "entityId": "the_vault:vault_fighter_3",
      "descriptionData": {
        "description": [
          {
            "text": "",
            "color": "$text"
          }
        ]
      },
      "themes": [
        "Any"
      ],
      "minLevel": 30,
      "drops": [
      ]
    },
    {
      "entityId": "the_vault:vault_fighter_4",
      "descriptionData": {
        "description": [
          {
            "text": "",
            "color": "$text"
          }
        ]
      },
      "themes": [
        "Any"
      ],
      "minLevel": 65,
      "drops": [
      ]
    },
    {
      "entityId": "minecraft:magma_cube",
      "descriptionData": {
        "description": [
          {
            "text": "",
            "color": "$text"
          }
        ]
      },
      "themes": [
        "Crimson Nether",
        "Soul Nether",
        "Warped Nether",
        "Dark Nether"
      ],
      "minLevel": 0,
      "drops": [
      ]
    },
    {
      "entityId": "minecraft:piglin_brute",
      "descriptionData": {
        "description": [
          {
            "text": "",
            "color": "$text"
          }
        ]
      },
      "themes": [
        "Crimson Nether",
        "Soul Nether",
        "Warped Nether",
        "Dark Nether"
      ],
      "minLevel": 20,
      "drops": [
      ]
    },
    {
      "entityId": "quark:foxhound",
      "descriptionData": {
        "description": [
          {
            "text": "",
            "color": "$text"
          }
        ]
      },
      "themes": [
        "Crimson Nether",
        "Soul Nether",
        "Warped Nether",
        "Dark Nether"
      ],
      "minLevel": 0,
      "drops": [
      ]
    },
    {
      "entityId": "minecraft:wither_skeleton",
      "descriptionData": {
        "description": [
          {
            "text": "",
            "color": "$text"
          }
        ]
      },
      "themes": [
        "Crimson Nether",
        "Soul Nether",
        "Warped Nether",
        "Dark Nether"
      ],
      "minLevel": 30,
      "drops": [
      ]
    },
    {
      "entityId": "minecraft:blaze",
      "descriptionData": {
        "description": [
          {
            "text": "",
            "color": "$text"
          }
        ]
      },
      "themes": [
        "Crimson Nether",
        "Soul Nether",
        "Warped Nether",
        "Dark Nether"
      ],
      "minLevel": 40,
      "drops": [
      ]
    },
    {
      "entityId": "the_vault:t1_wither_skeleton",
      "descriptionData": {
        "description": [
          {
            "text": "",
            "color": "$text"
          }
        ]
      },
      "themes": [
        "Crimson Nether",
        "Soul Nether",
        "Warped Nether",
        "Dark Nether"
      ],
      "minLevel": 50,
      "drops": [
      ]
    },
    {
      "entityId": "the_vault:t2_wither_skeleton",
      "descriptionData": {
        "description": [
          {
            "text": "",
            "color": "$text"
          }
        ]
      },
      "themes": [
        "Crimson Nether",
        "Soul Nether",
        "Warped Nether",
        "Dark Nether"
      ],
      "minLevel": 70,
      "drops": [
      ]
    },
    {
      "entityId": "the_vault:t3_wither_skeleton",
      "descriptionData": {
        "description": [
          {
            "text": "",
            "color": "$text"
          }
        ]
      },
      "themes": [
        "Crimson Nether",
        "Soul Nether",
        "Warped Nether",
        "Dark Nether"
      ],
      "minLevel": 80,
      "drops": [
      ]
    },
    {
      "entityId": "rottencreatures:burned",
      "descriptionData": {
        "description": [
          {
            "text": "",
            "color": "$text"
          }
        ]
      },
      "themes": [
        "Crimson Nether",
        "Soul Nether",
        "Warped Nether",
        "Dark Nether"
      ],
      "minLevel": 65,
      "drops": [
      ]
    },
    {
      "entityId": "minecraft:drowned",
      "descriptionData": {
        "description": [
          {
            "text": "",
            "color": "$text"
          }
        ]
      },
      "themes": [
        "Oasis",
        "Haunted",
        "Flooded",
        "Shipwreck",
        "Seafloor"
      ],
      "minLevel": 0,
      "drops": [
      ]
    },
    {
      "entityId": "the_vault:t1_drowned",
      "descriptionData": {
        "description": [
          {
            "text": "",
            "color": "$text"
          }
        ]
      },
      "themes": [
        "Oasis",
        "Haunted",
        "Flooded",
        "Shipwreck",
        "Seafloor"
      ],
      "minLevel": 50,
      "drops": [
      ]
    },
    {
      "entityId": "the_vault:t2_drowned",
      "descriptionData": {
        "description": [
          {
            "text": "",
            "color": "$text"
          }
        ]
      },
      "themes": [
        "Oasis",
        "Haunted",
        "Flooded",
        "Shipwreck",
        "Seafloor"
      ],
      "minLevel": 65,
      "drops": [
      ]
    },
    {
      "entityId": "the_vault:t3_drowned",
      "descriptionData": {
        "description": [
          {
            "text": "",
            "color": "$text"
          }
        ]
      },
      "themes": [
        "Oasis",
        "Haunted",
        "Flooded",
        "Shipwreck",
        "Seafloor"
      ],
      "minLevel": 20,
      "drops": [
      ]
    },
    {
      "entityId": "the_vault:skeleton_pirate_t0",
      "descriptionData": {
        "description": [
          {
            "text": "",
            "color": "$text"
          }
        ]
      },
      "themes": [
        "Oasis",
        "Haunted",
        "Flooded",
        "Shipwreck",
        "Seafloor"
      ],
      "minLevel": 0,
      "drops": [
      ]
    },
    {
      "entityId": "the_vault:skeleton_pirate_t1",
      "descriptionData": {
        "description": [
          {
            "text": "",
            "color": "$text"
          }
        ]
      },
      "themes": [
        "Oasis",
        "Haunted",
        "Flooded",
        "Shipwreck",
        "Seafloor"
      ],
      "minLevel": 20,
      "drops": [
      ]
    },
    {
      "entityId": "the_vault:skeleton_pirate_t2",
      "descriptionData": {
        "description": [
          {
            "text": "",
            "color": "$text"
          }
        ]
      },
      "themes": [
        "Oasis",
        "Haunted",
        "Flooded",
        "Shipwreck",
        "Seafloor"
      ],
      "minLevel": 50,
      "drops": [
      ]
    },
    {
      "entityId": "the_vault:skeleton_pirate_t3",
      "descriptionData": {
        "description": [
          {
            "text": "",
            "color": "$text"
          }
        ]
      },
      "themes": [
        "Oasis",
        "Haunted",
        "Flooded",
        "Shipwreck",
        "Seafloor"
      ],
      "minLevel": 65,
      "drops": [
      ]
    },
    {
      "entityId": "the_vault:skeleton_pirate_t4",
      "descriptionData": {
        "description": [
          {
            "text": "",
            "color": "$text"
          }
        ]
      },
      "themes": [
        "Oasis",
        "Haunted",
        "Flooded",
        "Shipwreck",
        "Seafloor"
      ],
      "minLevel": 80,
      "drops": [
      ]
    },
    {
      "entityId": "the_vault:skeleton_pirate_t5",
      "descriptionData": {
        "description": [
          {
            "text": "",
            "color": "$text"
          }
        ]
      },
      "themes": [
        "Oasis",
        "Haunted",
        "Flooded",
        "Shipwreck",
        "Seafloor"
      ],
      "minLevel": 90,
      "drops": [
      ]
    },
    {
      "entityId": "the_vault:crab",
      "descriptionData": {
        "description": [
          {
            "text": "",
            "color": "$text"
          }
        ]
      },
      "themes": [
        "Oasis",
        "Haunted",
        "Flooded",
        "Shipwreck",
        "Seafloor"
      ],
      "minLevel": 0,
      "drops": [
      ]
    },
    {
      "entityId": "alexsmobs:mantis_shrimp",
      "descriptionData": {
        "description": [
          {
            "text": "",
            "color": "$text"
          }
        ]
      },
      "themes": [
        "Oasis",
        "Haunted",
        "Flooded",
        "Shipwreck",
        "Seafloor"
      ],
      "minLevel": 65,
      "drops": [
      ]
    },
    {
      "entityId": "rottencreatures:dead_beard",
      "descriptionData": {
        "description": [
          {
            "text": "",
            "color": "$text"
          }
        ]
      },
      "themes": [
        "Oasis",
        "Haunted",
        "Flooded",
        "Shipwreck",
        "Seafloor"
      ],
      "minLevel": 65,
      "drops": [
      ]
    },
    {
      "entityId": "the_vault:dungeon_black_widow_spider",
      "descriptionData": {
        "description": [
          {
            "text": "",
            "color": "$text"
          }
        ]
      },
      "themes": [
        "Any"
      ],
      "minLevel": 0,
      "drops": [
      ]
    },
    {
      "entityId": "the_vault:dungeon_spider",
      "descriptionData": {
        "description": [
          {
            "text": "",
            "color": "$text"
          }
        ]
      },
      "themes": [
        "Any"
      ],
      "minLevel": 0,
      "drops": [
      ]
    },
    {
      "entityId": "the_vault:dungeon_zombie",
      "descriptionData": {
        "description": [
          {
            "text": "",
            "color": "$text"
          }
        ]
      },
      "themes": [
        "Any"
      ],
      "minLevel": 0,
      "drops": [
      ]
    },
    {
      "entityId": "the_vault:dungeon_skeleton",
      "descriptionData": {
        "description": [
          {
            "text": "",
            "color": "$text"
          }
        ]
      },
      "themes": [
        "Any"
      ],
      "minLevel": 0,
      "drops": [
      ]
    },
    {
      "entityId": "the_vault:dungeon_piglin",
      "descriptionData": {
        "description": [
          {
            "text": "",
            "color": "$text"
          }
        ]
      },
      "themes": [
        "Any"
      ],
      "minLevel": 0,
      "drops": [
      ]
    },
    {
      "entityId": "the_vault:dungeon_piglin_brute",
      "descriptionData": {
        "description": [
          {
            "text": "",
            "color": "$text"
          }
        ]
      },
      "themes": [
        "Any"
      ],
      "minLevel": 0,
      "drops": [
      ]
    },
    {
      "entityId": "the_vault:dungeon_pillager",
      "descriptionData": {
        "description": [
          {
            "text": "",
            "color": "$text"
          }
        ]
      },
      "themes": [
        "Any"
      ],
      "minLevel": 0,
      "drops": [
      ]
    },
    {
      "entityId": "the_vault:dungeon_vindicator",
      "descriptionData": {
        "description": [
          {
            "text": "",
            "color": "$text"
          }
        ]
      },
      "themes": [
        "Any"
      ],
      "minLevel": 0,
      "drops": [
      ]
    },
    {
      "entityId": "the_vault:dungeon_witch",
      "descriptionData": {
        "description": [
          {
            "text": "",
            "color": "$text"
          }
        ]
      },
      "themes": [
        "Any"
      ],
      "minLevel": 0,
      "drops": [
      ]
    },
    {
      "entityId": "the_vault:t1_zombie",
      "descriptionData": {
        "description": [
          {
            "text": "",
            "color": "$text"
          }
        ]
      },
      "themes": [
        "Any"
      ],
      "minLevel": 0,
      "drops": [
      ]
    },
    {
      "entityId": "the_vault:t2_zombie",
      "descriptionData": {
        "description": [
          {
            "text": "",
            "color": "$text"
          }
        ]
      },
      "themes": [
        "Any"
      ],
      "minLevel": 0,
      "drops": [
      ]
    },
    {
      "entityId": "the_vault:overgrown_tank",
      "descriptionData": {
        "description": [
          {
            "text": "",
            "color": "$text"
          }
        ]
      },
      "themes": [
        "Lush Cave"
      ],
      "minLevel": 0,
      "drops": [
      ]
    }
  ],
  "hiddenGroups": [
    "the_vault:skeleton",
    "the_vault:zombie",
    "the_vault:creeper",
    "the_vault:drowned",
    "the_vault:enderman",
    "the_vault:husk",
    "the_vault:stray",
    "the_vault:spider",
    "the_vault:wither_skeleton",
    "the_vault:mobs",
    "the_vault:winterwalker",
    "the_vault:overgrown_zombie",
    "the_vault:mob_type/nether",
    "the_vault:mushroom",
    "the_vault:piglin"
  ]
}