{
  "LEVELS": [
    {
      "level": 0,
      "pool": [
        {
          "value": {
            "entries": [
              {
                "id": "minecraft:acacia_log",
                "amountMin": 32,
                "amountMax": 32
              }
            ]
          },
          "weight": 2
        },
        {
          "value": {
            "entries": [
              {
                "id": "minecraft:andesite",
                "amountMin": 32,
                "amountMax": 32
              }
            ]
          },
          "weight": 16
        },
        {
          "value": {
            "entries": [
              {
                "id": "minecraft:birch_log",
                "amountMin": 32,
                "amountMax": 32
              }
            ]
          },
          "weight": 12
        },
        {
          "value": {
            "entries": [
              {
                "id": "minecraft:bricks",
                "amountMin": 32,
                "amountMax": 32
              }
            ]
          },
          "weight": 8
        },
        {
          "value": {
            "entries": [
              {
                "id": "minecraft:blue_ice",
                "amountMin": 32,
                "amountMax": 32
              }
            ]
          },
          "weight": 4
        },
        {
          "value": {
            "entries": [
              {
                "id": "minecraft:calcite",
                "amountMin": 32,
                "amountMax": 32
              }
            ]
          },
          "weight": 1
        },
        {
          "value": {
            "entries": [
              {
                "id": "minecraft:cobblestone",
                "amountMin": 32,
                "amountMax": 32
              }
            ]
          },
          "weight": 3
        },
        {
          "value": {
            "entries": [
              {
                "id": "minecraft:white_concrete_powder",
                "amountMin": 32,
                "amountMax": 32
              },
              {
                "id": "minecraft:orange_concrete_powder",
                "amountMin": 32,
                "amountMax": 32
              },
              {
                "id": "minecraft:magenta_concrete_powder",
                "amountMin": 32,
                "amountMax": 32
              },
              {
                "id": "minecraft:light_blue_concrete_powder",
                "amountMin": 32,
                "amountMax": 32
              },
              {
                "id": "minecraft:yellow_concrete_powder",
                "amountMin": 32,
                "amountMax": 32
              },
              {
                "id": "minecraft:lime_concrete_powder",
                "amountMin": 32,
                "amountMax": 32
              },
              {
                "id": "minecraft:pink_concrete_powder",
                "amountMin": 32,
                "amountMax": 32
              },
              {
                "id": "minecraft:gray_concrete_powder",
                "amountMin": 32,
                "amountMax": 32
              },
              {
                "id": "minecraft:light_gray_concrete_powder",
                "amountMin": 32,
                "amountMax": 32
              },
              {
                "id": "minecraft:cyan_concrete_powder",
                "amountMin": 32,
                "amountMax": 32
              },
              {
                "id": "minecraft:purple_concrete_powder",
                "amountMin": 32,
                "amountMax": 32
              },
              {
                "id": "minecraft:blue_concrete_powder",
                "amountMin": 32,
                "amountMax": 32
              },
              {
                "id": "minecraft:brown_concrete_powder",
                "amountMin": 32,
                "amountMax": 32
              },
              {
                "id": "minecraft:green_concrete_powder",
                "amountMin": 32,
                "amountMax": 32
              },
              {
                "id": "minecraft:red_concrete_powder",
                "amountMin": 32,
                "amountMax": 32
              },
              {
                "id": "minecraft:black_concrete_powder",
                "amountMin": 32,
                "amountMax": 32
              }
            ]
          },
          "weight": 12
        },
        {
          "value": {
            "entries": [
              {
                "id": "minecraft:white_concrete",
                "amountMin": 32,
                "amountMax": 32
              },
              {
                "id": "minecraft:orange_concrete",
                "amountMin": 32,
                "amountMax": 32
              },
              {
                "id": "minecraft:magenta_concrete",
                "amountMin": 32,
                "amountMax": 32
              },
              {
                "id": "minecraft:light_blue_concrete",
                "amountMin": 32,
                "amountMax": 32
              },
              {
                "id": "minecraft:yellow_concrete",
                "amountMin": 32,
                "amountMax": 32
              },
              {
                "id": "minecraft:lime_concrete",
                "amountMin": 32,
                "amountMax": 32
              },
              {
                "id": "minecraft:pink_concrete",
                "amountMin": 32,
                "amountMax": 32
              },
              {
                "id": "minecraft:gray_concrete",
                "amountMin": 32,
                "amountMax": 32
              },
              {
                "id": "minecraft:light_gray_concrete",
                "amountMin": 32,
                "amountMax": 32
              },
              {
                "id": "minecraft:cyan_concrete",
                "amountMin": 32,
                "amountMax": 32
              },
              {
                "id": "minecraft:purple_concrete",
                "amountMin": 32,
                "amountMax": 32
              },
              {
                "id": "minecraft:blue_concrete",
                "amountMin": 32,
                "amountMax": 32
              },
              {
                "id": "minecraft:brown_concrete",
                "amountMin": 32,
                "amountMax": 32
              },
              {
                "id": "minecraft:green_concrete",
                "amountMin": 32,
                "amountMax": 32
              },
              {
                "id": "minecraft:red_concrete",
                "amountMin": 32,
                "amountMax": 32
              },
              {
                "id": "minecraft:black_concrete",
                "amountMin": 32,
                "amountMax": 32
              }
            ]
          },
          "weight": 8
        },
        {
          "value": {
            "entries": [
              {
                "id": "minecraft:dark_oak_log",
                "amountMin": 32,
                "amountMax": 32
              }
            ]
          },
          "weight": 8
        },
        {
          "value": {
            "entries": [
              {
                "id": "minecraft:deepslate",
                "amountMin": 32,
                "amountMax": 32
              },
              {
                "id": "minecraft:cobbled_deepslate",
                "amountMin": 32,
                "amountMax": 32
              }
            ]
          },
          "weight": 32
        },
        {
          "value": {
            "entries": [
              {
                "id": "minecraft:diorite",
                "amountMin": 32,
                "amountMax": 32
              }
            ]
          },
          "weight": 16
        },
        {
          "value": {
            "entries": [
              {
                "id": "minecraft:dirt",
                "amountMin": 32,
                "amountMax": 32
              }
            ]
          },
          "weight": 5
        },
        {
          "value": {
            "entries": [
              {
                "id": "minecraft:dripstone_block",
                "amountMin": 32,
                "amountMax": 32
              }
            ]
          },
          "weight": 8
        },
        {
          "value": {
            "entries": [
              {
                "id": "minecraft:glass",
                "amountMin": 32,
                "amountMax": 32
              },
              {
                "id": "minecraft:white_stained_glass",
                "amountMin": 32,
                "amountMax": 32
              },
              {
                "id": "minecraft:orange_stained_glass",
                "amountMin": 32,
                "amountMax": 32
              },
              {
                "id": "minecraft:magenta_stained_glass",
                "amountMin": 32,
                "amountMax": 32
              },
              {
                "id": "minecraft:light_blue_stained_glass",
                "amountMin": 32,
                "amountMax": 32
              },
              {
                "id": "minecraft:yellow_stained_glass",
                "amountMin": 32,
                "amountMax": 32
              },
              {
                "id": "minecraft:lime_stained_glass",
                "amountMin": 32,
                "amountMax": 32
              },
              {
                "id": "minecraft:pink_stained_glass",
                "amountMin": 32,
                "amountMax": 32
              },
              {
                "id": "minecraft:gray_stained_glass",
                "amountMin": 32,
                "amountMax": 32
              },
              {
                "id": "minecraft:light_gray_stained_glass",
                "amountMin": 32,
                "amountMax": 32
              },
              {
                "id": "minecraft:cyan_stained_glass",
                "amountMin": 32,
                "amountMax": 32
              },
              {
                "id": "minecraft:purple_stained_glass",
                "amountMin": 32,
                "amountMax": 32
              },
              {
                "id": "minecraft:blue_stained_glass",
                "amountMin": 32,
                "amountMax": 32
              },
              {
                "id": "minecraft:brown_stained_glass",
                "amountMin": 32,
                "amountMax": 32
              },
              {
                "id": "minecraft:green_stained_glass",
                "amountMin": 32,
                "amountMax": 32
              },
              {
                "id": "minecraft:red_stained_glass",
                "amountMin": 32,
                "amountMax": 32
              },
              {
                "id": "minecraft:black_stained_glass",
                "amountMin": 32,
                "amountMax": 32
              }
            ]
          },
          "weight": 8
        },
        {
          "value": {
            "entries": [
              {
                "id": "minecraft:granite",
                "amountMin": 32,
                "amountMax": 32
              }
            ]
          },
          "weight": 16
        },
        {
          "value": {
            "entries": [
              {
                "id": "minecraft:gravel",
                "amountMin": 32,
                "amountMax": 32
              }
            ]
          },
          "weight": 32
        },
        {
          "value": {
            "entries": [
              {
                "id": "minecraft:ice",
                "amountMin": 32,
                "amountMax": 32
              }
            ]
          },
          "weight": 16
        },
        {
          "value": {
            "entries": [
              {
                "id": "minecraft:jungle_log",
                "amountMin": 32,
                "amountMax": 32
              }
            ]
          },
          "weight": 8
        },
        {
          "value": {
            "entries": [
              {
                "id": "minecraft:moss_block",
                "amountMin": 32,
                "amountMax": 32
              }
            ]
          },
          "weight": 32
        },
        {
          "value": {
            "entries": [
              {
                "id": "minecraft:mossy_cobblestone",
                "amountMin": 32,
                "amountMax": 32
              }
            ]
          },
          "weight": 8
        },
        {
          "value": {
            "entries": [
              {
                "id": "minecraft:mycelium",
                "amountMin": 32,
                "amountMax": 32
              }
            ]
          },
          "weight": 2
        },
        {
          "value": {
            "entries": [
              {
                "id": "minecraft:oak_log",
                "amountMin": 32,
                "amountMax": 32
              }
            ]
          },
          "weight": 12
        },
        {
          "value": {
            "entries": [
              {
                "id": "minecraft:podzol",
                "amountMin": 32,
                "amountMax": 32
              }
            ]
          },
          "weight": 1
        },
        {
          "value": {
            "entries": [
              {
                "id": "minecraft:prismarine",
                "amountMin": 32,
                "amountMax": 32
              }
            ]
          },
          "weight": 4
        },
        {
          "value": {
            "entries": [
              {
                "id": "minecraft:rooted_dirt",
                "amountMin": 32,
                "amountMax": 32
              }
            ]
          },
          "weight": 2
        },
        {
          "value": {
            "entries": [
              {
                "id": "minecraft:sand",
                "amountMin": 32,
                "amountMax": 32
              },
              {
                "id": "minecraft:red_sand",
                "amountMin": 32,
                "amountMax": 32
              }
            ]
          },
          "weight": 32
        },
        {
          "value": {
            "entries": [
              {
                "id": "minecraft:smooth_stone",
                "amountMin": 32,
                "amountMax": 32
              }
            ]
          },
          "weight": 8
        },
        {
          "value": {
            "entries": [
              {
                "id": "minecraft:spruce_log",
                "amountMin": 32,
                "amountMax": 32
              }
            ]
          },
          "weight": 12
        },
        {
          "value": {
            "entries": [
              {
                "id": "minecraft:stone",
                "amountMin": 32,
                "amountMax": 32
              }
            ]
          },
          "weight": 3
        },
        {
          "value": {
            "entries": [
              {
                "id": "minecraft:white_terracotta",
                "amountMin": 32,
                "amountMax": 32
              },
              {
                "id": "minecraft:orange_terracotta",
                "amountMin": 32,
                "amountMax": 32
              },
              {
                "id": "minecraft:magenta_terracotta",
                "amountMin": 32,
                "amountMax": 32
              },
              {
                "id": "minecraft:light_blue_terracotta",
                "amountMin": 32,
                "amountMax": 32
              },
              {
                "id": "minecraft:yellow_terracotta",
                "amountMin": 32,
                "amountMax": 32
              },
              {
                "id": "minecraft:lime_terracotta",
                "amountMin": 32,
                "amountMax": 32
              },
              {
                "id": "minecraft:pink_terracotta",
                "amountMin": 32,
                "amountMax": 32
              },
              {
                "id": "minecraft:gray_terracotta",
                "amountMin": 32,
                "amountMax": 32
              },
              {
                "id": "minecraft:light_gray_terracotta",
                "amountMin": 32,
                "amountMax": 32
              },
              {
                "id": "minecraft:cyan_terracotta",
                "amountMin": 32,
                "amountMax": 32
              },
              {
                "id": "minecraft:purple_terracotta",
                "amountMin": 32,
                "amountMax": 32
              },
              {
                "id": "minecraft:blue_terracotta",
                "amountMin": 32,
                "amountMax": 32
              },
              {
                "id": "minecraft:brown_terracotta",
                "amountMin": 32,
                "amountMax": 32
              },
              {
                "id": "minecraft:green_terracotta",
                "amountMin": 32,
                "amountMax": 32
              },
              {
                "id": "minecraft:red_terracotta",
                "amountMin": 32,
                "amountMax": 32
              },
              {
                "id": "minecraft:black_terracotta",
                "amountMin": 32,
                "amountMax": 32
              },
              {
                "id": "minecraft:terracotta",
                "amountMin": 32,
                "amountMax": 32
              }
            ]
          },
          "weight": 8
        },
        {
          "value": {
            "entries": [
              {
                "id": "minecraft:tuff",
                "amountMin": 32,
                "amountMax": 32
              }
            ]
          },
          "weight": 8
        },
        {
          "value": {
            "entries": [
              {
                "id": "minecraft:white_wool",
                "amountMin": 32,
                "amountMax": 32
              },
              {
                "id": "minecraft:orange_wool",
                "amountMin": 32,
                "amountMax": 32
              },
              {
                "id": "minecraft:magenta_wool",
                "amountMin": 32,
                "amountMax": 32
              },
              {
                "id": "minecraft:light_blue_wool",
                "amountMin": 32,
                "amountMax": 32
              },
              {
                "id": "minecraft:yellow_wool",
                "amountMin": 32,
                "amountMax": 32
              },
              {
                "id": "minecraft:lime_wool",
                "amountMin": 32,
                "amountMax": 32
              },
              {
                "id": "minecraft:pink_wool",
                "amountMin": 32,
                "amountMax": 32
              },
              {
                "id": "minecraft:gray_wool",
                "amountMin": 32,
                "amountMax": 32
              },
              {
                "id": "minecraft:light_gray_wool",
                "amountMin": 32,
                "amountMax": 32
              },
              {
                "id": "minecraft:cyan_wool",
                "amountMin": 32,
                "amountMax": 32
              },
              {
                "id": "minecraft:purple_wool",
                "amountMin": 32,
                "amountMax": 32
              },
              {
                "id": "minecraft:blue_wool",
                "amountMin": 32,
                "amountMax": 32
              },
              {
                "id": "minecraft:brown_wool",
                "amountMin": 32,
                "amountMax": 32
              },
              {
                "id": "minecraft:green_wool",
                "amountMin": 32,
                "amountMax": 32
              },
              {
                "id": "minecraft:red_wool",
                "amountMin": 32,
                "amountMax": 32
              },
              {
                "id": "minecraft:black_wool",
                "amountMin": 32,
                "amountMax": 32
              }
            ]
          },
          "weight": 2
        },
        {
          "value": {
            "entries": [
              {
                "id": "minecraft:basalt",
                "amountMin": 32,
                "amountMax": 32
              }
            ]
          },
          "weight": 16
        },
        {
          "value": {
            "entries": [
              {
                "id": "minecraft:blackstone",
                "amountMin": 32,
                "amountMax": 32
              }
            ]
          },
          "weight": 6
        },
        {
          "value": {
            "entries": [
              {
                "id": "minecraft:crimson_stem",
                "amountMin": 32,
                "amountMax": 32
              }
            ]
          },
          "weight": 4
        },
        {
          "value": {
            "entries": [
              {
                "id": "minecraft:crying_obsidian",
                "amountMin": 32,
                "amountMax": 32
              }
            ]
          },
          "weight": 1
        },
        {
          "value": {
            "entries": [
              {
                "id": "minecraft:magma_block",
                "amountMin": 32,
                "amountMax": 32
              }
            ]
          },
          "weight": 4
        },
        {
          "value": {
            "entries": [
              {
                "id": "minecraft:nether_wart_block",
                "amountMin": 32,
                "amountMax": 32
              }
            ]
          },
          "weight": 4
        },
        {
          "value": {
            "entries": [
              {
                "id": "minecraft:netherrack",
                "amountMin": 32,
                "amountMax": 32
              }
            ]
          },
          "weight": 32
        },
        {
          "value": {
            "entries": [
              {
                "id": "minecraft:shroomlight",
                "amountMin": 32,
                "amountMax": 32
              }
            ]
          },
          "weight": 2
        },
        {
          "value": {
            "entries": [
              {
                "id": "minecraft:soul_sand",
                "amountMin": 32,
                "amountMax": 32
              }
            ]
          },
          "weight": 4
        },
        {
          "value": {
            "entries": [
              {
                "id": "minecraft:soul_soil",
                "amountMin": 32,
                "amountMax": 32
              }
            ]
          },
          "weight": 2
        },
        {
          "value": {
            "entries": [
              {
                "id": "minecraft:warped_stem",
                "amountMin": 32,
                "amountMax": 32
              }
            ]
          },
          "weight": 4
        },
        {
          "value": {
            "entries": [
              {
                "id": "minecraft:warped_wart_block",
                "amountMin": 32,
                "amountMax": 32
              }
            ]
          },
          "weight": 4
        },
        {
          "value": {
            "entries": [
              {
                "id": "minecraft:end_stone",
                "amountMin": 32,
                "amountMax": 32
              }
            ]
          },
          "weight": 5
        },
        {
          "value": {
            "entries": [
              {
                "id": "minecraft:obsidian",
                "amountMin": 32,
                "amountMax": 32
              }
            ]
          },
          "weight": 4
        },
        {
          "value": {
            "entries": [
              {
                "id": "minecraft:purpur_block",
                "amountMin": 32,
                "amountMax": 32
              }
            ]
          },
          "weight": 2
        },
        {
          "value": {
            "entries": [
              {
                "id": "minecraft:arrow",
                "amountMin": 16,
                "amountMax": 16
              }
            ]
          },
          "weight": 16
        },
        {
          "value": {
            "entries": [
              {
                "id": "minecraft:bone",
                "amountMin": 16,
                "amountMax": 16
              }
            ]
          },
          "weight": 8
        },
        {
          "value": {
            "entries": [
              {
                "id": "minecraft:cocoa_beans",
                "amountMin": 16,
                "amountMax": 16
              }
            ]
          },
          "weight": 4
        },
        {
          "value": {
            "entries": [
              {
                "id": "minecraft:cod",
                "amountMin": 16,
                "amountMax": 16
              }
            ]
          },
          "weight": 8
        },
        {
          "value": {
            "entries": [
              {
                "id": "minecraft:white_dye",
                "amountMin": 16,
                "amountMax": 16
              },
              {
                "id": "minecraft:orange_dye",
                "amountMin": 16,
                "amountMax": 16
              },
              {
                "id": "minecraft:magenta_dye",
                "amountMin": 16,
                "amountMax": 16
              },
              {
                "id": "minecraft:light_blue_dye",
                "amountMin": 16,
                "amountMax": 16
              },
              {
                "id": "minecraft:yellow_dye",
                "amountMin": 16,
                "amountMax": 16
              },
              {
                "id": "minecraft:lime_dye",
                "amountMin": 16,
                "amountMax": 16
              },
              {
                "id": "minecraft:pink_dye",
                "amountMin": 16,
                "amountMax": 16
              },
              {
                "id": "minecraft:gray_dye",
                "amountMin": 16,
                "amountMax": 16
              },
              {
                "id": "minecraft:light_gray_dye",
                "amountMin": 16,
                "amountMax": 16
              },
              {
                "id": "minecraft:cyan_dye",
                "amountMin": 16,
                "amountMax": 16
              },
              {
                "id": "minecraft:purple_dye",
                "amountMin": 16,
                "amountMax": 16
              },
              {
                "id": "minecraft:blue_dye",
                "amountMin": 16,
                "amountMax": 16
              },
              {
                "id": "minecraft:brown_dye",
                "amountMin": 16,
                "amountMax": 16
              },
              {
                "id": "minecraft:green_dye",
                "amountMin": 16,
                "amountMax": 16
              },
              {
                "id": "minecraft:red_dye",
                "amountMin": 16,
                "amountMax": 16
              },
              {
                "id": "minecraft:black_dye",
                "amountMin": 16,
                "amountMax": 16
              }
            ]
          },
          "weight": 8
        },
        {
          "value": {
            "entries": [
              {
                "id": "minecraft:egg",
                "amountMin": 16,
                "amountMax": 16
              }
            ]
          },
          "weight": 4
        },
        {
          "value": {
            "entries": [
              {
                "id": "minecraft:feather",
                "amountMin": 16,
                "amountMax": 16
              }
            ]
          },
          "weight": 4
        },
        {
          "value": {
            "entries": [
              {
                "id": "minecraft:glow_ink_sac",
                "amountMin": 16,
                "amountMax": 16
              }
            ]
          },
          "weight": 2
        },
        {
          "value": {
            "entries": [
              {
                "id": "minecraft:gunpowder",
                "amountMin": 16,
                "amountMax": 16
              }
            ]
          },
          "weight": 6
        },
        {
          "value": {
            "entries": [
              {
                "id": "minecraft:honey_bottle",
                "amountMin": 16,
                "amountMax": 16
              }
            ]
          },
          "weight": 3
        },
        {
          "value": {
            "entries": [
              {
                "id": "minecraft:honeycomb",
                "amountMin": 16,
                "amountMax": 16
              }
            ]
          },
          "weight": 3
        },
        {
          "value": {
            "entries": [
              {
                "id": "minecraft:ink_sac",
                "amountMin": 16,
                "amountMax": 16
              }
            ]
          },
          "weight": 6
        },
        {
          "value": {
            "entries": [
              {
                "id": "minecraft:leather",
                "amountMin": 16,
                "amountMax": 16
              }
            ]
          },
          "weight": 6
        },
        {
          "value": {
            "entries": [
              {
                "id": "minecraft:nautilus_shell",
                "amountMin": 8,
                "amountMax": 8
              }
            ]
          },
          "weight": 1
        },
        {
          "value": {
            "entries": [
              {
                "id": "minecraft:phantom_membrane",
                "amountMin": 16,
                "amountMax": 16
              }
            ]
          },
          "weight": 1
        },
        {
          "value": {
            "entries": [
              {
                "id": "minecraft:poisonous_potato",
                "amountMin": 16,
                "amountMax": 16
              }
            ]
          },
          "weight": 2
        },
        {
          "value": {
            "entries": [
              {
                "id": "minecraft:pufferfish",
                "amountMin": 16,
                "amountMax": 16
              }
            ]
          },
          "weight": 1
        },
        {
          "value": {
            "entries": [
              {
                "id": "minecraft:rabbit_hide",
                "amountMin": 16,
                "amountMax": 16
              }
            ]
          },
          "weight": 2
        },
        {
          "value": {
            "entries": [
              {
                "id": "minecraft:rabbit_foot",
                "amountMin": 16,
                "amountMax": 16
              }
            ]
          },
          "weight": 1
        },
        {
          "value": {
            "entries": [
              {
                "id": "minecraft:beef",
                "amountMin": 16,
                "amountMax": 16
              }
            ]
          },
          "weight": 8
        },
        {
          "value": {
            "entries": [
              {
                "id": "minecraft:chicken",
                "amountMin": 16,
                "amountMax": 16
              }
            ]
          },
          "weight": 8
        },
        {
          "value": {
            "entries": [
              {
                "id": "minecraft:mutton",
                "amountMin": 16,
                "amountMax": 16
              }
            ]
          },
          "weight": 8
        },
        {
          "value": {
            "entries": [
              {
                "id": "minecraft:porkchop",
                "amountMin": 16,
                "amountMax": 16
              }
            ]
          },
          "weight": 8
        },
        {
          "value": {
            "entries": [
              {
                "id": "minecraft:rabbit",
                "amountMin": 16,
                "amountMax": 16
              }
            ]
          },
          "weight": 4
        },
        {
          "value": {
            "entries": [
              {
                "id": "minecraft:rotten_flesh",
                "amountMin": 16,
                "amountMax": 16
              }
            ]
          },
          "weight": 16
        },
        {
          "value": {
            "entries": [
              {
                "id": "minecraft:salmon",
                "amountMin": 16,
                "amountMax": 16
              }
            ]
          },
          "weight": 8
        },
        {
          "value": {
            "entries": [
              {
                "id": "minecraft:slime_ball",
                "amountMin": 16,
                "amountMax": 16
              }
            ]
          },
          "weight": 4
        },
        {
          "value": {
            "entries": [
              {
                "id": "minecraft:spider_eye",
                "amountMin": 16,
                "amountMax": 16
              }
            ]
          },
          "weight": 2
        },
        {
          "value": {
            "entries": [
              {
                "id": "minecraft:string",
                "amountMin": 16,
                "amountMax": 16
              }
            ]
          },
          "weight": 8
        },
        {
          "value": {
            "entries": [
              {
                "id": "minecraft:tropical_fish",
                "amountMin": 16,
                "amountMax": 16
              }
            ]
          },
          "weight": 5
        },
        {
          "value": {
            "entries": [
              {
                "id": "minecraft:turtle_egg",
                "amountMin": 16,
                "amountMax": 16
              }
            ]
          },
          "weight": 2
        },
        {
          "value": {
            "entries": [
              {
                "id": "minecraft:blaze_rod",
                "amountMin": 16,
                "amountMax": 16
              }
            ]
          },
          "weight": 2
        },
        {
          "value": {
            "entries": [
              {
                "id": "minecraft:ghast_tear",
                "amountMin": 16,
                "amountMax": 16
              }
            ]
          },
          "weight": 1
        },
        {
          "value": {
            "entries": [
              {
                "id": "minecraft:magma_cream",
                "amountMin": 16,
                "amountMax": 16
              }
            ]
          },
          "weight": 2
        },
        {
          "value": {
            "entries": [
              {
                "id": "minecraft:wither_skeleton_skull",
                "amountMin": 4,
                "amountMax": 4
              }
            ]
          },
          "weight": 1
        },
        {
          "value": {
            "entries": [
              {
                "id": "minecraft:ender_pearl",
                "amountMin": 16,
                "amountMax": 16
              }
            ]
          },
          "weight": 4
        },
        {
          "value": {
            "entries": [
              {
                "id": "minecraft:dandelion",
                "amountMin": 16,
                "amountMax": 16
              },
              {
                "id": "minecraft:poppy",
                "amountMin": 16,
                "amountMax": 16
              },
              {
                "id": "minecraft:blue_orchid",
                "amountMin": 16,
                "amountMax": 16
              },
              {
                "id": "minecraft:allium",
                "amountMin": 16,
                "amountMax": 16
              },
              {
                "id": "minecraft:azure_bluet",
                "amountMin": 16,
                "amountMax": 16
              },
              {
                "id": "minecraft:oxeye_daisy",
                "amountMin": 16,
                "amountMax": 16
              },
              {
                "id": "minecraft:cornflower",
                "amountMin": 16,
                "amountMax": 16
              },
              {
                "id": "minecraft:lily_of_the_valley",
                "amountMin": 16,
                "amountMax": 16
              }
            ]
          },
          "weight": 8
        },
        {
          "value": {
            "entries": [
              {
                "id": "minecraft:sunflower",
                "amountMin": 16,
                "amountMax": 16
              },
              {
                "id": "minecraft:rose_bush",
                "amountMin": 16,
                "amountMax": 16
              },
              {
                "id": "minecraft:peony",
                "amountMin": 16,
                "amountMax": 16
              },
              {
                "id": "minecraft:lilac",
                "amountMin": 16,
                "amountMax": 16
              }
            ]
          },
          "weight": 10
        },
        {
          "value": {
            "entries": [
              {
                "id": "minecraft:apple",
                "amountMin": 16,
                "amountMax": 16
              }
            ]
          },
          "weight": 12
        },
        {
          "value": {
            "entries": [
              {
                "id": "minecraft:azalea",
                "amountMin": 16,
                "amountMax": 16
              },
              {
                "id": "minecraft:flowering_azalea",
                "amountMin": 16,
                "amountMax": 16
              }
            ]
          },
          "weight": 4
        },
        {
          "value": {
            "entries": [
              {
                "id": "minecraft:bamboo",
                "amountMin": 16,
                "amountMax": 16
              }
            ]
          },
          "weight": 12
        },
        {
          "value": {
            "entries": [
              {
                "id": "minecraft:beetroot",
                "amountMin": 16,
                "amountMax": 16
              }
            ]
          },
          "weight": 4
        },
        {
          "value": {
            "entries": [
              {
                "id": "minecraft:beetroot_seeds",
                "amountMin": 16,
                "amountMax": 16
              }
            ]
          },
          "weight": 8
        },
        {
          "value": {
            "entries": [
              {
                "id": "minecraft:big_dripleaf",
                "amountMin": 16,
                "amountMax": 16
              }
            ]
          },
          "weight": 4
        },
        {
          "value": {
            "entries": [
              {
                "id": "minecraft:brick",
                "amountMin": 16,
                "amountMax": 16
              }
            ]
          },
          "weight": 4
        },
        {
          "value": {
            "entries": [
              {
                "id": "minecraft:brown_mushroom",
                "amountMin": 16,
                "amountMax": 16
              }
            ]
          },
          "weight": 2
        },
        {
          "value": {
            "entries": [
              {
                "id": "minecraft:cactus",
                "amountMin": 16,
                "amountMax": 16
              }
            ]
          },
          "weight": 8
        },
        {
          "value": {
            "entries": [
              {
                "id": "minecraft:carrot",
                "amountMin": 16,
                "amountMax": 16
              }
            ]
          },
          "weight": 16
        },
        {
          "value": {
            "entries": [
              {
                "id": "minecraft:clay_ball",
                "amountMin": 16,
                "amountMax": 16
              }
            ]
          },
          "weight": 8
        },
        {
          "value": {
            "entries": [
              {
                "id": "minecraft:glow_berries",
                "amountMin": 16,
                "amountMax": 16
              }
            ]
          },
          "weight": 4
        },
        {
          "value": {
            "entries": [
              {
                "id": "minecraft:glow_lichen",
                "amountMin": 16,
                "amountMax": 16
              }
            ]
          },
          "weight": 2
        },
        {
          "value": {
            "entries": [
              {
                "id": "minecraft:kelp",
                "amountMin": 16,
                "amountMax": 16
              }
            ]
          },
          "weight": 16
        },
        {
          "value": {
            "entries": [
              {
                "id": "minecraft:oak_leaves",
                "amountMin": 16,
                "amountMax": 16
              },
              {
                "id": "minecraft:spruce_leaves",
                "amountMin": 16,
                "amountMax": 16
              },
              {
                "id": "minecraft:birch_leaves",
                "amountMin": 16,
                "amountMax": 16
              },
              {
                "id": "minecraft:jungle_leaves",
                "amountMin": 16,
                "amountMax": 16
              },
              {
                "id": "minecraft:acacia_leaves",
                "amountMin": 16,
                "amountMax": 16
              },
              {
                "id": "minecraft:dark_oak_leaves",
                "amountMin": 16,
                "amountMax": 16
              },
              {
                "id": "minecraft:azalea_leaves",
                "amountMin": 16,
                "amountMax": 16
              },
              {
                "id": "minecraft:flowering_azalea_leaves",
                "amountMin": 16,
                "amountMax": 16
              }
            ]
          },
          "weight": 24
        },
        {
          "value": {
            "entries": [
              {
                "id": "minecraft:lily_pad",
                "amountMin": 16,
                "amountMax": 16
              }
            ]
          },
          "weight": 3
        },
        {
          "value": {
            "entries": [
              {
                "id": "minecraft:melon",
                "amountMin": 16,
                "amountMax": 16
              }
            ]
          },
          "weight": 8
        },
        {
          "value": {
            "entries": [
              {
                "id": "minecraft:potato",
                "amountMin": 16,
                "amountMax": 16
              }
            ]
          },
          "weight": 16
        },
        {
          "value": {
            "entries": [
              {
                "id": "minecraft:pumpkin",
                "amountMin": 16,
                "amountMax": 16
              }
            ]
          },
          "weight": 8
        },
        {
          "value": {
            "entries": [
              {
                "id": "minecraft:red_mushroom",
                "amountMin": 16,
                "amountMax": 16
              }
            ]
          },
          "weight": 2
        },
        {
          "value": {
            "entries": [
              {
                "id": "minecraft:sea_pickle",
                "amountMin": 16,
                "amountMax": 16
              }
            ]
          },
          "weight": 4
        },
        {
          "value": {
            "entries": [
              {
                "id": "minecraft:seagrass",
                "amountMin": 16,
                "amountMax": 16
              }
            ]
          },
          "weight": 6
        },
        {
          "value": {
            "entries": [
              {
                "id": "minecraft:snowball",
                "amountMin": 16,
                "amountMax": 16
              }
            ]
          },
          "weight": 16
        },
        {
          "value": {
            "entries": [
              {
                "id": "minecraft:sugar_cane",
                "amountMin": 16,
                "amountMax": 16
              }
            ]
          },
          "weight": 24
        },
        {
          "value": {
            "entries": [
              {
                "id": "minecraft:sweet_berries",
                "amountMin": 16,
                "amountMax": 16
              }
            ]
          },
          "weight": 4
        },
        {
          "value": {
            "entries": [
              {
                "id": "minecraft:red_tulip",
                "amountMin": 16,
                "amountMax": 16
              },
              {
                "id": "minecraft:orange_tulip",
                "amountMin": 16,
                "amountMax": 16
              },
              {
                "id": "minecraft:white_tulip",
                "amountMin": 16,
                "amountMax": 16
              },
              {
                "id": "minecraft:pink_tulip",
                "amountMin": 16,
                "amountMax": 16
              }
            ]
          },
          "weight": 4
        },
        {
          "value": {
            "entries": [
              {
                "id": "minecraft:vine",
                "amountMin": 16,
                "amountMax": 16
              }
            ]
          },
          "weight": 4
        },
        {
          "value": {
            "entries": [
              {
                "id": "minecraft:wheat",
                "amountMin": 16,
                "amountMax": 16
              }
            ]
          },
          "weight": 8
        },
        {
          "value": {
            "entries": [
              {
                "id": "minecraft:wheat_seeds",
                "amountMin": 16,
                "amountMax": 16
              }
            ]
          },
          "weight": 24
        },
        {
          "value": {
            "entries": [
              {
                "id": "minecraft:wither_rose",
                "amountMin": 16,
                "amountMax": 16
              }
            ]
          },
          "weight": 1
        },
        {
          "value": {
            "entries": [
              {
                "id": "minecraft:crimson_fungus",
                "amountMin": 16,
                "amountMax": 16
              }
            ]
          },
          "weight": 2
        },
        {
          "value": {
            "entries": [
              {
                "id": "minecraft:nether_wart",
                "amountMin": 16,
                "amountMax": 16
              }
            ]
          },
          "weight": 6
        },
        {
          "value": {
            "entries": [
              {
                "id": "minecraft:twisting_vines",
                "amountMin": 16,
                "amountMax": 16
              }
            ]
          },
          "weight": 1
        },
        {
          "value": {
            "entries": [
              {
                "id": "minecraft:warped_fungus",
                "amountMin": 16,
                "amountMax": 16
              }
            ]
          },
          "weight": 2
        },
        {
          "value": {
            "entries": [
              {
                "id": "minecraft:weeping_vines",
                "amountMin": 16,
                "amountMax": 16
              }
            ]
          },
          "weight": 1
        },
        {
          "value": {
            "entries": [
              {
                "id": "minecraft:chorus_fruit",
                "amountMin": 16,
                "amountMax": 16
              }
            ]
          },
          "weight": 8
        },
        {
          "value": {
            "entries": [
              {
                "id": "minecraft:amethyst_shard",
                "amountMin": 16,
                "amountMax": 16
              }
            ]
          },
          "weight": 4
        },
        {
          "value": {
            "entries": [
              {
                "id": "minecraft:coal",
                "amountMin": 16,
                "amountMax": 16
              },
              {
                "id": "minecraft:charcoal",
                "amountMin": 16,
                "amountMax": 16
              }
            ]
          },
          "weight": 24
        },
        {
          "value": {
            "entries": [
              {
                "id": "minecraft:cobweb",
                "amountMin": 16,
                "amountMax": 16
              }
            ]
          },
          "weight": 2
        },
        {
          "value": {
            "entries": [
              {
                "id": "minecraft:copper_ingot",
                "amountMin": 16,
                "amountMax": 16
              }
            ]
          },
          "weight": 32
        },
        {
          "value": {
            "entries": [
              {
                "id": "minecraft:brain_coral",
                "amountMin": 8,
                "amountMax": 8
              },
              {
                "id": "minecraft:bubble_coral",
                "amountMin": 8,
                "amountMax": 8
              },
              {
                "id": "minecraft:fire_coral",
                "amountMin": 8,
                "amountMax": 8
              },
              {
                "id": "minecraft:horn_coral",
                "amountMin": 8,
                "amountMax": 8
              },
              {
                "id": "minecraft:tube_coral",
                "amountMin": 8,
                "amountMax": 8
              },
              {
                "id": "minecraft:tube_coral_fan",
                "amountMin": 8,
                "amountMax": 8
              },
              {
                "id": "minecraft:brain_coral_fan",
                "amountMin": 8,
                "amountMax": 8
              },
              {
                "id": "minecraft:bubble_coral_fan",
                "amountMin": 8,
                "amountMax": 8
              },
              {
                "id": "minecraft:fire_coral_fan",
                "amountMin": 8,
                "amountMax": 8
              },
              {
                "id": "minecraft:horn_coral_fan",
                "amountMin": 8,
                "amountMax": 8
              }
            ]
          },
          "weight": 2
        },
        {
          "value": {
            "entries": [
              {
                "id": "minecraft:dead_brain_coral",
                "amountMin": 8,
                "amountMax": 8
              },
              {
                "id": "minecraft:dead_bubble_coral",
                "amountMin": 8,
                "amountMax": 8
              },
              {
                "id": "minecraft:dead_fire_coral",
                "amountMin": 8,
                "amountMax": 8
              },
              {
                "id": "minecraft:dead_horn_coral",
                "amountMin": 8,
                "amountMax": 8
              },
              {
                "id": "minecraft:dead_tube_coral",
                "amountMin": 8,
                "amountMax": 8
              },
              {
                "id": "minecraft:dead_tube_coral_fan",
                "amountMin": 8,
                "amountMax": 8
              },
              {
                "id": "minecraft:dead_brain_coral_fan",
                "amountMin": 8,
                "amountMax": 8
              },
              {
                "id": "minecraft:dead_bubble_coral_fan",
                "amountMin": 8,
                "amountMax": 8
              },
              {
                "id": "minecraft:dead_fire_coral_fan",
                "amountMin": 8,
                "amountMax": 8
              },
              {
                "id": "minecraft:dead_horn_coral_fan",
                "amountMin": 8,
                "amountMax": 8
              }
            ]
          },
          "weight": 2
        },
        {
          "value": {
            "entries": [
              {
                "id": "minecraft:diamond",
                "amountMin": 16,
                "amountMax": 16
              }
            ]
          },
          "weight": 6
        },
        {
          "value": {
            "entries": [
              {
                "id": "minecraft:emerald",
                "amountMin": 16,
                "amountMax": 16
              }
            ]
          },
          "weight": 12
        },
        {
          "value": {
            "entries": [
              {
                "id": "minecraft:gold_ingot",
                "amountMin": 16,
                "amountMax": 16
              }
            ]
          },
          "weight": 16
        },
        {
          "value": {
            "entries": [
              {
                "id": "minecraft:iron_ingot",
                "amountMin": 16,
                "amountMax": 16
              }
            ]
          },
          "weight": 24
        },
        {
          "value": {
            "entries": [
              {
                "id": "minecraft:lapis_lazuli",
                "amountMin": 16,
                "amountMax": 16
              }
            ]
          },
          "weight": 16
        },
        {
          "value": {
            "entries": [
              {
                "id": "minecraft:music_disc_13",
                "amountMin": 1,
                "amountMax": 1
              },
              {
                "id": "minecraft:music_disc_cat",
                "amountMin": 1,
                "amountMax": 1
              },
              {
                "id": "minecraft:music_disc_blocks",
                "amountMin": 1,
                "amountMax": 1
              },
              {
                "id": "minecraft:music_disc_chirp",
                "amountMin": 1,
                "amountMax": 1
              },
              {
                "id": "minecraft:music_disc_far",
                "amountMin": 1,
                "amountMax": 1
              },
              {
                "id": "minecraft:music_disc_mall",
                "amountMin": 1,
                "amountMax": 1
              },
              {
                "id": "minecraft:music_disc_mellohi",
                "amountMin": 1,
                "amountMax": 1
              },
              {
                "id": "minecraft:music_disc_stal",
                "amountMin": 1,
                "amountMax": 1
              },
              {
                "id": "minecraft:music_disc_strad",
                "amountMin": 1,
                "amountMax": 1
              },
              {
                "id": "minecraft:music_disc_ward",
                "amountMin": 1,
                "amountMax": 1
              },
              {
                "id": "minecraft:music_disc_11",
                "amountMin": 1,
                "amountMax": 1
              },
              {
                "id": "minecraft:music_disc_wait",
                "amountMin": 1,
                "amountMax": 1
              },
              {
                "id": "minecraft:music_disc_otherside",
                "amountMin": 1,
                "amountMax": 1
              },
              {
                "id": "minecraft:music_disc_pigstep",
                "amountMin": 1,
                "amountMax": 1
              }
            ]
          },
          "weight": 1
        },
        {
          "value": {
            "entries": [
              {
                "id": "minecraft:name_tag",
                "amountMin": 8,
                "amountMax": 8
              }
            ]
          },
          "weight": 3
        },
        {
          "value": {
            "entries": [
              {
                "id": "minecraft:pointed_dripstone",
                "amountMin": 16,
                "amountMax": 16
              }
            ]
          },
          "weight": 8
        },
        {
          "value": {
            "entries": [
              {
                "id": "minecraft:prismarine_crystals",
                "amountMin": 16,
                "amountMax": 16
              }
            ]
          },
          "weight": 4
        },
        {
          "value": {
            "entries": [
              {
                "id": "minecraft:prismarine_shard",
                "amountMin": 16,
                "amountMax": 16
              }
            ]
          },
          "weight": 8
        },
        {
          "value": {
            "entries": [
              {
                "id": "minecraft:redstone",
                "amountMin": 16,
                "amountMax": 16
              }
            ]
          },
          "weight": 10
        },
        {
          "value": {
            "entries": [
              {
                "id": "minecraft:saddle",
                "amountMin": 2,
                "amountMax": 2
              }
            ]
          },
          "weight": 4
        },
        {
          "value": {
            "entries": [
              {
                "id": "minecraft:sponge",
                "amountMin": 16,
                "amountMax": 16
              }
            ]
          },
          "weight": 1
        },
        {
          "value": {
            "entries": [
              {
                "id": "minecraft:spore_blossom",
                "amountMin": 16,
                "amountMax": 16
              }
            ]
          },
          "weight": 2
        },
        {
          "value": {
            "entries": [
              {
                "id": "minecraft:totem_of_undying",
                "amountMin": 1,
                "amountMax": 1
              }
            ]
          },
          "weight": 1
        },
        {
          "value": {
            "entries": [
              {
                "id": "minecraft:trident",
                "amountMin": 1,
                "amountMax": 1
              }
            ]
          },
          "weight": 2
        },
        {
          "value": {
            "entries": [
              {
                "id": "minecraft:glowstone_dust",
                "amountMin": 16,
                "amountMax": 16
              }
            ]
          },
          "weight": 6
        },
        {
          "value": {
            "entries": [
              {
                "id": "minecraft:nether_star",
                "amountMin": 2,
                "amountMax": 2
              }
            ]
          },
          "weight": 1
        },
        {
          "value": {
            "entries": [
              {
                "id": "minecraft:quartz",
                "amountMin": 16,
                "amountMax": 16
              }
            ]
          },
          "weight": 8
        },
        {
          "value": {
            "entries": [
              {
                "id": "minecraft:chorus_flower",
                "amountMin": 8,
                "amountMax": 8
              }
            ]
          },
          "weight": 2
        }
      ]
    }
  ]
}