{
  "presets": [
    {
      "value": "the_vault:royale_loot_gear",
      "weight": 2.0
    },
    {
      "value": "the_vault:royale_loot_cards",
      "weight": 2.0
    },
    {
      "value": "the_vault:royale_loot_trinket",
      "weight": 2.0
    },
    {
      "value": "the_vault:royale_loot_legendary",
      "weight": 2.0
    },
    {
      "value": "the_vault:royale_loot_fruit",
      "weight": 2.0
    },
    {
      "value": "the_vault:royale_loot_treasure_key",
      "weight": 2.0
    },
    {
      "value": "the_vault:royale_loot_multiplier",
      "weight": 1000.0
    }
  ],
  "numberOfSelections": 3
}