{
  "abilities": [
    { "value": "Nova", "weight": 6 },
    { "value": "Dash", "weight": 6 },
    { "value": "Vein_Miner", "weight": 6 },
    { "value": "Rampage", "weight": 1 },
    { "value": "Ghost_Walk", "weight": 1 },
    { "value": "Mega_Jump", "weight": 4 },
    { "value": "Shell", "weight": 2 },
    { "value": "Totem", "weight": 4 },
    { "value": "Empower", "weight": 2 },
    { "value": "Javelin", "weight": 6 },
    { "value": "Hunter", "weight": 1 },
    { "value": "Smite", "weight": 1 },
    { "value": "Taunt", "weight": 2 },
    { "value": "Stonefall", "weight": 4 },
    { "value": "Mana_Shield", "weight": 4 },
    { "value": "Battle_Cry", "weight": 4 },
    { "value": "Storm_Arrow", "weight": 2 },
    { "value": "Fireball", "weight": 6 },
    { "value": "Ice_Bolt", "weight": 6 },
    { "value": "Implode", "weight": 6 },
    { "value": "Retribution", "weight": 6 },
    { "value": "Arcane", "weight": 6 },
    { "value": "Chain_Lightning", "weight": 6 },
    { "value": "Earthquake", "weight": 6 }
  ],
  "talents": [
    { "value": "Speed", "weight": 4 },
    { "value": "Haste", "weight": 4 },
    { "value": "Strength", "weight": 4 },
    { "value": "Intelligence", "weight": 4 },
    { "value": "Last_Stand", "weight": 1 },
    { "value": "Berserking", "weight": 1 },
    { "value": "Sorcery", "weight": 4 },
    { "value": "Prime_Amplification", "weight": 4 },
    { "value": "Lightning_Damage", "weight": 4 },
    { "value": "Lightning_Stun", "weight": 4 },
    { "value": "Stoneskin", "weight": 4 },
    { "value": "Methodical", "weight": 2 },
    { "value": "Depleted", "weight": 2 },
    { "value": "Fatal_Strike", "weight": 4 },
    { "value": "Mana_Steal", "weight": 4 },
    { "value": "Life_Steal", "weight": 4 },
    { "value": "Cleave", "weight": 4 },
    { "value": "Blizzard", "weight": 4 },
    { "value": "Frostbite", "weight": 4 },
    { "value": "Daze", "weight": 4 },
    { "value": "Nucleus", "weight": 4 },
    { "value": "Hunters_Instinct", "weight": 2 },
    { "value": "Arcana", "weight": 4 },
    { "value": "Blazing", "weight": 4 },
    { "value": "Javelin_Conduct", "weight": 4 },
    { "value": "Javelin_Frugal", "weight": 4 }
  ],
  "modifiers": [
    { "value": "the_vault:fuller_chests", "weight": 6 },
    { "value": "the_vault:extended", "weight": 8 },
    { "value": "the_vault:luckier_chests", "weight": 6 },
    { "value": "the_vault:energizing", "weight": 6 },
    { "value": "the_vault:more_souls", "weight": 6 },
    { "value": "the_vault:richer_ores", "weight": 6 },
    { "value": "the_vault:regeneration", "weight": 1 },
    { "value": "the_vault:saturation", "weight": 1 },
    { "value": "the_vault:phoenix", "weight": 1 },
    { "value": "the_vault:pylon_hunter", "weight": 1 }
  ]
  
}