{
  "TRADES_TIER1": [
    { "_name": "star_essence_6",
      "value": {
        "buy": {
          "id": "the_vault:vault_silver",
          "amountMin": 1,
          "amountMax": 3
        },
        "sell": {
          "id": "the_vault:star_essence",
          "amountMin": 1,
          "amountMax": 2
        },
        "max_trades": 3
      },
      "weight": 6
    },
    { "_name": "skill_essence_2",
      "value": {
        "buy": {
          "id": "the_vault:vault_silver",
          "amountMin": 3,
          "amountMax": 5
        },
        "sell": {
          "id": "the_vault:skill_essence",
          "amountMin": 1,
          "amountMax": 2
        },
        "max_trades": 3
      },
      "weight": 2
    },
    { "_name": "mysterybox_5",
      "value": {
        "buy": {
          "id": "the_vault:vault_bronze",
          "amountMin": 2,
          "amountMax": 8
        },
        "sell": {
          "id": "the_vault:mystery_box",
          "amountMin": 1,
          "amountMax": 2
        },
        "max_trades": 1
      },
      "weight": 5
    },
    { "_name": "alexandrite_3",
      "value": {
        "buy": {
          "id": "the_vault:vault_gold",
          "amountMin": 1,
          "amountMax": 2
        },
        "sell": {
          "id": "the_vault:gem_alexandrite",
          "amountMin": 1,
          "amountMax": 2
        },
        "max_trades": 3
      },
      "weight": 3
    },
    { "_name": "beni_4",
      "value": {
        "buy": {
          "id": "the_vault:vault_gold",
          "amountMin": 1,
          "amountMax": 2
        },
        "sell": {
          "id": "the_vault:gem_benitoite",
          "amountMin": 1,
          "amountMax": 2
        },
        "max_trades": 3
      },
      "weight": 4
    },
    { "_name": "lari_4",
      "value": {
        "buy": {
          "id": "the_vault:vault_gold",
          "amountMin": 1,
          "amountMax": 2
        },
        "sell": {
          "id": "the_vault:gem_larimar",
          "amountMin": 1,
          "amountMax": 2
        },
        "max_trades": 3
      },
      "weight": 4
    },
    { "_name": "black_opal_2",
      "value": {
        "buy": {
          "id": "the_vault:vault_gold",
          "amountMin": 1,
          "amountMax": 2
        },
        "sell": {
          "id": "the_vault:gem_black_opal",
          "amountMin": 1,
          "amountMax": 2
        },
        "max_trades": 3
      },
      "weight": 2
    },
    { "_name": "pain_2",
      "value": {
        "buy": {
          "id": "the_vault:vault_gold",
          "amountMin": 1,
          "amountMax": 2
        },
        "sell": {
          "id": "the_vault:gem_painite",
          "amountMin": 1,
          "amountMax": 2
        },
        "max_trades": 3
      },
      "weight": 2
    },
    { "_name": "huntereye_2",
      "value": {
        "buy": {
          "id": "the_vault:vault_gold",
          "amountMin": 1,
          "amountMax": 2
        },
        "sell": {
          "id": "the_vault:hunter_eye",
          "amountMin": 1,
          "amountMax": 1
        },
        "max_trades": 1
      },
      "weight": 2
    },
    { "_name": "vault_diamond_2",
      "value": {
        "buy": {
          "id": "the_vault:vault_gold",
          "amountMin": 1,
          "amountMax": 3
        },
        "sell": {
          "id": "the_vault:vault_diamond",
          "amountMin": 1,
          "amountMax": 1
        },
        "max_trades": 3
      },
      "weight": 2
    },
    { "_name": "mushroom_3",
      "value": {
        "buy": {
          "id": "the_vault:vault_silver",
          "amountMin": 1,
          "amountMax": 6
        },
        "sell": {
          "id": "the_vault:poisonous_mushroom",
          "amountMin": 1,
          "amountMax": 1
        },
        "max_trades": 1
      },
      "weight": 3
    },
    { "_name": "pizza_7",
      "value": {
        "buy": {
          "id": "the_vault:vault_bronze",
          "amountMin": 2,
          "amountMax": 5
        },
        "sell": {
          "id": "the_vault:oozing_pizza",
          "amountMin": 1,
          "amountMax": 1
        },
        "max_trades": 3
      },
      "weight": 7
    },
    { "_name": "burger_5",
      "value": {
        "buy": {
          "id": "the_vault:vault_silver",
          "amountMin": 1,
          "amountMax": 3
        },
        "sell": {
          "id": "the_vault:vault_burger",
          "amountMin": 1,
          "amountMax": 1
        },
        "max_trades": 3
      },
      "weight": 5
    },
    { "_name": "patty_7",
      "value": {
        "buy": {
          "id": "the_vault:vault_bronze",
          "amountMin": 1,
          "amountMax": 4
        },
        "sell": {
          "id": "the_vault:burger_patty",
          "amountMin": 1,
          "amountMax": 1
        },
        "max_trades": 3
      },
      "weight": 7
    },
    { "_name": "bun_7",
      "value": {
        "buy": {
          "id": "the_vault:vault_bronze",
          "amountMin": 1,
          "amountMax": 4
        },
        "sell": {
          "id": "the_vault:burger_bun",
          "amountMin": 1,
          "amountMax": 1
        },
        "max_trades": 3
      },
      "weight": 7
    },
    { "_name": "tomato_7",
      "value": {
        "buy": {
          "id": "the_vault:vault_bronze",
          "amountMin": 1,
          "amountMax": 4
        },
        "sell": {
          "id": "the_vault:mystic_tomato",
          "amountMin": 1,
          "amountMax": 1
        },
        "max_trades": 3
      },
      "weight": 7
    },
    { "_name": "cheddar_7",
      "value": {
        "buy": {
          "id": "the_vault:vault_bronze",
          "amountMin": 1,
          "amountMax": 4
        },
        "sell": {
          "id": "the_vault:mature_cheddar",
          "amountMin": 1,
          "amountMax": 1
        },
        "max_trades": 3
      },
      "weight": 7
    },
    { "_name": "drill_arrow_2",
      "value": {
        "buy": {
          "id": "the_vault:vault_bronze",
          "amountMin": 2,
          "amountMax": 8
        },
        "sell": {
          "id": "the_vault:drill_arrow",
          "amountMin": 1,
          "amountMax": 1
        },
        "max_trades": 6
      },
      "weight": 2
    },
    { "_name": "vault_apple_7",
      "value": {
        "buy": {
          "id": "the_vault:vault_bronze",
          "amountMin": 2,
          "amountMax": 6
        },
        "sell": {
          "id": "the_vault:vault_apple",
          "amountMin": 1,
          "amountMax": 1
        },
        "max_trades": 3
      },
      "weight": 7
    },
    { "_name": "jade_apple_3",
      "value": {
        "buy": {
          "id": "the_vault:vault_bronze",
          "amountMin": 6,
          "amountMax": 15
        },
        "sell": {
          "id": "the_vault:jade_apple",
          "amountMin": 1,
          "amountMax": 1
        },
        "max_trades": 1
      },
      "weight": 3
    },
    { "_name": "cobalt_apple_3",
      "value": {
        "buy": {
          "id": "the_vault:vault_gold",
          "amountMin": 1,
          "amountMax": 2
        },
        "sell": {
          "id": "the_vault:cobalt_apple",
          "amountMin": 1,
          "amountMax": 1
        },
        "max_trades": 1
      },
      "weight": 3
    },
    { "_name": "pixie_apple_2",
      "value": {
        "buy": {
          "id": "the_vault:vault_silver",
          "amountMin": 1,
          "amountMax": 4
        },
        "sell": {
          "id": "the_vault:pixie_apple",
          "amountMin": 1,
          "amountMax": 1
        },
        "max_trades": 1
      },
      "weight": 2
    },
    { "_name": "paxel_1",
      "value": {
        "buy": {
          "id": "the_vault:vault_gold",
          "amountMin": 16,
          "amountMax": 22
        },
        "sell": {
          "id": "the_vault:vault_paxel",
          "amountMin": 1,
          "amountMax": 1
        },
        "max_trades": 1
      },
      "weight": 1
    },
    { "_name": "weak_magnet_1",
      "value": {
        "buy": {
          "id": "the_vault:vault_silver",
          "amountMin": 4,
          "amountMax": 16
        },
        "sell": {
          "id": "the_vault:vault_magnet_weak",
          "amountMin": 1,
          "amountMax": 1
        },
        "max_trades": 1
      },
      "weight": 1
    },
    { "_name": "candy_bar_4",
      "value": {
        "buy": {
          "id": "the_vault:vault_bronze",
          "amountMin": 1,
          "amountMax": 8
        },
        "sell": {
          "id": "the_vault:candy_bar",
          "amountMin": 1,
          "amountMax": 1
        },
        "max_trades": 3
      },
      "weight": 4
    },
    { "_name": "power_bar_3",
      "value": {
        "buy": {
          "id": "the_vault:vault_silver",
          "amountMin": 4,
          "amountMax": 8
        },
        "sell": {
          "id": "the_vault:power_bar",
          "amountMin": 1,
          "amountMax": 1
        },
        "max_trades": 3
      },
      "weight": 3
    },
    { "_name": "vault_pearl_2",
      "value": {
        "buy": {
          "id": "the_vault:vault_gold",
          "amountMin": 1,
          "amountMax": 2
        },
        "sell": {
          "id": "the_vault:vault_pearl",
          "amountMin": 1,
          "amountMax": 1
        },
        "max_trades": 1
      },
      "weight": 2
    },
    { "_name": "water_bucket_2",
      "value": {
        "buy": {
          "id": "the_vault:vault_gold",
          "amountMin": 8,
          "amountMax": 16
        },
        "sell": {
          "id": "the_vault:infinite_water_bucket",
          "amountMin": 1,
          "amountMax": 1
        },
        "max_trades": 1
      },
      "weight": 2
    },
    { "_name": "vault_rock_7",
      "value": {
        "buy": {
          "id": "the_vault:vault_bronze",
          "amountMin": 2,
          "amountMax": 4
        },
        "sell": {
          "id": "the_vault:vault_rock",
          "amountMin": 1,
          "amountMax": 1
        },
        "max_trades": 2
      },
      "weight": 7
    },
    { "_name": "golden_apple_7",
      "value": {
        "buy": {
          "id": "the_vault:vault_bronze",
          "amountMin": 4,
          "amountMax": 12
        },
        "sell": {
          "id": "minecraft:golden_apple",
          "amountMin": 1,
          "amountMax": 1
        },
        "max_trades": 3
      },
      "weight": 7
    },
    { "_name": "god_apple_1",
      "value": {
        "buy": {
          "id": "the_vault:vault_gold",
          "amountMin": 4,
          "amountMax": 36
        },
        "sell": {
          "id": "minecraft:enchanted_golden_apple",
          "amountMin": 1,
          "amountMax": 1
        },
        "max_trades": 1
      },
      "weight": 1
    },
    { "_name": "diamond_10",
      "value": {
        "buy": {
          "id": "the_vault:vault_bronze",
          "amountMin": 1,
          "amountMax": 4
        },
        "sell": {
          "id": "minecraft:diamond",
          "amountMin": 3,
          "amountMax": 6
        },
        "max_trades": 3
      },
      "weight": 10
    },
    { "_name": "netherite_scrap_6",
      "value": {
        "buy": {
          "id": "the_vault:vault_bronze",
          "amountMin": 4,
          "amountMax": 12
        },
        "sell": {
          "id": "minecraft:netherite_scrap",
          "amountMin": 1,
          "amountMax": 1
        },
        "max_trades": 6
      },
      "weight": 6
    },
    { "_name": "vault_dust_3",
      "value": {
        "buy": {
          "id": "the_vault:vault_silver",
          "amountMin": 1,
          "amountMax": 4
        },
        "sell": {
          "id": "the_vault:vault_dust",
          "amountMin": 1,
          "amountMax": 1
        },
        "max_trades": 4
      },
      "weight": 3
    },
    { "_name": "plating_2",
      "value": {
        "buy": {
          "id": "the_vault:vault_silver",
          "amountMin": 1,
          "amountMax": 2
        },
        "sell": {
          "id": "the_vault:vault_plating",
          "amountMin": 1,
          "amountMax": 1
        },
        "max_trades": 4
      },
      "weight": 2
    },
    { "_name": "wutax_shard_2",
      "value": {
        "buy": {
          "id": "the_vault:vault_silver",
          "amountMin": 1,
          "amountMax": 3
        },
        "sell": {
          "id": "the_vault:wutax_shard",
          "amountMin": 1,
          "amountMax": 1
        },
        "max_trades": 6
      },
      "weight": 2
    },
    { "_name": "respect_flask_2",
      "value": {
        "buy": {
          "id": "the_vault:vault_silver",
          "amountMin": 1,
          "amountMax": 4
        },
        "sell": {
          "id": "the_vault:respec_flask",
          "amountMin": 1,
          "amountMax": 1
        },
        "max_trades": 1
      },
      "weight": 2
    },
    { "_name": "legendary_treasure_normal_3",
      "value": {
        "buy": {
          "id": "the_vault:vault_silver",
          "amountMin": 2,
          "amountMax": 6
        },
        "sell": {
          "id": "the_vault:legendary_treasure_normal",
          "amountMin": 1,
          "amountMax": 1
        },
        "max_trades": 1
      },
      "weight": 3
    },
    { "_name": "q_diamond_block_4",
      "value": {
        "buy": {
          "id": "minecraft:diamond_block",
          "amountMin": 1,
          "amountMax": 1
        },
        "sell": {
          "id": "the_vault:vault_bronze",
          "amountMin": 2,
          "amountMax": 6
        },
        "max_trades": 6
      },
      "weight": 4
    },
    { "_name": "q_vault_apple_4",
      "value": {
        "buy": {
          "id": "the_vault:vault_apple",
          "amountMin": 1,
          "amountMax": 1
        },
        "sell": {
          "id": "the_vault:vault_bronze",
          "amountMin": 2,
          "amountMax": 6
        },
        "max_trades": 5
      },
      "weight": 4
    },
    { "_name": "q_netherrack_3_3",
      "value": {
        "buy": {
          "id": "compressium:netherrack_3",
          "amountMin": 1,
          "amountMax": 1
        },
        "sell": {
          "id": "the_vault:vault_bronze",
          "amountMin": 2,
          "amountMax": 6
        },
        "max_trades": 5
      },
      "weight": 3
    },
    { "_name": "q_netherite_scrap_4",
      "value": {
        "buy": {
          "id": "minecraft:netherite_scrap",
          "amountMin": 1,
          "amountMax": 1
        },
        "sell": {
          "id": "the_vault:vault_bronze",
          "amountMin": 2,
          "amountMax": 6
        },
        "max_trades": 5
      },
      "weight": 4
    },
    { "_name": "q_honey_4",
      "value": {
        "buy": {
          "id": "minecraft:honeycomb",
          "amountMin": 1,
          "amountMax": 1
        },
        "sell": {
          "id": "the_vault:vault_bronze",
          "amountMin": 1,
          "amountMax": 6
        },
        "max_trades": 4
      },
      "weight": 4
    },
    { "_name": "megatorch_2",
      "value": {
        "buy": {
          "id": "the_vault:vault_silver",
          "amountMin": 6,
          "amountMax": 12
        },
        "sell": {
          "id": "torchmaster:megatorch",
          "amountMin": 1,
          "amountMax": 1
        },
        "max_trades": 1
      },
      "weight": 2
    },
    { "_name": "commonbackpack_2",
      "value": {
        "buy": {
          "id": "the_vault:vault_gold",
          "amountMin": 1,
          "amountMax": 3
        },
        "sell": {
          "id": "simplybackpacks:commonbackpack",
          "amountMin": 1,
          "amountMax": 1
        },
        "max_trades": 1
      },
      "weight": 2
    },
    { "_name": "spruce_chest_3",
      "value": {
        "buy": {
          "id": "the_vault:vault_bronze",
          "amountMin": 4,
          "amountMax": 9
        },
        "sell": {
          "id": "storage_overhaul:spruce_chest_tier_3",
          "amountMin": 1,
          "amountMax": 1
        },
        "max_trades": 1
      },
      "weight": 3
    },
    { "_name": "oak_barrel_3",
      "value": {
        "buy": {
          "id": "the_vault:vault_bronze",
          "amountMin": 3,
          "amountMax": 6
        },
        "sell": {
          "id": "storage_overhaul:oak_barrel_tier_3",
          "amountMin": 1,
          "amountMax": 1
        },
        "max_trades": 1
      },
      "weight": 3
    },
    { "_name": "drawers_3",
      "value": {
        "buy": {
          "id": "the_vault:vault_silver",
          "amountMin": 1,
          "amountMax": 4
        },
        "sell": {
          "id": "storagedrawers:oak_full_drawers_1",
          "amountMin": 1,
          "amountMax": 1
        },
        "max_trades": 1
      },
      "weight": 3
    },
    { "_name": "1storageup_3",
      "value": {
        "buy": {
          "id": "the_vault:vault_silver",
          "amountMin": 1,
          "amountMax": 4
        },
        "sell": {
          "id": "storagedrawers:obsidian_storage_upgrade",
          "amountMin": 1,
          "amountMax": 1
        },
        "max_trades": 2
      },
      "weight": 3
    },
    { "_name": "2storageup_3",
      "value": {
        "buy": {
          "id": "the_vault:vault_silver",
          "amountMin": 1,
          "amountMax": 4
        },
        "sell": {
          "id": "storagedrawers:iron_storage_upgrade",
          "amountMin": 1,
          "amountMax": 1
        },
        "max_trades": 2
      },
      "weight": 3
    },
    { "_name": "3storageup_2",
      "value": {
        "buy": {
          "id": "the_vault:vault_silver",
          "amountMin": 3,
          "amountMax": 6
        },
        "sell": {
          "id": "storagedrawers:gold_storage_upgrade",
          "amountMin": 1,
          "amountMax": 1
        },
        "max_trades": 1
      },
      "weight": 2
    },
    { "_name": "voidup_1",
      "value": {
        "buy": {
          "id": "the_vault:vault_silver",
          "amountMin": 3,
          "amountMax": 9
        },
        "sell": {
          "id": "storagedrawers:void_upgrade",
          "amountMin": 1,
          "amountMax": 1
        },
        "max_trades": 1
      },
      "weight": 1
    },
    { "_name": "vault_essence_3",
      "value": {
        "buy": {
          "id": "the_vault:vault_silver",
          "amountMin": 1,
          "amountMax": 4
        },
        "sell": {
          "id": "the_vault:vault_essence",
          "amountMin": 1,
          "amountMax": 1
        },
        "max_trades": 1
      },
      "weight": 3
    },
    { "_name": "star_core_2",
      "value": {
        "buy": {
          "id": "the_vault:vault_gold",
          "amountMin": 2,
          "amountMax": 5
        },
        "sell": {
          "id": "the_vault:star_core",
          "amountMin": 1,
          "amountMax": 1
        },
        "max_trades": 1
      },
      "weight": 2
    },
    { "_name": "pickarang_1",
      "value": {
        "buy": {
          "id": "the_vault:vault_gold",
          "amountMin": 4,
          "amountMax": 16
        },
        "sell": {
          "id": "quark:pickarang",
          "amountMin": 1,
          "amountMax": 1
        },
        "max_trades": 1
      },
      "weight": 1
    },
    { "_name": "shield_1",
      "value": {
        "buy": {
          "id": "the_vault:vault_silver",
          "amountMin": 4,
          "amountMax": 12
        },
        "sell": {
          "id": "minecraft:shield",
          "amountMin": 1,
          "amountMax": 1
        },
        "max_trades": 1
      },
      "weight": 1
    },
    { "_name": "sharpness_2",
      "value": {
        "buy": {
          "id": "the_vault:vault_silver",
          "amountMin": 4,
          "amountMax": 16
        },
        "sell": {
          "id": "minecraft:enchanted_book",
          "nbt": "{StoredEnchantments:[{lvl:6,id:\"minecraft:sharpness\"}]}",
          "amountMin": 1,
          "amountMax": 1
        },
        "max_trades": 1
      },
      "weight": 2
    },
    { "_name": "knockback_2",
      "value": {
        "buy": {
          "id": "the_vault:vault_silver",
          "amountMin": 4,
          "amountMax": 16
        },
        "sell": {
          "id": "minecraft:enchanted_book",
          "nbt": "{StoredEnchantments:[{lvl:4,id:\"minecraft:knockback\"}]}",
          "amountMin": 1,
          "amountMax": 1
        },
        "max_trades": 1
      },
      "weight": 2
    },
    { "_name": "protection_1",
      "value": {
        "buy": {
          "id": "the_vault:vault_gold",
          "amountMin": 2,
          "amountMax": 8
        },
        "sell": {
          "id": "minecraft:enchanted_book",
          "nbt": "{StoredEnchantments:[{lvl:5,id:\"minecraft:protection\"}]}",
          "amountMin": 1,
          "amountMax": 1
        },
        "max_trades": 1
      },
      "weight": 1
    },
    { "_name": "power_2",
      "value": {
        "buy": {
          "id": "the_vault:vault_silver",
          "amountMin": 4,
          "amountMax": 16
        },
        "sell": {
          "id": "minecraft:enchanted_book",
          "nbt": "{StoredEnchantments:[{lvl:6,id:\"minecraft:power\"}]}",
          "amountMin": 1,
          "amountMax": 1
        },
        "max_trades": 1
      },
      "weight": 2
    },
    { "_name": "smite_2",
      "value": {
        "buy": {
          "id": "the_vault:vault_silver",
          "amountMin": 4,
          "amountMax": 16
        },
        "sell": {
          "id": "minecraft:enchanted_book",
          "nbt": "{StoredEnchantments:[{lvl:6,id:\"minecraft:smite\"}]}",
          "amountMin": 1,
          "amountMax": 1
        },
        "max_trades": 1
      },
      "weight": 2
    },
    { "_name": "looting_2",
      "value": {
        "buy": {
          "id": "the_vault:vault_gold",
          "amountMin": 2,
          "amountMax": 6
        },
        "sell": {
          "id": "minecraft:enchanted_book",
          "nbt": "{StoredEnchantments:[{lvl:4,id:\"minecraft:looting\"}]}",
          "amountMin": 1,
          "amountMax": 1
        },
        "max_trades": 1
      },
      "weight": 2
    },
    { "_name": "fortune_1",
      "value": {
        "buy": {
          "id": "the_vault:vault_gold",
          "amountMin": 2,
          "amountMax": 8
        },
        "sell": {
          "id": "minecraft:enchanted_book",
          "nbt": "{StoredEnchantments:[{lvl:4,id:\"minecraft:fortune\"}]}",
          "amountMin": 1,
          "amountMax": 1
        },
        "max_trades": 1
      },
      "weight": 1
    }
  ],
  "TRADES_TIER2": [
    { "_name": "star_essence_6",
      "value": {
        "buy": {
          "id": "the_vault:vault_silver",
          "amountMin": 1,
          "amountMax": 3
        },
        "sell": {
          "id": "the_vault:star_essence",
          "amountMin": 1,
          "amountMax": 2
        },
        "max_trades": 3
      },
      "weight": 6
    },
    { "_name": "skill_essence_2",
      "value": {
        "buy": {
          "id": "the_vault:vault_silver",
          "amountMin": 3,
          "amountMax": 5
        },
        "sell": {
          "id": "the_vault:skill_essence",
          "amountMin": 1,
          "amountMax": 2
        },
        "max_trades": 3
      },
      "weight": 2
    },
    { "_name": "pandorasbox_3",
      "value": {
        "buy": {
          "id": "the_vault:vault_silver",
          "amountMin": 2,
          "amountMax": 8
        },
        "sell": {
          "id": "the_vault:pandoras_box",
          "amountMin": 1,
          "amountMax": 1
        },
        "max_trades": 1
      },
      "weight": 3
    },
    { "_name": "perfect_lari_3",
      "value": {
        "buy": {
          "id": "the_vault:vault_silver",
          "amountMin": 5,
          "amountMax": 14
        },
        "sell": {
          "id": "the_vault:perfect_larimar",
          "amountMin": 1,
          "amountMax": 1
        },
        "max_trades": 1
      },
      "weight": 3
    },
    { "_name": "perfect_beni_3",
      "value": {
        "buy": {
          "id": "the_vault:vault_silver",
          "amountMin": 5,
          "amountMax": 14
        },
        "sell": {
          "id": "the_vault:perfect_benitoite",
          "amountMin": 1,
          "amountMax": 1
        },
        "max_trades": 1
      },
      "weight": 3
    },
    { "_name": "echogem_1",
      "value": {
        "buy": {
          "id": "the_vault:vault_gold",
          "amountMin": 1,
          "amountMax": 4
        },
        "sell": {
          "id": "the_vault:gem_echo",
          "amountMin": 1,
          "amountMax": 1
        },
        "max_trades": 1
      },
      "weight": 1
    },
    { "_name": "huntereye_2",
      "value": {
        "buy": {
          "id": "the_vault:vault_gold",
          "amountMin": 1,
          "amountMax": 2
        },
        "sell": {
          "id": "the_vault:hunter_eye",
          "amountMin": 1,
          "amountMax": 1
        },
        "max_trades": 1
      },
      "weight": 2
    },
    { "_name": "vault_diamond_3",
      "value": {
        "buy": {
          "id": "the_vault:vault_silver",
          "amountMin": 2,
          "amountMax": 9
        },
        "sell": {
          "id": "the_vault:vault_diamond",
          "amountMin": 1,
          "amountMax": 1
        },
        "max_trades": 3
      },
      "weight": 3
    },
    { "_name": "mushroom_3",
      "value": {
        "buy": {
          "id": "the_vault:vault_silver",
          "amountMin": 1,
          "amountMax": 6
        },
        "sell": {
          "id": "the_vault:poisonous_mushroom",
          "amountMin": 1,
          "amountMax": 1
        },
        "max_trades": 1
      },
      "weight": 3
    },
    { "_name": "burger_5",
      "value": {
        "buy": {
          "id": "the_vault:vault_silver",
          "amountMin": 1,
          "amountMax": 3
        },
        "sell": {
          "id": "the_vault:vault_burger",
          "amountMin": 1,
          "amountMax": 1
        },
        "max_trades": 3
      },
      "weight": 5
    },
    { "_name": "drill_arrow_2",
      "value": {
        "buy": {
          "id": "the_vault:vault_bronze",
          "amountMin": 1,
          "amountMax": 3
        },
        "sell": {
          "id": "the_vault:drill_arrow",
          "amountMin": 1,
          "amountMax": 1
        },
        "max_trades": 6
      },
      "weight": 3
    },
    { "_name": "hearty_apple_6",
      "value": {
        "buy": {
          "id": "the_vault:vault_bronze",
          "amountMin": 2,
          "amountMax": 4
        },
        "sell": {
          "id": "the_vault:hearty_apple",
          "amountMin": 1,
          "amountMax": 1
        },
        "max_trades": 3
      },
      "weight": 6
    },
    { "_name": "lucky_apple_2",
      "value": {
        "buy": {
          "id": "the_vault:vault_gold",
          "amountMin": 1,
          "amountMax": 3
        },
        "sell": {
          "id": "the_vault:lucky_apple",
          "amountMin": 1,
          "amountMax": 1
        },
        "max_trades": 1
      },
      "weight": 2
    },
    { "_name": "ghost_apple_2",
      "value": {
        "buy": {
          "id": "the_vault:vault_gold",
          "amountMin": 1,
          "amountMax": 3
        },
        "sell": {
          "id": "the_vault:ghost_apple",
          "amountMin": 1,
          "amountMax": 1
        },
        "max_trades": 1
      },
      "weight": 2
    },
    { "_name": "power_apple_3",
      "value": {
        "buy": {
          "id": "the_vault:vault_silver",
          "amountMin": 1,
          "amountMax": 5
        },
        "sell": {
          "id": "the_vault:power_apple",
          "amountMin": 1,
          "amountMax": 1
        },
        "max_trades": 1
      },
      "weight": 3
    },
    { "_name": "paxel_1",
      "value": {
        "buy": {
          "id": "the_vault:vault_gold",
          "amountMin": 6,
          "amountMax": 20
        },
        "sell": {
          "id": "the_vault:vault_paxel",
          "amountMin": 1,
          "amountMax": 1
        },
        "max_trades": 1
      },
      "weight": 1
    },
    { "_name": "weak_magnet_2",
      "value": {
        "buy": {
          "id": "the_vault:vault_silver",
          "amountMin": 2,
          "amountMax": 8
        },
        "sell": {
          "id": "the_vault:vault_magnet_weak",
          "amountMin": 1,
          "amountMax": 1
        },
        "max_trades": 1
      },
      "weight": 2
    },
    { "_name": "strong_magnet_1",
      "value": {
        "buy": {
          "id": "the_vault:vault_gold",
          "amountMin": 1,
          "amountMax": 4
        },
        "sell": {
          "id": "the_vault:vault_magnet_strong",
          "amountMin": 1,
          "amountMax": 1
        },
        "max_trades": 1
      },
      "weight": 1
    },
    { "_name": "candy_bar_5",
      "value": {
        "buy": {
          "id": "the_vault:vault_bronze",
          "amountMin": 1,
          "amountMax": 8
        },
        "sell": {
          "id": "the_vault:candy_bar",
          "amountMin": 1,
          "amountMax": 1
        },
        "max_trades": 3
      },
      "weight": 5
    },
    { "_name": "power_bar_3",
      "value": {
        "buy": {
          "id": "the_vault:vault_silver",
          "amountMin": 4,
          "amountMax": 8
        },
        "sell": {
          "id": "the_vault:power_bar",
          "amountMin": 1,
          "amountMax": 1
        },
        "max_trades": 3
      },
      "weight": 3
    },
    { "_name": "vault_pearl_2",
      "value": {
        "buy": {
          "id": "the_vault:vault_gold",
          "amountMin": 1,
          "amountMax": 2
        },
        "sell": {
          "id": "the_vault:vault_pearl",
          "amountMin": 1,
          "amountMax": 1
        },
        "max_trades": 1
      },
      "weight": 2
    },
    { "_name": "water_bucket_1",
      "value": {
        "buy": {
          "id": "the_vault:vault_gold",
          "amountMin": 2,
          "amountMax": 16
        },
        "sell": {
          "id": "the_vault:infinite_water_bucket",
          "amountMin": 1,
          "amountMax": 1
        },
        "max_trades": 1
      },
      "weight": 1
    },
    { "_name": "golden_apple_7",
      "value": {
        "buy": {
          "id": "the_vault:vault_bronze",
          "amountMin": 4,
          "amountMax": 8
        },
        "sell": {
          "id": "minecraft:golden_apple",
          "amountMin": 1,
          "amountMax": 1
        },
        "max_trades": 3
      },
      "weight": 7
    },
    { "_name": "god_apple_1",
      "value": {
        "buy": {
          "id": "the_vault:vault_gold",
          "amountMin": 4,
          "amountMax": 36
        },
        "sell": {
          "id": "minecraft:enchanted_golden_apple",
          "amountMin": 1,
          "amountMax": 1
        },
        "max_trades": 1
      },
      "weight": 1
    },
    { "_name": "netherite_scrap_6",
      "value": {
        "buy": {
          "id": "the_vault:vault_bronze",
          "amountMin": 1,
          "amountMax": 3
        },
        "sell": {
          "id": "minecraft:netherite_scrap",
          "amountMin": 1,
          "amountMax": 1
        },
        "max_trades": 4
      },
      "weight": 6
    },
    { "_name": "vault_dust_3",
      "value": {
        "buy": {
          "id": "the_vault:vault_bronze",
          "amountMin": 2,
          "amountMax": 8
        },
        "sell": {
          "id": "the_vault:vault_dust",
          "amountMin": 1,
          "amountMax": 1
        },
        "max_trades": 4
      },
      "weight": 4
    },
    { "_name": "plating_4",
      "value": {
        "buy": {
          "id": "the_vault:vault_bronze",
          "amountMin": 4,
          "amountMax": 9
        },
        "sell": {
          "id": "the_vault:vault_plating",
          "amountMin": 1,
          "amountMax": 1
        },
        "max_trades": 4
      },
      "weight": 4
    },
    { "_name": "wutax_shard_3",
      "value": {
        "buy": {
          "id": "the_vault:vault_bronze",
          "amountMin": 4,
          "amountMax": 16
        },
        "sell": {
          "id": "the_vault:wutax_shard",
          "amountMin": 1,
          "amountMax": 1
        },
        "max_trades": 6
      },
      "weight": 2
    },
    { "_name": "respect_flask_1",
      "value": {
        "buy": {
          "id": "the_vault:vault_silver",
          "amountMin": 1,
          "amountMax": 4
        },
        "sell": {
          "id": "the_vault:respec_flask",
          "amountMin": 1,
          "amountMax": 1
        },
        "max_trades": 1
      },
      "weight": 1
    },
    { "_name": "q_candybar",
      "value": {
        "buy": {
          "id": "the_vault:candy_bar",
          "amountMin": 1,
          "amountMax": 1
        },
        "sell": {
          "id": "the_vault:vault_bronze",
          "amountMin": 5,
          "amountMax": 12
        },
        "max_trades": 5
      },
      "weight": 3
    },
    { "_name": "q_diamond_block_4",
      "value": {
        "buy": {
          "id": "minecraft:diamond_block",
          "amountMin": 1,
          "amountMax": 1
        },
        "sell": {
          "id": "the_vault:vault_bronze",
          "amountMin": 2,
          "amountMax": 6
        },
        "max_trades": 8
      },
      "weight": 4
    },
    { "_name": "q_vault_apple_4",
      "value": {
        "buy": {
          "id": "the_vault:vault_apple",
          "amountMin": 1,
          "amountMax": 1
        },
        "sell": {
          "id": "the_vault:vault_bronze",
          "amountMin": 2,
          "amountMax": 6
        },
        "max_trades": 5
      },
      "weight": 4
    },
    { "_name": "q_netherrack_3_3",
      "value": {
        "buy": {
          "id": "compressium:netherrack_3",
          "amountMin": 1,
          "amountMax": 1
        },
        "sell": {
          "id": "the_vault:vault_bronze",
          "amountMin": 2,
          "amountMax": 6
        },
        "max_trades": 5
      },
      "weight": 3
    },
    { "_name": "q_netherite_scrap_4",
      "value": {
        "buy": {
          "id": "minecraft:netherite_scrap",
          "amountMin": 1,
          "amountMax": 1
        },
        "sell": {
          "id": "the_vault:vault_bronze",
          "amountMin": 2,
          "amountMax": 6
        },
        "max_trades": 5
      },
      "weight": 4
    },
    { "_name": "q_honey_4",
      "value": {
        "buy": {
          "id": "minecraft:honeycomb",
          "amountMin": 1,
          "amountMax": 1
        },
        "sell": {
          "id": "the_vault:vault_bronze",
          "amountMin": 1,
          "amountMax": 6
        },
        "max_trades": 4
      },
      "weight": 4
    },
    { "_name": "q_lilypad_4",
      "value": {
        "buy": {
          "id": "minecraft:lily_pad",
          "amountMin": 1,
          "amountMax": 1
        },
        "sell": {
          "id": "the_vault:vault_bronze",
          "amountMin": 1,
          "amountMax": 6
        },
        "max_trades": 5
      },
      "weight": 4
    },
    { "_name": "q_bamboo_3",
      "value": {
        "buy": {
          "id": "minecraft:bamboo",
          "amountMin": 12,
          "amountMax": 12
        },
        "sell": {
          "id": "the_vault:vault_silver",
          "amountMin": 1,
          "amountMax": 1
        },
        "max_trades": 3
      },
      "weight": 3
    },
    { "_name": "q_cobweb_3",
      "value": {
        "buy": {
          "id": "minecraft:cobweb",
          "amountMin": 1,
          "amountMax": 1
        },
        "sell": {
          "id": "the_vault:vault_bronze",
          "amountMin": 1,
          "amountMax": 5
        },
        "max_trades": 3
      },
      "weight": 3
    },
    { "_name": "megatorch_2",
      "value": {
        "buy": {
          "id": "the_vault:vault_silver",
          "amountMin": 6,
          "amountMax": 12
        },
        "sell": {
          "id": "torchmaster:megatorch",
          "amountMin": 1,
          "amountMax": 1
        },
        "max_trades": 1
      },
      "weight": 2
    },
    { "_name": "commonbackpack_2",
      "value": {
        "buy": {
          "id": "the_vault:vault_gold",
          "amountMin": 1,
          "amountMax": 3
        },
        "sell": {
          "id": "simplybackpacks:commonbackpack",
          "amountMin": 1,
          "amountMax": 1
        },
        "max_trades": 1
      },
      "weight": 2
    },
    { "_name": "uncommonbackpack_1",
      "value": {
        "buy": {
          "id": "the_vault:vault_gold",
          "amountMin": 1,
          "amountMax": 3
        },
        "sell": {
          "id": "simplybackpacks:uncommonbackpack",
          "amountMin": 1,
          "amountMax": 1
        },
        "max_trades": 1
      },
      "weight": 1
    },
    { "_name": "dank_1",
      "value": {
        "buy": {
          "id": "the_vault:vault_gold",
          "amountMin": 1,
          "amountMax": 3
        },
        "sell": {
          "id": "dankstorage:dank_1",
          "amountMin": 1,
          "amountMax": 1
        },
        "max_trades": 1
      },
      "weight": 1
    },
    { "_name": "trader_1",
      "value": {
        "buy": {
          "id": "the_vault:vault_gold",
          "amountMin": 1,
          "amountMax": 3
        },
        "sell": {
          "id": "easy_villagers:trader",
          "amountMin": 1,
          "amountMax": 1
        },
        "max_trades": 1
      },
      "weight": 1
    },
    { "_name": "drawers_4",
      "value": {
        "buy": {
          "id": "the_vault:vault_silver",
          "amountMin": 1,
          "amountMax": 4
        },
        "sell": {
          "id": "storagedrawers:oak_full_drawers_1",
          "amountMin": 1,
          "amountMax": 1
        },
        "max_trades": 2
      },
      "weight": 4
    },
    { "_name": "1storageup_3",
      "value": {
        "buy": {
          "id": "the_vault:vault_silver",
          "amountMin": 1,
          "amountMax": 4
        },
        "sell": {
          "id": "storagedrawers:obsidian_storage_upgrade",
          "amountMin": 1,
          "amountMax": 1
        },
        "max_trades": 2
      },
      "weight": 3
    },
    { "_name": "2storageup_3",
      "value": {
        "buy": {
          "id": "the_vault:vault_silver",
          "amountMin": 1,
          "amountMax": 4
        },
        "sell": {
          "id": "storagedrawers:iron_storage_upgrade",
          "amountMin": 1,
          "amountMax": 1
        },
        "max_trades": 2
      },
      "weight": 3
    },
    { "_name": "3storageup_2",
      "value": {
        "buy": {
          "id": "the_vault:vault_silver",
          "amountMin": 3,
          "amountMax": 6
        },
        "sell": {
          "id": "storagedrawers:gold_storage_upgrade",
          "amountMin": 1,
          "amountMax": 1
        },
        "max_trades": 1
      },
      "weight": 2
    },
    { "_name": "voidup_1",
      "value": {
        "buy": {
          "id": "the_vault:vault_silver",
          "amountMin": 3,
          "amountMax": 9
        },
        "sell": {
          "id": "storagedrawers:void_upgrade",
          "amountMin": 1,
          "amountMax": 1
        },
        "max_trades": 1
      },
      "weight": 1
    },
    { "_name": "vault_essence_5",
      "value": {
        "buy": {
          "id": "the_vault:vault_silver",
          "amountMin": 1,
          "amountMax": 4
        },
        "sell": {
          "id": "the_vault:vault_essence",
          "amountMin": 1,
          "amountMax": 1
        },
        "max_trades": 1
      },
      "weight": 3
    },
    { "_name": "star_core_2",
      "value": {
        "buy": {
          "id": "the_vault:vault_gold",
          "amountMin": 2,
          "amountMax": 5
        },
        "sell": {
          "id": "the_vault:star_core",
          "amountMin": 1,
          "amountMax": 1
        },
        "max_trades": 1
      },
      "weight": 2
    },
    { "_name": "catalystfragment_4",
      "value": {
        "buy": {
          "id": "the_vault:vault_bronze",
          "amountMin": 3,
          "amountMax": 8
        },
        "sell": {
          "id": "the_vault:vault_catalyst_fragment",
          "amountMin": 1,
          "amountMax": 1
        },
        "max_trades": 3
      },
      "weight": 5
    },
    { "_name": "catalyst_2",
      "value": {
        "buy": {
          "id": "the_vault:vault_silver",
          "amountMin": 3,
          "amountMax": 9
        },
        "sell": {
          "id": "the_vault:vault_catalyst",
          "amountMin": 1,
          "amountMax": 1
        },
        "max_trades": 1
      },
      "weight": 2
    },
    { "_name": "repaircore_1",
      "value": {
        "buy": {
          "id": "the_vault:vault_gold",
          "amountMin": 1,
          "amountMax": 2
        },
        "sell": {
          "id": "the_vault:repair_core",
          "amountMin": 1,
          "amountMax": 1
        },
        "max_trades": 1
      },
      "weight": 1
    },
    { "_name": "paxelcharm_2",
      "value": {
        "buy": {
          "id": "the_vault:vault_silver",
          "amountMin": 5,
          "amountMax": 12
        },
        "sell": {
          "id": "the_vault:paxel_charm",
          "amountMin": 1,
          "amountMax": 1
        },
        "max_trades": 1
      },
      "weight": 2
    },
    { "_name": "wutaxcrystal_2",
      "value": {
        "buy": {
          "id": "the_vault:vault_silver",
          "amountMin": 2,
          "amountMax": 12
        },
        "sell": {
          "id": "the_vault:wutax_crystal",
          "amountMin": 1,
          "amountMax": 1
        },
        "max_trades": 1
      },
      "weight": 2
    },
    { "_name": "sharpness_2",
      "value": {
        "buy": {
          "id": "the_vault:vault_silver",
          "amountMin": 4,
          "amountMax": 16
        },
        "sell": {
          "id": "minecraft:enchanted_book",
          "nbt": "{StoredEnchantments:[{lvl:6,id:\"minecraft:sharpness\"}]}",
          "amountMin": 1,
          "amountMax": 1
        },
        "max_trades": 1
      },
      "weight": 2
    },
    { "_name": "protection_1",
      "value": {
        "buy": {
          "id": "the_vault:vault_gold",
          "amountMin": 2,
          "amountMax": 8
        },
        "sell": {
          "id": "minecraft:enchanted_book",
          "nbt": "{StoredEnchantments:[{lvl:5,id:\"minecraft:protection\"}]}",
          "amountMin": 1,
          "amountMax": 1
        },
        "max_trades": 1
      },
      "weight": 1
    },
    { "_name": "smite_2",
      "value": {
        "buy": {
          "id": "the_vault:vault_silver",
          "amountMin": 4,
          "amountMax": 16
        },
        "sell": {
          "id": "minecraft:enchanted_book",
          "nbt": "{StoredEnchantments:[{lvl:6,id:\"minecraft:smite\"}]}",
          "amountMin": 1,
          "amountMax": 1
        },
        "max_trades": 1
      },
      "weight": 2
    },
    { "_name": "looting_2",
      "value": {
        "buy": {
          "id": "the_vault:vault_gold",
          "amountMin": 2,
          "amountMax": 6
        },
        "sell": {
          "id": "minecraft:enchanted_book",
          "nbt": "{StoredEnchantments:[{lvl:4,id:\"minecraft:looting\"}]}",
          "amountMin": 1,
          "amountMax": 1
        },
        "max_trades": 1
      },
      "weight": 2
    },
    { "_name": "fortune_1",
      "value": {
        "buy": {
          "id": "the_vault:vault_gold",
          "amountMin": 2,
          "amountMax": 8
        },
        "sell": {
          "id": "minecraft:enchanted_book",
          "nbt": "{StoredEnchantments:[{lvl:4,id:\"minecraft:fortune\"}]}",
          "amountMin": 1,
          "amountMax": 1
        },
        "max_trades": 1
      },
      "weight": 1
    },
    { "_name": "scrappyvaulthelmet_2",
      "value": {
        "buy": {
          "id": "the_vault:vault_gold",
          "amountMin": 1,
          "amountMax": 4
        },
        "sell": {
          "id": "the_vault:helmet",
          "nbt": "{Vault:{Attributes:[{Id:\"the_vault:gear_roll_type\",BaseValue:\"Scrappy+\"}]}}",
          "amountMin": 1,
          "amountMax": 1
        },
        "max_trades": 1
      },
      "weight": 2
    },
    { "_name": "commonvaulthelmet_2",
      "value": {
        "buy": {
          "id": "the_vault:vault_gold",
          "amountMin": 1,
          "amountMax": 4
        },
        "sell": {
          "id": "the_vault:helmet",
          "nbt": "{Vault:{Attributes:[{Id:\"the_vault:gear_roll_type\",BaseValue:\"Common+\"}]}}",
          "amountMin": 1,
          "amountMax": 1
        },
        "max_trades": 1
      },
      "weight": 2
    },
    { "_name": "rarevaulthelmet_1",
      "value": {
        "buy": {
          "id": "the_vault:vault_gold",
          "amountMin": 1,
          "amountMax": 4
        },
        "sell": {
          "id": "the_vault:helmet",
          "nbt": "{Vault:{Attributes:[{Id:\"the_vault:gear_roll_type\",BaseValue:\"Rare+\"}]}}",
          "amountMin": 1,
          "amountMax": 1
        },
        "max_trades": 1
      },
      "weight": 1
    },
    { "_name": "scrappyvaultchest_2",
      "value": {
        "buy": {
          "id": "the_vault:vault_gold",
          "amountMin": 1,
          "amountMax": 4
        },
        "sell": {
          "id": "the_vault:chestplate",
          "nbt": "{Vault:{Attributes:[{Id:\"the_vault:gear_roll_type\",BaseValue:\"Scrappy+\"}]}}",
          "amountMin": 1,
          "amountMax": 1
        },
        "max_trades": 1
      },
      "weight": 2
    },
    { "_name": "commonvaultchest_2",
      "value": {
        "buy": {
          "id": "the_vault:vault_gold",
          "amountMin": 1,
          "amountMax": 4
        },
        "sell": {
          "id": "the_vault:chestplate",
          "nbt": "{Vault:{Attributes:[{Id:\"the_vault:gear_roll_type\",BaseValue:\"Common+\"}]}}",
          "amountMin": 1,
          "amountMax": 1
        },
        "max_trades": 1
      },
      "weight": 2
    },
    { "_name": "rarevaultchest_1",
      "value": {
        "buy": {
          "id": "the_vault:vault_gold",
          "amountMin": 1,
          "amountMax": 4
        },
        "sell": {
          "id": "the_vault:chestplate",
          "nbt": "{Vault:{Attributes:[{Id:\"the_vault:gear_roll_type\",BaseValue:\"Rare+\"}]}}",
          "amountMin": 1,
          "amountMax": 1
        },
        "max_trades": 1
      },
      "weight": 1
    },
    { "_name": "scrappyvaultlegs_2",
      "value": {
        "buy": {
          "id": "the_vault:vault_gold",
          "amountMin": 1,
          "amountMax": 4
        },
        "sell": {
          "id": "the_vault:leggings",
          "nbt": "{Vault:{Attributes:[{Id:\"the_vault:gear_roll_type\",BaseValue:\"Scrappy+\"}]}}",
          "amountMin": 1,
          "amountMax": 1
        },
        "max_trades": 1
      },
      "weight": 2
    },
    { "_name": "commonvaultlegs_2",
      "value": {
        "buy": {
          "id": "the_vault:vault_gold",
          "amountMin": 1,
          "amountMax": 4
        },
        "sell": {
          "id": "the_vault:leggings",
          "nbt": "{Vault:{Attributes:[{Id:\"the_vault:gear_roll_type\",BaseValue:\"Common+\"}]}}",
          "amountMin": 1,
          "amountMax": 1
        },
        "max_trades": 1
      },
      "weight": 2
    },
    { "_name": "rarevaultlegs_1",
      "value": {
        "buy": {
          "id": "the_vault:vault_gold",
          "amountMin": 1,
          "amountMax": 4
        },
        "sell": {
          "id": "the_vault:leggings",
          "nbt": "{Vault:{Attributes:[{Id:\"the_vault:gear_roll_type\",BaseValue:\"Rare+\"}]}}",
          "amountMin": 1,
          "amountMax": 1
        },
        "max_trades": 1
      },
      "weight": 1
    },
    { "_name": "scrappyvaultboots_2",
      "value": {
        "buy": {
          "id": "the_vault:vault_gold",
          "amountMin": 1,
          "amountMax": 4
        },
        "sell": {
          "id": "the_vault:boots",
          "nbt": "{Vault:{Attributes:[{Id:\"the_vault:gear_roll_type\",BaseValue:\"Scrappy+\"}]}}",
          "amountMin": 1,
          "amountMax": 1
        },
        "max_trades": 1
      },
      "weight": 2
    },
    { "_name": "commonvaultboots_2",
      "value": {
        "buy": {
          "id": "the_vault:vault_gold",
          "amountMin": 1,
          "amountMax": 4
        },
        "sell": {
          "id": "the_vault:boots",
          "nbt": "{Vault:{Attributes:[{Id:\"the_vault:gear_roll_type\",BaseValue:\"Common+\"}]}}",
          "amountMin": 1,
          "amountMax": 1
        },
        "max_trades": 1
      },
      "weight": 2
    },
    { "_name": "rarevaultboots_1",
      "value": {
        "buy": {
          "id": "the_vault:vault_gold",
          "amountMin": 1,
          "amountMax": 4
        },
        "sell": {
          "id": "the_vault:boots",
          "nbt": "{Vault:{Attributes:[{Id:\"the_vault:gear_roll_type\",BaseValue:\"Rare+\"}]}}",
          "amountMin": 1,
          "amountMax": 1
        },
        "max_trades": 1
      },
      "weight": 1
    },
    { "_name": "scrappyvaultsword_2",
      "value": {
        "buy": {
          "id": "the_vault:vault_gold",
          "amountMin": 1,
          "amountMax": 4
        },
        "sell": {
          "id": "the_vault:sword",
          "nbt": "{Vault:{Attributes:[{Id:\"the_vault:gear_roll_type\",BaseValue:\"Scrappy+\"}]}}",
          "amountMin": 1,
          "amountMax": 1
        },
        "max_trades": 1
      },
      "weight": 2
    },
    { "_name": "commonvaultsword_2",
      "value": {
        "buy": {
          "id": "the_vault:vault_gold",
          "amountMin": 1,
          "amountMax": 4
        },
        "sell": {
          "id": "the_vault:sword",
          "nbt": "{Vault:{Attributes:[{Id:\"the_vault:gear_roll_type\",BaseValue:\"Common+\"}]}}",
          "amountMin": 1,
          "amountMax": 1
        },
        "max_trades": 1
      },
      "weight": 2
    },
    { "_name": "rarevaultsword_1",
      "value": {
        "buy": {
          "id": "the_vault:vault_gold",
          "amountMin": 1,
          "amountMax": 4
        },
        "sell": {
          "id": "the_vault:sword",
          "nbt": "{Vault:{Attributes:[{Id:\"the_vault:gear_roll_type\",BaseValue:\"Rare+\"}]}}",
          "amountMin": 1,
          "amountMax": 1
        },
        "max_trades": 1
      },
      "weight": 1
    }
  ],
  "TRADES_TIER3": [
    { "_name": "star_essence_6",
      "value": {
        "buy": {
          "id": "the_vault:vault_silver",
          "amountMin": 1,
          "amountMax": 3
        },
        "sell": {
          "id": "the_vault:star_essence",
          "amountMin": 1,
          "amountMax": 2
        },
        "max_trades": 3
      },
      "weight": 6
    },
    { "_name": "skill_essence_2",
      "value": {
        "buy": {
          "id": "the_vault:vault_silver",
          "amountMin": 3,
          "amountMax": 5
        },
        "sell": {
          "id": "the_vault:skill_essence",
          "amountMin": 1,
          "amountMax": 2
        },
        "max_trades": 3
      },
      "weight": 2
    },
    { "_name": "pandorasbox_4",
      "value": {
        "buy": {
          "id": "the_vault:vault_silver",
          "amountMin": 2,
          "amountMax": 8
        },
        "sell": {
          "id": "the_vault:pandoras_box",
          "amountMin": 1,
          "amountMax": 1
        },
        "max_trades": 1
      },
      "weight": 4
    },
    { "_name": "perfect_lari_3",
      "value": {
        "buy": {
          "id": "the_vault:vault_silver",
          "amountMin": 5,
          "amountMax": 14
        },
        "sell": {
          "id": "the_vault:perfect_larimar",
          "amountMin": 1,
          "amountMax": 1
        },
        "max_trades": 1
      },
      "weight": 3
    },
    { "_name": "perfect_beni_3",
      "value": {
        "buy": {
          "id": "the_vault:vault_silver",
          "amountMin": 5,
          "amountMax": 14
        },
        "sell": {
          "id": "the_vault:perfect_benitoite",
          "amountMin": 1,
          "amountMax": 1
        },
        "max_trades": 1
      },
      "weight": 3
    },
    { "_name": "echogem_1",
      "value": {
        "buy": {
          "id": "the_vault:vault_gold",
          "amountMin": 1,
          "amountMax": 4
        },
        "sell": {
          "id": "the_vault:gem_echo",
          "amountMin": 1,
          "amountMax": 1
        },
        "max_trades": 1
      },
      "weight": 1
    },
    { "_name": "vault_diamond_3",
      "value": {
        "buy": {
          "id": "the_vault:vault_silver",
          "amountMin": 2,
          "amountMax": 9
        },
        "sell": {
          "id": "the_vault:vault_diamond",
          "amountMin": 1,
          "amountMax": 1
        },
        "max_trades": 3
      },
      "weight": 3
    },
    { "_name": "burger_5",
      "value": {
        "buy": {
          "id": "the_vault:vault_silver",
          "amountMin": 1,
          "amountMax": 3
        },
        "sell": {
          "id": "the_vault:vault_burger",
          "amountMin": 1,
          "amountMax": 1
        },
        "max_trades": 3
      },
      "weight": 5
    },
    { "_name": "hearty_apple_6",
      "value": {
        "buy": {
          "id": "the_vault:vault_bronze",
          "amountMin": 2,
          "amountMax": 4
        },
        "sell": {
          "id": "the_vault:hearty_apple",
          "amountMin": 1,
          "amountMax": 1
        },
        "max_trades": 3
      },
      "weight": 6
    },
    { "_name": "lucky_apple_2",
      "value": {
        "buy": {
          "id": "the_vault:vault_gold",
          "amountMin": 1,
          "amountMax": 3
        },
        "sell": {
          "id": "the_vault:lucky_apple",
          "amountMin": 1,
          "amountMax": 1
        },
        "max_trades": 1
      },
      "weight": 2
    },
    { "_name": "ghost_apple_2",
      "value": {
        "buy": {
          "id": "the_vault:vault_gold",
          "amountMin": 1,
          "amountMax": 3
        },
        "sell": {
          "id": "the_vault:ghost_apple",
          "amountMin": 1,
          "amountMax": 1
        },
        "max_trades": 1
      },
      "weight": 2
    },
    { "_name": "power_apple_3",
      "value": {
        "buy": {
          "id": "the_vault:vault_silver",
          "amountMin": 1,
          "amountMax": 5
        },
        "sell": {
          "id": "the_vault:power_apple",
          "amountMin": 1,
          "amountMax": 1
        },
        "max_trades": 1
      },
      "weight": 3
    },
    { "_name": "paxel_1",
      "value": {
        "buy": {
          "id": "the_vault:vault_gold",
          "amountMin": 1,
          "amountMax": 6
        },
        "sell": {
          "id": "the_vault:vault_paxel",
          "amountMin": 1,
          "amountMax": 1
        },
        "max_trades": 1
      },
      "weight": 1
    },
    { "_name": "strong_magnet_1",
      "value": {
        "buy": {
          "id": "the_vault:vault_gold",
          "amountMin": 1,
          "amountMax": 4
        },
        "sell": {
          "id": "the_vault:vault_magnet_strong",
          "amountMin": 1,
          "amountMax": 1
        },
        "max_trades": 1
      },
      "weight": 1
    },
    { "_name": "candy_bar_5",
      "value": {
        "buy": {
          "id": "the_vault:vault_bronze",
          "amountMin": 1,
          "amountMax": 8
        },
        "sell": {
          "id": "the_vault:candy_bar",
          "amountMin": 1,
          "amountMax": 1
        },
        "max_trades": 3
      },
      "weight": 5
    },
    { "_name": "power_bar_3",
      "value": {
        "buy": {
          "id": "the_vault:vault_silver",
          "amountMin": 4,
          "amountMax": 8
        },
        "sell": {
          "id": "the_vault:power_bar",
          "amountMin": 1,
          "amountMax": 1
        },
        "max_trades": 3
      },
      "weight": 3
    },
    { "_name": "vault_pearl_2",
      "value": {
        "buy": {
          "id": "the_vault:vault_gold",
          "amountMin": 1,
          "amountMax": 2
        },
        "sell": {
          "id": "the_vault:vault_pearl",
          "amountMin": 1,
          "amountMax": 1
        },
        "max_trades": 1
      },
      "weight": 2
    },
    { "_name": "water_bucket_1",
      "value": {
        "buy": {
          "id": "the_vault:vault_gold",
          "amountMin": 2,
          "amountMax": 16
        },
        "sell": {
          "id": "the_vault:infinite_water_bucket",
          "amountMin": 1,
          "amountMax": 1
        },
        "max_trades": 1
      },
      "weight": 1
    },
    { "_name": "god_apple_1",
      "value": {
        "buy": {
          "id": "the_vault:vault_gold",
          "amountMin": 4,
          "amountMax": 36
        },
        "sell": {
          "id": "minecraft:enchanted_golden_apple",
          "amountMin": 1,
          "amountMax": 1
        },
        "max_trades": 1
      },
      "weight": 1
    },
    { "_name": "vault_dust_4",
      "value": {
        "buy": {
          "id": "the_vault:vault_bronze",
          "amountMin": 2,
          "amountMax": 8
        },
        "sell": {
          "id": "the_vault:vault_dust",
          "amountMin": 1,
          "amountMax": 2
        },
        "max_trades": 4
      },
      "weight": 4
    },
    { "_name": "plating_4",
      "value": {
        "buy": {
          "id": "the_vault:vault_bronze",
          "amountMin": 1,
          "amountMax": 9
        },
        "sell": {
          "id": "the_vault:vault_plating",
          "amountMin": 1,
          "amountMax": 1
        },
        "max_trades": 4
      },
      "weight": 4
    },
    { "_name": "wutax_shard_3",
      "value": {
        "buy": {
          "id": "the_vault:vault_bronze",
          "amountMin": 1,
          "amountMax": 9
        },
        "sell": {
          "id": "the_vault:wutax_shard",
          "amountMin": 1,
          "amountMax": 3
        },
        "max_trades": 6
      },
      "weight": 2
    },
    { "_name": "respect_flask_1",
      "value": {
        "buy": {
          "id": "the_vault:vault_silver",
          "amountMin": 1,
          "amountMax": 4
        },
        "sell": {
          "id": "the_vault:respec_flask",
          "amountMin": 1,
          "amountMax": 1
        },
        "max_trades": 1
      },
      "weight": 2
    },
    { "_name": "q_candybar",
      "value": {
        "buy": {
          "id": "the_vault:candy_bar",
          "amountMin": 1,
          "amountMax": 1
        },
        "sell": {
          "id": "the_vault:vault_bronze",
          "amountMin": 5,
          "amountMax": 12
        },
        "max_trades": 5
      },
      "weight": 3
    },
    { "_name": "q_diamond_block_4",
      "value": {
        "buy": {
          "id": "minecraft:diamond_block",
          "amountMin": 1,
          "amountMax": 1
        },
        "sell": {
          "id": "the_vault:vault_bronze",
          "amountMin": 2,
          "amountMax": 6
        },
        "max_trades": 8
      },
      "weight": 4
    },
    { "_name": "q_vault_apple_4",
      "value": {
        "buy": {
          "id": "the_vault:vault_apple",
          "amountMin": 1,
          "amountMax": 1
        },
        "sell": {
          "id": "the_vault:vault_bronze",
          "amountMin": 2,
          "amountMax": 6
        },
        "max_trades": 5
      },
      "weight": 4
    },
    { "_name": "q_netherrack_3_3",
      "value": {
        "buy": {
          "id": "compressium:netherrack_3",
          "amountMin": 1,
          "amountMax": 1
        },
        "sell": {
          "id": "the_vault:vault_bronze",
          "amountMin": 2,
          "amountMax": 6
        },
        "max_trades": 5
      },
      "weight": 3
    },
    { "_name": "q_netherite_scrap_4",
      "value": {
        "buy": {
          "id": "minecraft:netherite_scrap",
          "amountMin": 1,
          "amountMax": 1
        },
        "sell": {
          "id": "the_vault:vault_bronze",
          "amountMin": 2,
          "amountMax": 6
        },
        "max_trades": 5
      },
      "weight": 4
    },
    { "_name": "q_honey_4",
      "value": {
        "buy": {
          "id": "minecraft:honeycomb",
          "amountMin": 1,
          "amountMax": 1
        },
        "sell": {
          "id": "the_vault:vault_bronze",
          "amountMin": 1,
          "amountMax": 6
        },
        "max_trades": 4
      },
      "weight": 4
    },
    { "_name": "q_lilypad_4",
      "value": {
        "buy": {
          "id": "minecraft:lily_pad",
          "amountMin": 1,
          "amountMax": 1
        },
        "sell": {
          "id": "the_vault:vault_bronze",
          "amountMin": 1,
          "amountMax": 6
        },
        "max_trades": 5
      },
      "weight": 4
    },
    { "_name": "q_bamboo_3",
      "value": {
        "buy": {
          "id": "minecraft:bamboo",
          "amountMin": 12,
          "amountMax": 12
        },
        "sell": {
          "id": "the_vault:vault_silver",
          "amountMin": 1,
          "amountMax": 1
        },
        "max_trades": 3
      },
      "weight": 3
    },
    { "_name": "q_cobweb_3",
      "value": {
        "buy": {
          "id": "minecraft:cobweb",
          "amountMin": 1,
          "amountMax": 1
        },
        "sell": {
          "id": "the_vault:vault_bronze",
          "amountMin": 1,
          "amountMax": 5
        },
        "max_trades": 3
      },
      "weight": 3
    },
    { "_name": "uncommonbackpack_1",
      "value": {
        "buy": {
          "id": "the_vault:vault_gold",
          "amountMin": 1,
          "amountMax": 3
        },
        "sell": {
          "id": "simplybackpacks:uncommonbackpack",
          "amountMin": 1,
          "amountMax": 1
        },
        "max_trades": 1
      },
      "weight": 1
    },
    { "_name": "dank2_1",
      "value": {
        "buy": {
          "id": "the_vault:vault_gold",
          "amountMin": 3,
          "amountMax": 6
        },
        "sell": {
          "id": "dankstorage:dank_2",
          "amountMin": 1,
          "amountMax": 1
        },
        "max_trades": 1
      },
      "weight": 1
    },
    { "_name": "trader_1",
      "value": {
        "buy": {
          "id": "the_vault:vault_gold",
          "amountMin": 1,
          "amountMax": 3
        },
        "sell": {
          "id": "easy_villagers:trader",
          "amountMin": 1,
          "amountMax": 1
        },
        "max_trades": 1
      },
      "weight": 1
    },
    { "_name": "voidup_1",
      "value": {
        "buy": {
          "id": "the_vault:vault_silver",
          "amountMin": 3,
          "amountMax": 9
        },
        "sell": {
          "id": "storagedrawers:void_upgrade",
          "amountMin": 1,
          "amountMax": 1
        },
        "max_trades": 1
      },
      "weight": 1
    },
    { "_name": "vault_essence_5",
      "value": {
        "buy": {
          "id": "the_vault:vault_silver",
          "amountMin": 1,
          "amountMax": 4
        },
        "sell": {
          "id": "the_vault:vault_essence",
          "amountMin": 1,
          "amountMax": 1
        },
        "max_trades": 1
      },
      "weight": 3
    },
    { "_name": "star_core_2",
      "value": {
        "buy": {
          "id": "the_vault:vault_gold",
          "amountMin": 1,
          "amountMax": 4
        },
        "sell": {
          "id": "the_vault:star_core",
          "amountMin": 1,
          "amountMax": 1
        },
        "max_trades": 1
      },
      "weight": 1
    },
    { "_name": "catalystfragment_5",
      "value": {
        "buy": {
          "id": "the_vault:vault_bronze",
          "amountMin": 3,
          "amountMax": 8
        },
        "sell": {
          "id": "the_vault:vault_catalyst_fragment",
          "amountMin": 1,
          "amountMax": 1
        },
        "max_trades": 5
      },
      "weight": 5
    },
    { "_name": "catalyst_3",
      "value": {
        "buy": {
          "id": "the_vault:vault_silver",
          "amountMin": 3,
          "amountMax": 9
        },
        "sell": {
          "id": "the_vault:vault_catalyst",
          "amountMin": 1,
          "amountMax": 1
        },
        "max_trades": 1
      },
      "weight": 3
    },
    { "_name": "repaircore_2",
      "value": {
        "buy": {
          "id": "the_vault:vault_gold",
          "amountMin": 1,
          "amountMax": 2
        },
        "sell": {
          "id": "the_vault:repair_core",
          "amountMin": 1,
          "amountMax": 1
        },
        "max_trades": 1
      },
      "weight": 2
    },
    { "_name": "paxelcharm_2",
      "value": {
        "buy": {
          "id": "the_vault:vault_silver",
          "amountMin": 5,
          "amountMax": 12
        },
        "sell": {
          "id": "the_vault:paxel_charm",
          "amountMin": 1,
          "amountMax": 1
        },
        "max_trades": 1
      },
      "weight": 2
    },
    { "_name": "modbox_4",
      "value": {
        "buy": {
          "id": "the_vault:vault_silver",
          "amountMin": 2,
          "amountMax": 9
        },
        "sell": {
          "id": "the_vault:mod_box",
          "amountMin": 1,
          "amountMax": 1
        },
        "max_trades": 1
      },
      "weight": 4
    },
    { "_name": "wutaxcrystal_4",
      "value": {
        "buy": {
          "id": "the_vault:vault_silver",
          "amountMin": 2,
          "amountMax": 6
        },
        "sell": {
          "id": "the_vault:wutax_crystal",
          "amountMin": 1,
          "amountMax": 1
        },
        "max_trades": 1
      },
      "weight": 2
    },
    { "_name": "sharpness7_1",
      "value": {
        "buy": {
          "id": "the_vault:vault_gold",
          "amountMin": 4,
          "amountMax": 16
        },
        "sell": {
          "id": "minecraft:enchanted_book",
          "nbt": "{StoredEnchantments:[{lvl:7,id:\"minecraft:sharpness\"}]}",
          "amountMin": 1,
          "amountMax": 1
        },
        "max_trades": 1
      },
      "weight": 1
    },
    { "_name": "unbreaking_1",
      "value": {
        "buy": {
          "id": "the_vault:vault_gold",
          "amountMin": 4,
          "amountMax": 16
        },
        "sell": {
          "id": "minecraft:enchanted_book",
          "nbt": "{StoredEnchantments:[{lvl:4,id:\"minecraft:unbreaking\"}]}",
          "amountMin": 1,
          "amountMax": 1
        },
        "max_trades": 1
      },
      "weight": 1
    },
    { "_name": "protection_1",
      "value": {
        "buy": {
          "id": "the_vault:vault_gold",
          "amountMin": 2,
          "amountMax": 8
        },
        "sell": {
          "id": "minecraft:enchanted_book",
          "nbt": "{StoredEnchantments:[{lvl:5,id:\"minecraft:protection\"}]}",
          "amountMin": 1,
          "amountMax": 1
        },
        "max_trades": 1
      },
      "weight": 1
    },
    { "_name": "smite_2",
      "value": {
        "buy": {
          "id": "the_vault:vault_gold",
          "amountMin": 4,
          "amountMax": 16
        },
        "sell": {
          "id": "minecraft:enchanted_book",
          "nbt": "{StoredEnchantments:[{lvl:7,id:\"minecraft:smite\"}]}",
          "amountMin": 1,
          "amountMax": 1
        },
        "max_trades": 1
      },
      "weight": 1
    },
    { "_name": "fortune_1",
      "value": {
        "buy": {
          "id": "the_vault:vault_gold",
          "amountMin": 2,
          "amountMax": 8
        },
        "sell": {
          "id": "minecraft:enchanted_book",
          "nbt": "{StoredEnchantments:[{lvl:4,id:\"minecraft:fortune\"}]}",
          "amountMin": 1,
          "amountMax": 1
        },
        "max_trades": 1
      },
      "weight": 1
    },
    { "_name": "commonvaulthelmet_2",
      "value": {
        "buy": {
          "id": "the_vault:vault_gold",
          "amountMin": 1,
          "amountMax": 4
        },
        "sell": {
          "id": "the_vault:helmet",
          "nbt": "{Vault:{Attributes:[{Id:\"the_vault:gear_roll_type\",BaseValue:\"Common+\"}]}}",
          "amountMin": 1,
          "amountMax": 1
        },
        "max_trades": 1
      },
      "weight": 2
    },
    { "_name": "rarevaulthelmet_1",
      "value": {
        "buy": {
          "id": "the_vault:vault_gold",
          "amountMin": 1,
          "amountMax": 4
        },
        "sell": {
          "id": "the_vault:helmet",
          "nbt": "{Vault:{Attributes:[{Id:\"the_vault:gear_roll_type\",BaseValue:\"Rare+\"}]}}",
          "amountMin": 1,
          "amountMax": 1
        },
        "max_trades": 1
      },
      "weight": 1
    },
    { "_name": "commonvaultchest_2",
      "value": {
        "buy": {
          "id": "the_vault:vault_gold",
          "amountMin": 1,
          "amountMax": 4
        },
        "sell": {
          "id": "the_vault:chestplate",
          "nbt": "{Vault:{Attributes:[{Id:\"the_vault:gear_roll_type\",BaseValue:\"Common+\"}]}}",
          "amountMin": 1,
          "amountMax": 1
        },
        "max_trades": 1
      },
      "weight": 2
    },
    { "_name": "rarevaultchest_1",
      "value": {
        "buy": {
          "id": "the_vault:vault_gold",
          "amountMin": 1,
          "amountMax": 4
        },
        "sell": {
          "id": "the_vault:chestplate",
          "nbt": "{Vault:{Attributes:[{Id:\"the_vault:gear_roll_type\",BaseValue:\"Rare+\"}]}}",
          "amountMin": 1,
          "amountMax": 1
        },
        "max_trades": 1
      },
      "weight": 1
    },
    { "_name": "commonvaultlegs_2",
      "value": {
        "buy": {
          "id": "the_vault:vault_gold",
          "amountMin": 1,
          "amountMax": 4
        },
        "sell": {
          "id": "the_vault:leggings",
          "nbt": "{Vault:{Attributes:[{Id:\"the_vault:gear_roll_type\",BaseValue:\"Common+\"}]}}",
          "amountMin": 1,
          "amountMax": 1
        },
        "max_trades": 1
      },
      "weight": 2
    },
    { "_name": "rarevaultlegs_1",
      "value": {
        "buy": {
          "id": "the_vault:vault_gold",
          "amountMin": 1,
          "amountMax": 4
        },
        "sell": {
          "id": "the_vault:leggings",
          "nbt": "{Vault:{Attributes:[{Id:\"the_vault:gear_roll_type\",BaseValue:\"Rare+\"}]}}",
          "amountMin": 1,
          "amountMax": 1
        },
        "max_trades": 1
      },
      "weight": 1
    },
    { "_name": "commonvaultboots_2",
      "value": {
        "buy": {
          "id": "the_vault:vault_gold",
          "amountMin": 1,
          "amountMax": 4
        },
        "sell": {
          "id": "the_vault:boots",
          "nbt": "{Vault:{Attributes:[{Id:\"the_vault:gear_roll_type\",BaseValue:\"Common+\"}]}}",
          "amountMin": 1,
          "amountMax": 1
        },
        "max_trades": 1
      },
      "weight": 2
    },
    { "_name": "rarevaultboots_1",
      "value": {
        "buy": {
          "id": "the_vault:vault_gold",
          "amountMin": 1,
          "amountMax": 4
        },
        "sell": {
          "id": "the_vault:boots",
          "nbt": "{Vault:{Attributes:[{Id:\"the_vault:gear_roll_type\",BaseValue:\"Rare+\"}]}}",
          "amountMin": 1,
          "amountMax": 1
        },
        "max_trades": 1
      },
      "weight": 1
    },
    { "_name": "commonvaultsword_2",
      "value": {
        "buy": {
          "id": "the_vault:vault_gold",
          "amountMin": 1,
          "amountMax": 4
        },
        "sell": {
          "id": "the_vault:sword",
          "nbt": "{Vault:{Attributes:[{Id:\"the_vault:gear_roll_type\",BaseValue:\"Common+\"}]}}",
          "amountMin": 1,
          "amountMax": 1
        },
        "max_trades": 1
      },
      "weight": 2
    },
    { "_name": "rarevaultsword_1",
      "value": {
        "buy": {
          "id": "the_vault:vault_gold",
          "amountMin": 1,
          "amountMax": 4
        },
        "sell": {
          "id": "the_vault:sword",
          "nbt": "{Vault:{Attributes:[{Id:\"the_vault:gear_roll_type\",BaseValue:\"Rare+\"}]}}",
          "amountMin": 1,
          "amountMax": 1
        },
        "max_trades": 1
      },
      "weight": 1
    },
    { "_name": "idol1_1",
      "value": {
        "buy": {
          "id": "the_vault:vault_gold",
          "amountMin": 1,
          "amountMax": 4
        },
        "sell": {
          "id": "the_vault:idol_benevolent",
          "nbt": "{Vault:{Attributes:[{Id:\"the_vault:gear_roll_type\",BaseValue:\"Common\"}]}}",
          "amountMin": 1,
          "amountMax": 1
        },
        "max_trades": 1
      },
      "weight": 1
    },
    { "_name": "idol2_1",
      "value": {
        "buy": {
          "id": "the_vault:vault_gold",
          "amountMin": 1,
          "amountMax": 4
        },
        "sell": {
          "id": "the_vault:idol_omniscient",
          "nbt": "{Vault:{Attributes:[{Id:\"the_vault:gear_roll_type\",BaseValue:\"Common\"}]}}",
          "amountMin": 1,
          "amountMax": 1
        },
        "max_trades": 1
      },
      "weight": 1
    },
    { "_name": "idol3_1",
      "value": {
        "buy": {
          "id": "the_vault:vault_gold",
          "amountMin": 1,
          "amountMax": 4
        },
        "sell": {
          "id": "the_vault:idol_timekeeper",
          "nbt": "{Vault:{Attributes:[{Id:\"the_vault:gear_roll_type\",BaseValue:\"Common\"}]}}",
          "amountMin": 1,
          "amountMax": 1
        },
        "max_trades": 1
      },
      "weight": 1
    },
    { "_name": "idol4_1",
      "value": {
        "buy": {
          "id": "the_vault:vault_gold",
          "amountMin": 1,
          "amountMax": 4
        },
        "sell": {
          "id": "the_vault:idol_malevolence",
          "nbt": "{Vault:{Attributes:[{Id:\"the_vault:gear_roll_type\",BaseValue:\"Common\"}]}}",
          "amountMin": 1,
          "amountMax": 1
        },
        "max_trades": 1
      },
      "weight": 1
    }
  ]
}