{
  "translations": {
    "the_vault.gear_attribute.effect_avoidance.avoidance": "%s Avoidance",
    "the_vault.gear_attribute.effect_avoidance.avoidance.bad_effects": "Effect",
    "the_vault.boss_rune_effect.light_melee": "Melee Attack",
    "the_vault.boss_rune_effect.heavy_melee": "Heavy Melee Attack",
    "the_vault.boss_rune_effect.light_ranged": "Ranged Attack",
    "the_vault.boss_rune_effect.heavy_ranged": "Heavy Ranged Attack",
    "the_vault.boss_rune_effect.aoe_attack": "Area of Effect Attack",
    "the_vault.boss_rune_effect.buff_effect": "Buff Effect",
    "the_vault.boss_rune_effect.on-hit_effect": "On Hit Effect",
    "the_vault.boss_rune_effect.attribute_health": "Extra Health",
    "the_vault.boss_rune_effect.attribute_dmg": "Increased Damage"
  }
}