{
  "processingTickTime": 20,
  "outputItem": "the_vault:soul_dust",
  "diffuserOutputMap": {
    "the_vault:gem_wutodie": 128,
    "the_vault:banished_soul": 42,
    "the_vault:soul_vortex": 45000,
    "the_vault:old_notes": 1024,
    "the_vault:silver_scrap": 6,
    "the_vault:hunter_eye": 64,
    "the_vault:mote_clarity": 132,
    "the_vault:mote_purity": 320,
    "the_vault:mote_sanctity": 512,
    "the_vault:plain_burger": 9,
    "the_vault:cheese_burger": 21,
    "the_vault:double_cheese_burger": 25,
    "the_vault:deluxe_cheese_burger": 41,
    "the_vault:crispy_deluxe_cheese_burger": 73,
    "the_vault:salty_deluxe_cheese_burger": 121,
    "the_vault:cheese_burger_feast": 185,
    "the_vault:spicy_hearty_burger": 256,
    "the_vault:relic_booster_pack": 32,
    "the_vault:skill_shard": 162,
    "the_vault:skill_essence": 18,
    "the_vault:bitter_lemon": 192,
    "the_vault:mango": 256,
    "the_vault:sour_orange": 384,
    "the_vault:key_piece": 312,
    "the_vault:poisonous_mushroom": 42,
    "the_vault:vault_diamond": 128,
    "the_vault:unidentified_relic": 256,
    "the_vault:sweet_kiwi": 32,
    "the_vault:vault_scrap": 32,
    "the_vault:vault_ingot": 81,
    "the_vault:vault_nugget": 9,
    "the_vault:vault_dust": 1,
    "the_vault:mystery_box": 36,
    "the_vault:mystery_egg": 256,
    "the_vault:mystery_hostile_egg": 256,
    "the_vault:acceleration_chip": 256,
    "the_vault:eternal_soul": 64,
    "the_vault:knowledge_star_shard": 288,
    "the_vault:knowledge_star_essence": 32,
    "the_vault:knowledge_star_core": 768,
    "the_vault:knowledge_star": 1024,
    "the_vault:vault_apple": 9,
    "the_vault:hearty_apple": 32,
    "the_vault:magnetite": 9,
    "the_vault:vault_essence": 11,
    "the_vault:vault_plating": 4,
    "the_vault:vault_alloy": 42,
    "the_vault:wild_focus": 18,
    "the_vault:amplifying_focus": 27,
    "the_vault:nullifying_focus": 48,
    "the_vault:fundamental_focus": 256,
    "the_vault:faceted_focus": 256,
    "the_vault:waning_focus": 448,
    "the_vault:waxing_focus": 448,
    "the_vault:chaotic_focus": 384,
    "the_vault:resilient_focus": 512,
    "the_vault:opportunistic_focus": 512,
    "the_vault:soul_shard": 1,
    "the_vault:vault_catalyst_fragment": 12,
    "the_vault:vault_catalyst": 108,
    "the_vault:phoenix_feather": 620,
    "the_vault:eye_of_avarice": "512",
    "the_vault:capstone_peaceful": "8192",
    "the_vault:capstone_dungeon_hunter": "1024",
    "the_vault:capstone_treasure_hunter": "2048",
    "the_vault:capstone_pylon_hunter": "1024",
    "the_vault:capstone_vendoor_hunter": "1024",
    "the_vault:crystal_seal_empty": 256,
    "the_vault:mod_box": 256,
    "the_vault:chromatic_steel_ingot": 48,
    "the_vault:magic_silk": 5,
    "the_vault:magic_silk_block": 45,
    "the_vault:carbon": 18,
    "the_vault:carbon_nugget": 2,
    "the_vault:burger_bun": 5,
    "the_vault:burger_patty": 4,
    "the_vault:burger_cheese": 12,
    "the_vault:burger_tomato": 20,
    "the_vault:burger_lettuce": 32,
    "the_vault:burger_pickles": 48,
    "the_vault:burger_sauce": 64,
    "the_vault:driftwood": 4,
    "the_vault:driftwood_planks": 16,
    "the_vault:driftwood_log": 64,
    "the_vault:vault_meat": 7,
    "the_vault:cooked_vault_steak": 28,
    "the_vault:raw_vault_steak": 28,
    "the_vault:vault_meat_block": 63,
    "the_vault:packed_vault_meat_block": 567,
    "the_vault:regret_nugget": 2,
    "the_vault:regret_chunk": 18,
    "the_vault:regret_orb": 144,
    "the_vault:phoenix_dust": 64,
    "the_vault:dreamstone": 32,
    "the_vault:augment": 512,
    "the_vault:wooden_chest_scroll": 128,
    "the_vault:ornate_chest_scroll": 256,
    "the_vault:gilded_chest_scroll": 256,
    "the_vault:living_chest_scroll": 256,
    "the_vault:altar_chest_scroll": 512,
    "the_vault:treasure_chest_scroll": 1024,
    "the_vault:hardened_chest_scroll": 128,
    "the_vault:flesh_chest_scroll": 128,
    "the_vault:enigma_chest_scroll": 1024,
    "the_vault:unique_crate_scroll": 768,
    "the_vault:respec_flask": 85,
    "the_vault:vault_catalyst_infused": 450,
    "the_vault:mystical_powder": 342,
    "the_vault:empty_flask": 32,
    "the_vault:vault_relic_fragment": 64,
    "the_vault:blue_puzzle_concrete": 32,
    "the_vault:yellow_puzzle_concrete": 128,
    "the_vault:pink_puzzle_concrete": 256,
    "the_vault:green_puzzle_concrete": 1024,
    "the_vault:god_blessing": 18,
    "the_vault:gorgeous_jewel": 1024,
    "the_vault:ash_jewel": 1024,
    "the_vault:benite_jewel": 1024,
    "the_vault:bombing_jewel": 1024,
    "the_vault:echoing_jewel": 4096,
    "the_vault:petzan_jewel": 1024,
    "the_vault:pogging_jewel": 2048,
    "the_vault:tubic_jewel": 1024,
    "the_vault:xen_jewel": 1024,
    "the_vault:sparking_jewel": 1024,
    "the_vault:iskallic_jewel": 1024,
    "the_vault:upal_jewel": 1024,
    "the_vault:vaulterite_pickaxe": 1024,
    "the_vault:vault_pickaxe": 1024,
    "the_vault:black_chromatic_pickaxe": 2048,
    "the_vault:echoing_pickaxe": 4096,
    "the_vault:prismatic_pickaxe": 4096,
    "the_vault:gorgeous_gemstone": 512,
    "the_vault:ashium_gemstone": 512,
    "the_vault:benitoite_gemstone": 512,
    "the_vault:bomignite_gemstone": 512,
    "the_vault:echoing_gemstone": 1024,
    "the_vault:petzanite_gemstone": 512,
    "the_vault:pogging_gemstone": 1024,
    "the_vault:tubium_gemstone": 512,
    "the_vault:wutodic_gemstone": 512,
    "the_vault:xenium_gemstone": 512,
    "the_vault:sparking_gemstone": 512,
    "the_vault:iskallic_gemstone": 512,
    "the_vault:upaline_gemstone": 512,
    "the_vault:scavenger_creeper_eye": 128,
    "the_vault:scavenger_creeper_foot": 1,
    "the_vault:scavenger_creeper_fuse": 1,
    "the_vault:scavenger_creeper_tnt": 1,
    "the_vault:scavenger_creeper_vial": 1,
    "the_vault:scavenger_creeper_soul_charm": 1,
    "the_vault:scavenger_drowned_barnacle": 1,
    "the_vault:scavenger_drowned_eye": 1,
    "the_vault:scavenger_drowned_hide": 8,
    "the_vault:scavenger_drowned_vial": 1,
    "the_vault:scavenger_drowned_soul_charm": 1,
    "the_vault:scavenger_skeleton_bone_shard": 4,
    "the_vault:scavenger_skeleton_milky_eye": 1,
    "the_vault:scavenger_skeleton_ribcage": 64,
    "the_vault:scavenger_skeleton_skull": 128,
    "the_vault:scavenger_skeleton_wishbone": 32,
    "the_vault:scavenger_skeleton_milky_vial": 1,
    "the_vault:scavenger_skeleton_soul_charm": 1,
    "the_vault:scavenger_spider_fangs": 1,
    "the_vault:scavenger_spider_leg": 1,
    "the_vault:scavenger_spider_webbing_spool": 64,
    "the_vault:scavenger_spider_cursed_charm": 1,
    "the_vault:scavenger_spider_vial": 1,
    "the_vault:scavenger_spider_soul_charm": 8,
    "the_vault:scavenger_zombie_brain": 64,
    "the_vault:scavenger_zombie_arm": 32,
    "the_vault:scavenger_zombie_ear": 1,
    "the_vault:scavenger_zombie_eye": 1,
    "the_vault:scavenger_zombie_hide": 8,
    "the_vault:scavenger_zombie_nose": 1,
    "the_vault:scavenger_zombie_blood_vial": 1,
    "the_vault:scavenger_blue_bangle": 1,
    "the_vault:scavenger_pink_bangle": 1,
    "the_vault:scavenger_green_bangle": 64,
    "the_vault:scavenger_earrings": 128,
    "the_vault:scavenger_goblet": 64,
    "the_vault:scavenger_sack": 32,
    "the_vault:scavenger_red_scroll": 4,
    "the_vault:scavenger_blue_scroll": 1,
    "the_vault:scavenger_broken_pottery": 1,
    "the_vault:scavenger_cracked_pearl": 128,
    "the_vault:scavenger_cracked_script": 32,
    "the_vault:scavenger_empty_jar": 4,
    "the_vault:scavenger_old_book": 8,
    "the_vault:scavenger_pottery_shard": 16,
    "the_vault:scavenger_poultice_jar": 1,
    "the_vault:scavenger_preserves_jar": 1,
    "the_vault:scavenger_ripped_page": 1,
    "the_vault:scavenger_saddle_bag": 64,
    "the_vault:scavenger_spice_jar": 1,
    "the_vault:scavenger_wizard_wand": 128,
    "the_vault:scavenger_mob_black": 16,
    "the_vault:scavenger_mob_green": 2,
    "the_vault:scavenger_mob_purple": 8,
    "the_vault:wooden_chunk": 1, 
    "the_vault:vault_sweets": 1,
    "the_vault:sandy_rocks": 1,
    "the_vault:topaz_shard": 1,
    "the_vault:gilded_ingot": 1,
    "the_vault:gilded_scone": 1,
    "the_vault:velvet": 1,
    "the_vault:ornate_ingot": 1,
    "the_vault:ornate_chain": 1,
    "the_vault:soot": 1,
    "the_vault:rotten_meat": 1,
    "the_vault:living_rock": 1,
    "the_vault:mossy_bone": 1,
    "the_vault:overgrown_wooden_chunk": 1,
    "the_vault:gilded_sconce": 1,
    "the_vault:vault_moss": 1,
    "the_vault:ancient_copper_ingot": 1,
    "the_vault:wooden_planks": 4,
    "the_vault:overgrown_wooden_planks": 4,
    "the_vault:wooden_log": 16,
    "the_vault:overgrown_wooden_log": 16,
    "the_vault:sandy_block": 4,
    "the_vault:vault_sweets_block": 9,
    "the_vault:ornate_block": 4,
    "the_vault:velvet_block": 4,
    "the_vault:gilded_block": 4,
    "the_vault:topaz_block": 4,
    "the_vault:living_rock_cobble": 4,
    "the_vault:rotten_meat_block": 4,
    "the_vault:mossy_bone_block": 4,
    "the_vault:ancient_copper_block": 9,
    "the_vault:inscription_piece": 32,
    "the_vault:living_rock_block_cobble": 4,
    "the_vault:gilded_candelabra": 4,
    "the_vault:gemstone": 64,
    "the_vault:compressed_soot_block": 9,
    "the_vault:default": 0
  }
}