{
  "processingTickTime": 20,
  "additionalOutputRarityChances": {
    "SCRAPPY": 0.0,
    "COMMON": 0.0,
    "RARE": 0.2,
    "EPIC": 0.4,
    "OMEGA": 0.6
  },
  "gearRecyclingOutput": {
    "mainOutput": {
      "chance": 1.0,
      "stack": {
        "item": "the_vault:vault_scrap"
      },
      "minCount": 4,
      "maxCount": 8
    },
    "extraOutput1": {
      "conditionalOutputs": [
        [
          {
            "rarity": "OMEGA",
            "isCrafted": false
          },
          {
            "chance": 0.2,
            "stack": {
              "item": "the_vault:adaptive_focus"
            },
            "minCount": 1,
            "maxCount": 1
          }
        ]
      ],
      
      "chance": 0.2,
      "stack": {
        "item": "minecraft:netherite_scrap"
      },
      "minCount": 1,
      "maxCount": 1
    },
    "extraOutput2": {
      "conditionalOutputs": {},
      "chance": 0.0,
      "stack": {
        "item": "the_vault:faceted_focus"
      },
      "minCount": 1,
      "maxCount": 1
    }
  },
  "voidStoneRecyclingOutput": {
    "mainOutput": {
      "chance": 1.0,
      "stack": {
        "item": "the_vault:vault_scrap"
      },
      "minCount": 4,
      "maxCount": 8
    },
    "extraOutput1": {
      "conditionalOutputs": {},
      "chance": 0.2,
      "stack": {
        "item": "minecraft:netherite_scrap"
      },
      "minCount": 1,
      "maxCount": 1
    },
    "extraOutput2": {
      "conditionalOutputs": {},
      "chance": 0.0,
      "stack": {
        "item": "the_vault:faceted_focus"
      },
      "minCount": 1,
      "maxCount": 1
    }
  },
  "charmRecyclingOutput": {
    "mainOutput": {
      "chance": 1.0,
      "stack": {
        "item": "the_vault:vault_scrap"
      },
      "minCount": 4,
      "maxCount": 8
    },
    "extraOutput1": {
      "conditionalOutputs": {},
      "chance": 0.0,
      "stack": {
        "item": "minecraft:netherite_scrap"
      },
      "minCount": 1,
      "maxCount": 1
    },
    "extraOutput2": {
      "conditionalOutputs": {},
      "chance": 0.0,
      "stack": {
        "item": "the_vault:faceted_focus"
      },
      "minCount": 1,
      "maxCount": 1
    }
  },
  "magnetRecyclingOutput": {
    "mainOutput": {
      "chance": 1.0,
      "stack": {
        "item": "the_vault:vault_scrap"
      },
      "minCount": 4,
      "maxCount": 8
    },
    "extraOutput1": {
      "conditionalOutputs": {},
      "chance": 0.2,
      "stack": {
        "item": "minecraft:netherite_scrap"
      },
      "minCount": 1,
      "maxCount": 1
    },
    "extraOutput2": {
      "conditionalOutputs": {},
      "chance": 0.0,
      "stack": {
        "item": "the_vault:faceted_focus"
      },
      "minCount": 1,
      "maxCount": 1
    }
  },
  "trinketRecyclingOutput": {
    "mainOutput": {
      "chance": 1.0,
      "stack": {
        "item": "the_vault:trinket_scrap"
      },
      "minCount": 1,
      "maxCount": 1
    },
    "extraOutput1": {
      "conditionalOutputs": {},
      "chance": 0.0,
      "stack": {
        "item": "minecraft:air"
      },
      "minCount": 1,
      "maxCount": 3
    },
    "extraOutput2": {
      "conditionalOutputs": {},
      "chance": 0.0,
      "stack": {
        "item": "minecraft:air"
      },
      "minCount": 1,
      "maxCount": 1
    }
  },
  "jewelRecyclingOutput": {
    "mainOutput": {
      "chance": 1.0,
      "stack": {
        "item": "the_vault:silver_scrap"
        
      },
      "minCount": 5,
      "maxCount": 8
    },
    "extraOutput1": {
      "conditionalOutputs": {},
      "chance": 0.33,
      "stack": {
        "item": "the_vault:gemstone"
      },
      "minCount": 1,
      "maxCount": 1
    },
    "extraOutput2": {
      "conditionalOutputs": {},
      "chance": 1.0,
      "stack": {
        "item": "minecraft:air"
      },
      "minCount": 0,
      "maxCount": 0
    }
  },
  "inscriptionRecyclingOutput": {
    "mainOutput": {
      "chance": 1.0,
      "stack": {
        "item": "the_vault:inscription_piece"
      },
      "minCount": 2,
      "maxCount": 4
    },
    "extraOutput1": {
      "conditionalOutputs": {},
      "chance": 0.0,
      "stack": {
        "item": "minecraft:air"
      },
      "minCount": 1,
      "maxCount": 1
    },
    "extraOutput2": {
      "conditionalOutputs": {},
      "chance": 0.0,
      "stack": {
        "item": "minecraft:air"
      },
      "minCount": 1,
      "maxCount": 1
    }
  }
}