{
  "modifierGroup": {
    "BASE_ATTRIBUTES": [
      { "attribute": "the_vault:durability",
        "group": "BaseDurability",
        "identifier": "the_vault:base_durability",
        "tags": [
          "resilientFocusTarget"
        ],
        "tiers": [
          {
            "minLevel": 0,
            "maxLevel": 62,
            "weight": 10,
            "value": {
              "min": 1040,
              "max": 2080,
              "step": 1
            }
          },
          {
            "minLevel": 21,
            "maxLevel": -1,
            "weight": 10,
            "value": {
              "min": 2081,
              "max": 3120,
              "step": 1
            }
          },
          {
            "minLevel": 42,
            "maxLevel": -1,
            "weight": 10,
            "value": {
              "min": 3121,
              "max": 4160,
              "step": 1
            }
          },
          {
            "minLevel": 63,
            "maxLevel": -1,
            "weight": 10,
            "value": {
              "min": 4161,
              "max": 5200,
              "step": 1
            }
          },
          {
            "minLevel": 88,
            "maxLevel": -1,
            "weight": 10,
            "value": {
              "min": 5201,
              "max": 6500,
              "step": 1
            }
          }
        ]
      },
      { "attribute": "the_vault:soulbound",
        "group": "BaseSoulbound",
        "identifier": "the_vault:base_soulbound",
        "tags": [
        ],
        "tiers": [
          {
            "minLevel": 0,
            "maxLevel": -1,
            "weight": 20,
            "value": {
              "flag": true
            }
          }
        ]
      },
      { "attribute": "the_vault:soulbound",
        "group": "BaseSoulbound",
        "identifier": "the_vault:base_no_soulbound",
        "tags": [
        ],
        "tiers": [
          {
            "minLevel": 0,
            "maxLevel": -1,
            "weight": 80,
            "value": {
              "flag": false
            }
          }
        ]
      },
      { "attribute": "the_vault:living",
        "group": "BaseLiving",
        "identifier": "the_vault:base_living",
        "tags": [
        ],
        "tiers": [
          {
            "minLevel": 0,
            "maxLevel": -1,
            "weight": 2,
            "value": {
              "flag": true
            }
          }
        ]
      },
      { "attribute": "the_vault:living",
        "group": "BaseLiving",
        "identifier": "the_vault:base_no_living",
        "tags": [
        ],
        "tiers": [
          {
            "minLevel": 0,
            "maxLevel": -1,
            "weight": 98,
            "value": {
              "flag": false
            }
          }
        ]
      }
    ],
    "IMPLICIT": [
      { "attribute": "the_vault:block",
        "group": "BaseBlock",
        "identifier": "the_vault:base_block",
        "tiers": [
          {
            "minLevel": 0,
            "maxLevel": 35,
            "weight": 10,
            "value": {
              "min": 0.05,
              "max": 0.1,
              "step": 0.01
            }
          },
          {
            "minLevel": 18,
            "maxLevel": 51,
            "weight": 10,
            "value": {
              "min": 0.11,
              "max": 0.15,
              "step": 0.01
            }
          },
          {
            "minLevel": 42,
            "maxLevel": -1,
            "weight": 10,
            "value": {
              "min": 0.16,
              "max": 0.2,
              "step": 0.01
            }
          },
          {
            "minLevel": 52,
            "maxLevel": -1,
            "weight": 10,
            "value": {
              "min": 0.21,
              "max": 0.25,
              "step": 0.01
            }
          },
          {
            "minLevel": 85,
            "maxLevel": -1,
            "weight": 10,
            "value": {
              "min": 0.26,
              "max": 0.3,
              "step": 0.01
            }
          }
        ]
      },
      { "attribute": "the_vault:thorns_damage_flat",
        "group": "BaseBlock",
        "identifier": "the_vault:base_thorns_damage_flat",
        "tiers": [
          {
            "minLevel": 0,
            "maxLevel": 35,
            "weight": 10,
            "value": {
              "min": 6.0,
              "max": 9.0,
              "step": 0.5
            }
          },
          {
            "minLevel": 19,
            "maxLevel": 49,
            "weight": 10,
            "value": {
              "min": 10.0,
              "max": 15.0,
              "step": 0.5
            }
          },
          {
            "minLevel": 36,
            "maxLevel": 67,
            "weight": 10,
            "value": {
              "min": 16.0,
              "max": 22.0,
              "step": 0.5
            }
          },
          {
            "minLevel": 50,
            "maxLevel": -1,
            "weight": 10,
            "value": {
              "min": 23.0,
              "max": 30.0,
              "step": 0.5
            }
          },
          {
            "minLevel": 68,
            "maxLevel": -1,
            "weight": 10,
            "value": {
              "min": 31.0,
              "max": 40.0,
              "step": 0.5
            }
          },
          {
            "minLevel": 90,
            "maxLevel": -1,
            "weight": 10,
            "value": {
              "min": 41.0,
              "max": 50.0,
              "step": 0.5
            }
          }
        ]
      }
    ],
    "PREFIX": [
      { "attribute": "the_vault:health",
        "group": "ModHealth",
        "identifier": "the_vault:mod_health",
        "tags": [
          "focusHealth"
        ],
        "tiers": [
          {
            "minLevel": 0,
            "maxLevel": -1,
            "weight": 10,
            "value": {
              "min": 2,
              "max": 3,
              "step": 1
            }
          },
          {
            "minLevel": 25,
            "maxLevel": -1,
            "weight": 10,
            "value": {
              "min": 4,
              "max": 4,
              "step": 1
            }
          },
          {
            "minLevel": 50,
            "maxLevel": -1,
            "weight": 10,
            "value": {
              "min": 5,
              "max": 5,
              "step": 1
            }
          },
          {
            "minLevel": 80,
            "maxLevel": -1,
            "weight": 10,
            "value": {
              "min": 6,
              "max": 6,
              "step": 1
            }
          },
          {
            "minLevel": 101,
            "maxLevel": -1,
            "weight": 10,
            "value": {
              "min": 7,
              "max": 7,
              "step": 1
            }
          },
          {
            "minLevel": 102,
            "maxLevel": -1,
            "weight": 10,
            "value": {
              "min": 8,
              "max": 8,
              "step": 1
            }
          }
        ]
      },
      { "attribute": "the_vault:thorns_damage_flat",
        "group": "ModBlockThorns",
        "identifier": "the_vault:mod_thorns_damage",
        "tags": [
          "focusThornsDamage"
        ],
        "tiers": [
          {
            "minLevel": 0,
            "maxLevel": 51,
            "weight": 10,
            "value": {
              "min": 2.0,
              "max": 5.0,
              "step": 0.5
            }
          },
          {
            "minLevel": 22,
            "maxLevel": 65,
            "weight": 10,
            "value": {
              "min": 6.0,
              "max": 10.0,
              "step": 0.5
            }
          },
          {
            "minLevel": 41,
            "maxLevel": -1,
            "weight": 10,
            "value": {
              "min": 11.0,
              "max": 16.0,
              "step": 0.5
            }
          },
          {
            "minLevel": 52,
            "maxLevel": -1,
            "weight": 10,
            "value": {
              "min": 17.0,
              "max": 21.0,
              "step": 0.5
            }
          },
          {
            "minLevel": 66,
            "maxLevel": -1,
            "weight": 10,
            "value": {
              "min": 22.0,
              "max": 26.0,
              "step": 0.5
            }
          },
          {
            "minLevel": 78,
            "maxLevel": -1,
            "weight": 10,
            "value": {
              "min": 27.0,
              "max": 32.0,
              "step": 0.5
            }
          },
          {
            "minLevel": 90,
            "maxLevel": -1,
            "weight": 10,
            "value": {
              "min": 33.0,
              "max": 37.0,
              "step": 0.5
            }
          },
          {
            "minLevel": 100,
            "maxLevel": -1,
            "weight": 10,
            "value": {
              "min": 38.0,
              "max": 44.0,
              "step": 0.5
            }
          },
          {
            "minLevel": 101,
            "maxLevel": -1,
            "weight": 10,
            "value": {
              "min": 45.0,
              "max": 55.0,
              "step": 0.5
            }
          },
          {
            "minLevel": 102,
            "maxLevel": -1,
            "weight": 10,
            "value": {
              "min": 56.0,
              "max": 75.0,
              "step": 0.5
            }
          }
        ]
      },
      { "attribute": "the_vault:resistance",
        "group": "ModRes",
        "identifier": "the_vault:mod_resistance",
        "tags": [
          "focusResistance"
        ],
        "tiers": [
          {
            "minLevel": 17,
            "maxLevel": -1,
            "weight": 10,
            "value": {
              "min": 0.04,
              "max": 0.06,
              "step": 0.01
            }
          },
          {
            "minLevel": 36,
            "maxLevel": -1,
            "weight": 10,
            "value": {
              "min": 0.07,
              "max": 0.09,
              "step": 0.01
            }
          },
          {
            "minLevel": 57,
            "maxLevel": -1,
            "weight": 10,
            "value": {
              "min": 0.1,
              "max": 0.12,
              "step": 0.01
            }
          },
          {
            "minLevel": 82,
            "maxLevel": -1,
            "weight": 10,
            "value": {
              "min": 0.13,
              "max": 0.16,
              "step": 0.01
            }
          },
          {
            "minLevel": 101,
            "maxLevel": -1,
            "weight": 10,
            "value": {
              "min": 0.17,
              "max": 0.18,
              "step": 0.01
            }
          },
          {
            "minLevel": 102,
            "maxLevel": -1,
            "weight": 10,
            "value": {
              "min": 0.19,
              "max": 0.20,
              "step": 0.01
            }
          }
        ]
      },
      { "attribute": "the_vault:soul_chance",
        "group": "ModSoulChance",
        "identifier": "the_vault:mod_soul_chance",
        "tags": [
          "focusSoulChance"
        ],
        "tiers": [
          {
            "minLevel": 0,
            "maxLevel": -1,
            "weight": 10,
            "value": {
              "min": 0.1,
              "max": 0.2,
              "step": 0.01
            }
          },
          {
            "minLevel": 28,
            "maxLevel": -1,
            "weight": 10,
            "value": {
              "min": 0.21,
              "max": 0.3,
              "step": 0.01
            }
          },
          {
            "minLevel": 45,
            "maxLevel": -1,
            "weight": 10,
            "value": {
              "min": 0.31,
              "max": 0.4,
              "step": 0.01
            }
          },
          {
            "minLevel": 75,
            "maxLevel": -1,
            "weight": 10,
            "value": {
              "min": 0.41,
              "max": 0.5,
              "step": 0.01
            }
          },
          {
            "minLevel": 101,
            "maxLevel": -1,
            "weight": 10,
            "value": {
              "min": 0.51,
              "max": 0.7,
              "step": 0.01
            }
          },
          {
            "minLevel": 102,
            "maxLevel": -1,
            "weight": 10,
            "value": {
              "min": 0.71,
              "max": 1.0,
              "step": 0.01
            }
          }
        ]
      },
      { "attribute": "the_vault:durability_wear_reduction",
        "group": "ModDuraReduction",
        "identifier": "the_vault:mod_durability_reduction",
        "tags": [
          "focusDurabilityReduction"
        ],
        "tiers": [
          {
            "minLevel": 0,
            "maxLevel": 74,
            "weight": 10,
            "value": {
              "min": 0.05,
              "max": 0.1,
              "step": 0.01
            }
          },
          {
            "minLevel": 28,
            "maxLevel": -1,
            "weight": 10,
            "value": {
              "min": 0.11,
              "max": 0.2,
              "step": 0.01
            }
          },
          {
            "minLevel": 45,
            "maxLevel": -1,
            "weight": 10,
            "value": {
              "min": 0.21,
              "max": 0.3,
              "step": 0.01
            }
          },
          {
            "minLevel": 75,
            "maxLevel": -1,
            "weight": 10,
            "value": {
              "min": 0.31,
              "max": 0.4,
              "step": 0.01
            }
          },
          {
            "minLevel": 90,
            "maxLevel": -1,
            "weight": 10,
            "value": {
              "min": 0.41,
              "max": 0.5,
              "step": 0.01
            }
          },
          {
            "minLevel": 101,
            "maxLevel": -1,
            "weight": 10,
            "value": {
              "min": 0.5,
              "max": 0.65,
              "step": 0.01
            }
          },
          {
            "minLevel": 102,
            "maxLevel": -1,
            "weight": 10,
            "value": {
              "min": 0.66,
              "max": 0.75,
              "step": 0.01
            }
          }
        ]
      }
    ],
    "SUFFIX": [
      { "attribute": "the_vault:knockback_resistance",
        "group": "ModKnockbackResistance",
        "identifier": "the_vault:mod_knockback_resistance",
        "tags": [
          "focusKnockbackRes"
        ],
        "tiers": [
          {
            "minLevel": 0,
            "maxLevel": 56,
            "weight": 200,
            "value": {
              "min": 0.05,
              "max": 0.1,
              "step": 0.01
            }
          },
          {
            "minLevel": 15,
            "maxLevel": 88,
            "weight": 200,
            "value": {
              "min": 0.11,
              "max": 0.14,
              "step": 0.01
            }
          },
          {
            "minLevel": 32,
            "maxLevel": -1,
            "weight": 200,
            "value": {
              "min": 0.15,
              "max": 0.19,
              "step": 0.01
            }
          },
          {
            "minLevel": 57,
            "maxLevel": -1,
            "weight": 200,
            "value": {
              "min": 0.2,
              "max": 0.24,
              "step": 0.01
            }
          },
          {
            "minLevel": 89,
            "maxLevel": -1,
            "weight": 200,
            "value": {
              "min": 0.25,
              "max": 0.3,
              "step": 0.01
            }
          },
          {
            "minLevel": 101,
            "maxLevel": -1,
            "weight": 600,
            "value": {
              "min": 0.31,
              "max": 0.5,
              "step": 0.01
            }
          },
          {
            "minLevel": 102,
            "maxLevel": -1,
            "weight": 600,
            "value": {
              "min": 0.51,
              "max": 0.7,
              "step": 0.01
            }
          }
        ]
      },
      { "attribute": "the_vault:durability",
        "group": "ModDurability",
        "identifier": "the_vault:mod_durability",
        "tags": [
          "focusDurability",
          "noLegendary"
        ],
        "tiers": [
          {
            "minLevel": 0,
            "maxLevel": 66,
            "weight": 200,
            "value": {
              "min": 400,
              "max": 800,
              "step": 1
            }
          },
          {
            "minLevel": 28,
            "maxLevel": -1,
            "weight": 200,
            "value": {
              "min": 801,
              "max": 1600,
              "step": 1
            }
          },
          {
            "minLevel": 46,
            "maxLevel": -1,
            "weight": 200,
            "value": {
              "min": 1601,
              "max": 2400,
              "step": 1
            }
          },
          {
            "minLevel": 67,
            "maxLevel": -1,
            "weight": 200,
            "value": {
              "min": 2401,
              "max": 3200,
              "step": 1
            }
          },
          {
            "minLevel": 89,
            "maxLevel": -1,
            "weight": 200,
            "value": {
              "min": 3201,
              "max": 4000,
              "step": 1
            }
          },
          {
            "minLevel": 101,
            "maxLevel": -1,
            "weight": 100,
            "value": {
              "min": 4001,
              "max": 6000,
              "step": 1
            }
          },
          {
            "minLevel": 102,
            "maxLevel": -1,
            "weight": 100,
            "value": {
              "min": 6001,
              "max": 8000,
              "step": 1
            }
          }
        ]
      },
      { "attribute": "the_vault:effect_cloud_when_hit",
        "group": "ModOnHit",
        "identifier": "the_vault:mod_healing_cloud",
        "tags": [
          "focusHealingCloud"
        ],
        "tiers": [
          {
            "minLevel": 0,
            "maxLevel": -1,
            "weight": 100,
            "value": {
              "tooltipDisplayName": "Healing",
              "potion": "minecraft:empty",
              "additionalEffects": [
                {
                  "effect": "minecraft:instant_health",
                  "duration": 20,
                  "amplifier": 0,
                  "showParticles": true,
                  "showIcon": true
                }
              ],
              "duration": 80,
              "radius": 4.0,
              "color": 16150747,
              "affectsOwner": true,
              "triggerChance": 0.02
            }
          },
          {
            "minLevel": 32,
            "maxLevel": -1,
            "weight": 100,
            "value": {
              "tooltipDisplayName": "Healing II",
              "potion": "minecraft:empty",
              "additionalEffects": [
                {
                  "effect": "minecraft:instant_health",
                  "duration": 20,
                  "amplifier": 0,
                  "showParticles": true,
                  "showIcon": true
                }
              ],
              "duration": 120,
              "radius": 4.0,
              "color": 16150747,
              "affectsOwner": true,
              "triggerChance": 0.02
            }
          },
          {
            "minLevel": 64,
            "maxLevel": -1,
            "weight": 100,
            "value": {
              "tooltipDisplayName": "Healing III",
              "potion": "minecraft:empty",
              "additionalEffects": [
                {
                  "effect": "minecraft:instant_health",
                  "duration": 20,
                  "amplifier": 0,
                  "showParticles": true,
                  "showIcon": true
                }
              ],
              "duration": 160,
              "radius": 5.0,
              "color": 16150747,
              "affectsOwner": true,
              "triggerChance": 0.02
            }
          },
          {
            "minLevel": 101,
            "maxLevel": -1,
            "weight": 4,
            "value": {
              "tooltipDisplayName": "Healing IV",
              "potion": "minecraft:empty",
              "additionalEffects": [
                {
                  "effect": "minecraft:instant_health",
                  "duration": 20,
                  "amplifier": 0,
                  "showParticles": true,
                  "showIcon": true
                }
              ],
              "duration": 200,
              "radius": 5.0,
              "color": 16150747,
              "affectsOwner": true,
              "triggerChance": 0.02
            }
          },
          {
            "minLevel": 102,
            "maxLevel": -1,
            "weight": 4,
            "value": {
              "tooltipDisplayName": "Healing V",
              "potion": "minecraft:empty",
              "additionalEffects": [
                {
                  "effect": "minecraft:instant_health",
                  "duration": 20,
                  "amplifier": 0,
                  "showParticles": true,
                  "showIcon": true
                }
              ],
              "duration": 240,
              "radius": 5.0,
              "color": 16150747,
              "affectsOwner": true,
              "triggerChance": 0.02
            }
          }
        ]
      },
      { "attribute": "the_vault:effect_cloud_when_hit",
        "group": "ModOnHit",
        "identifier": "the_vault:mod_chilling_cloud",
        "tags": [
          "focusChillingCloud"
        ],
        "tiers": [
          {
            "minLevel": 0,
            "maxLevel": -1,
            "weight": 100,
            "value": {
              "tooltipDisplayName": "Chilling",
              "potion": "minecraft:empty",
              "additionalEffects": [
                {
                  "effect": "the_vault:chilled",
                  "duration": 140,
                  "amplifier": 0,
                  "showParticles": true,
                  "showIcon": true
                }
              ],
              "duration": 120,
              "radius": 4.0,
              "color": 3138042,
              "affectsOwner": false,
              "triggerChance": 0.05
            }
          },
          {
            "minLevel": 32,
            "maxLevel": -1,
            "weight": 100,
            "value": {
              "tooltipDisplayName": "Chilling II",
              "potion": "minecraft:empty",
              "additionalEffects": [
                {
                  "effect": "the_vault:chilled",
                  "duration": 140,
                  "amplifier": 0,
                  "showParticles": true,
                  "showIcon": true
                }
              ],
              "duration": 160,
              "radius": 4.0,
              "color": 3138042,
              "affectsOwner": false,
              "triggerChance": 0.05
            }
          },
          {
            "minLevel": 64,
            "maxLevel": -1,
            "weight": 100,
            "value": {
              "tooltipDisplayName": "Chilling III",
              "potion": "minecraft:empty",
              "additionalEffects": [
                {
                  "effect": "the_vault:chilled",
                  "duration": 140,
                  "amplifier": 0,
                  "showParticles": true,
                  "showIcon": true
                }
              ],
              "duration": 200,
              "radius": 4.0,
              "color": 3138042,
              "affectsOwner": false,
              "triggerChance": 0.05
            }
          },
          {
            "minLevel": 101,
            "maxLevel": -1,
            "weight": 10,
            "value": {
              "tooltipDisplayName": "Chilling IV",
              "potion": "minecraft:empty",
              "additionalEffects": [
                {
                  "effect": "the_vault:chilled",
                  "duration": 140,
                  "amplifier": 1,
                  "showParticles": true,
                  "showIcon": true
                }
              ],
              "duration": 240,
              "radius": 4.0,
              "color": 3138042,
              "affectsOwner": false,
              "triggerChance": 0.05
            }
          },
          {
            "minLevel": 102,
            "maxLevel": -1,
            "weight": 10,
            "value": {
              "tooltipDisplayName": "Chilling V",
              "potion": "minecraft:empty",
              "additionalEffects": [
                {
                  "effect": "the_vault:chilled",
                  "duration": 140,
                  "amplifier": 1,
                  "showParticles": true,
                  "showIcon": true
                }
              ],
              "duration": 300,
              "radius": 4.0,
              "color": 3138042,
              "affectsOwner": false,
              "triggerChance": 0.05
            }
          }
        ]
      },
      { "attribute": "the_vault:effect_list_avoidance",
        "group": "ModEffectAvoidance",
        "identifier": "the_vault:mod_effect_avoidance",
        "tags": [
          "focusEffAvoidance"
        ],
        "tiers": [
          {
            "minLevel": 0,
            "maxLevel": -1,
            "weight": 600,
            "value": {
              "effectKeys": [
                "minecraft:poison",
                "minecraft:wither",
                "minecraft:levitation",
                "minecraft:slowness",
                "minecraft:blindness",
                "minecraft:hunger",
                "the_vault:bleed",
                "the_vault:chilled",
                "the_vault:corruption"
              ],
              "name": "the_vault.gear_attribute.effect_avoidance.avoidance.bad_effects",
              "minChance": 0.1,
              "maxChance": 0.15,
              "step": 0.01
            }
          },
          {
            "minLevel": 45,
            "maxLevel": -1,
            "weight": 600,
            "value": {
              "effectKeys": [
                "minecraft:poison",
                "minecraft:wither",
                "minecraft:levitation",
                "minecraft:slowness",
                "minecraft:blindness",
                "minecraft:hunger",
                "the_vault:bleed",
                "the_vault:chilled",
                "the_vault:corruption"
              ],
              "name": "the_vault.gear_attribute.effect_avoidance.avoidance.bad_effects",
              "minChance": 0.16,
              "maxChance": 0.25,
              "step": 0.01
            }
          },
          {
            "minLevel": 56,
            "maxLevel": -1,
            "weight": 600,
            "value": {
              "effectKeys": [
                "minecraft:poison",
                "minecraft:wither",
                "minecraft:levitation",
                "minecraft:slowness",
                "minecraft:blindness",
                "minecraft:hunger",
                "the_vault:bleed",
                "the_vault:chilled",
                "the_vault:corruption"
              ],
              "name": "the_vault.gear_attribute.effect_avoidance.avoidance.bad_effects",
              "minChance": 0.26,
              "maxChance": 0.35,
              "step": 0.01
            }
          },
          {
            "minLevel": 75,
            "maxLevel": -1,
            "weight": 600,
            "value": {
              "effectKeys": [
                "minecraft:poison",
                "minecraft:wither",
                "minecraft:levitation",
                "minecraft:slowness",
                "minecraft:blindness",
                "minecraft:hunger",
                "the_vault:bleed",
                "the_vault:chilled",
                "the_vault:corruption"
              ],
              "name": "the_vault.gear_attribute.effect_avoidance.avoidance.bad_effects",
              "minChance": 0.36,
              "maxChance": 0.4,
              "step": 0.01
            }
          },
          {
            "minLevel": 101,
            "maxLevel": -1,
            "weight": 250,
            "value": {
              "effectKeys": [
                "minecraft:poison",
                "minecraft:wither",
                "minecraft:levitation",
                "minecraft:slowness",
                "minecraft:blindness",
                "minecraft:hunger",
                "the_vault:bleed",
                "the_vault:chilled",
                "the_vault:corruption"
              ],
              "name": "the_vault.gear_attribute.effect_avoidance.avoidance.bad_effects",
              "minChance": 0.41,
              "maxChance": 0.6,
              "step": 0.01
            }
          },
          {
            "minLevel": 102,
            "maxLevel": -1,
            "weight": 250,
            "value": {
              "effectKeys": [
                "minecraft:poison",
                "minecraft:wither",
                "minecraft:levitation",
                "minecraft:slowness",
                "minecraft:blindness",
                "minecraft:hunger",
                "the_vault:bleed",
                "the_vault:chilled",
                "the_vault:corruption"
              ],
              "name": "the_vault.gear_attribute.effect_avoidance.avoidance.bad_effects",
              "minChance": 0.61,
              "maxChance": 0.9,
              "step": 0.01
            }
          }
        ]
      },
      { "attribute": "the_vault:lucky_hit_chance",
        "group": "ModOnHit",
        "identifier": "the_vault:mod_lucky_hit_chance",
        "tags": [
          "focusLuckyHitChance"
        ],
        "tiers": [
          {
            "minLevel": 25,
            "maxLevel": -1,
            "weight": 100,
            "value": {
              "min": 0.04,
              "max": 0.06,
              "step": 0.01
            }
          },
          {
            "minLevel": 50,
            "maxLevel": -1,
            "weight": 100,
            "value": {
              "min": 0.07,
              "max": 0.08,
              "step": 0.01
            }
          },
          {
            "minLevel": 75,
            "maxLevel": -1,
            "weight": 100,
            "value": {
              "min": 0.09,
              "max": 0.1,
              "step": 0.01
            }
          },
          {
            "minLevel": 101,
            "maxLevel": -1,
            "weight": 100,
            "value": {
              "min": 0.14,
              "max": 0.16,
              "step": 0.01
            }
          },
          {
            "minLevel": 102,
            "maxLevel": -1,
            "weight": 100,
            "value": {
              "min": 0.17,
              "max": 0.2,
              "step": 0.01
            }
          }
        ]
      }
    ],
    "CRAFTED_PREFIX": [
      { "attribute": "the_vault:health",
        "group": "ModHealth",
        "identifier": "the_vault:crafted_health",
        "tags": [
          "focusHealth"
        ],
        "tiers": [
          {
            "minLevel": 0,
            "maxLevel": -1,
            "weight": 10,
            "value": {
              "min": 2,
              "max": 3,
              "step": 1
            }
          },
          {
            "minLevel": 25,
            "maxLevel": -1,
            "weight": 10,
            "value": {
              "min": 4,
              "max": 4,
              "step": 1
            }
          },
          {
            "minLevel": 50,
            "maxLevel": -1,
            "weight": 10,
            "value": {
              "min": 5,
              "max": 5,
              "step": 1
            }
          },
          {
            "minLevel": 80,
            "maxLevel": -1,
            "weight": 10,
            "value": {
              "min": 6,
              "max": 6,
              "step": 1
            }
          }
        ]
      },
      { "attribute": "the_vault:thorns_damage_flat",
        "group": "ModBlockThorns",
        "identifier": "the_vault:crafted_thorns_damage",
        "tags": [
          "focusThornsDamage"
        ],
        "tiers": [
          {
            "minLevel": 0,
            "maxLevel": 51,
            "weight": 10,
            "value": {
              "min": 2.0,
              "max": 5.0,
              "step": 0.5
            }
          },
          {
            "minLevel": 22,
            "maxLevel": 65,
            "weight": 10,
            "value": {
              "min": 6.0,
              "max": 10.0,
              "step": 0.5
            }
          },
          {
            "minLevel": 41,
            "maxLevel": -1,
            "weight": 10,
            "value": {
              "min": 11.0,
              "max": 16.0,
              "step": 0.5
            }
          },
          {
            "minLevel": 52,
            "maxLevel": -1,
            "weight": 10,
            "value": {
              "min": 17.0,
              "max": 21.0,
              "step": 0.5
            }
          },
          {
            "minLevel": 66,
            "maxLevel": -1,
            "weight": 10,
            "value": {
              "min": 22.0,
              "max": 26.0,
              "step": 0.5
            }
          },
          {
            "minLevel": 78,
            "maxLevel": -1,
            "weight": 10,
            "value": {
              "min": 27.0,
              "max": 32.0,
              "step": 0.5
            }
          },
          {
            "minLevel": 90,
            "maxLevel": -1,
            "weight": 10,
            "value": {
              "min": 33.0,
              "max": 37.0,
              "step": 0.5
            }
          },
          {
            "minLevel": 100,
            "maxLevel": -1,
            "weight": 10,
            "value": {
              "min": 38.0,
              "max": 44.0,
              "step": 0.5
            }
          }
        ]
      },
      { "attribute": "the_vault:resistance",
        "group": "ModRes",
        "identifier": "the_vault:crafted_resistance",
        "tags": [
          "focusResistance"
        ],
        "tiers": [
          {
            "minLevel": 17,
            "maxLevel": -1,
            "weight": 10,
            "value": {
              "min": 0.04,
              "max": 0.06,
              "step": 0.01
            }
          },
          {
            "minLevel": 36,
            "maxLevel": -1,
            "weight": 10,
            "value": {
              "min": 0.07,
              "max": 0.09,
              "step": 0.01
            }
          },
          {
            "minLevel": 57,
            "maxLevel": -1,
            "weight": 10,
            "value": {
              "min": 0.1,
              "max": 0.12,
              "step": 0.01
            }
          },
          {
            "minLevel": 82,
            "maxLevel": -1,
            "weight": 10,
            "value": {
              "min": 0.13,
              "max": 0.16,
              "step": 0.01
            }
          }
        ]
      },
      { "attribute": "the_vault:soul_chance",
        "group": "ModSoulChance",
        "identifier": "the_vault:crafted_soul_chance",
        "tags": [
          "focusSoulChance"
        ],
        "tiers": [
          {
            "minLevel": 22,
            "maxLevel": -1,
            "weight": 100,
            "value": {
              "min": 0.1,
              "max": 0.2,
              "step": 0.01
            }
          },
          {
            "minLevel": 44,
            "maxLevel": -1,
            "weight": 100,
            "value": {
              "min": 0.21,
              "max": 0.3,
              "step": 0.01
            }
          },
          {
            "minLevel": 66,
            "maxLevel": -1,
            "weight": 100,
            "value": {
              "min": 0.31,
              "max": 0.4,
              "step": 0.01
            }
          },
          {
            "minLevel": 87,
            "maxLevel": -1,
            "weight": 100,
            "value": {
              "min": 0.41,
              "max": 0.5,
              "step": 0.01
            }
          }
        ]
      }
    ],
    "CRAFTED_SUFFIX": [
      { "attribute": "the_vault:knockback_resistance",
        "group": "ModKnockbackResistance",
        "identifier": "the_vault:crafted_knockback_resistance",
        "tags": [
          "focusKnockbackRes"
        ],
        "tiers": [
          {
            "minLevel": 0,
            "maxLevel": 56,
            "weight": 600,
            "value": {
              "min": 0.05,
              "max": 0.1,
              "step": 0.01
            }
          },
          {
            "minLevel": 15,
            "maxLevel": 88,
            "weight": 600,
            "value": {
              "min": 0.11,
              "max": 0.14,
              "step": 0.01
            }
          },
          {
            "minLevel": 32,
            "maxLevel": -1,
            "weight": 600,
            "value": {
              "min": 0.15,
              "max": 0.19,
              "step": 0.01
            }
          },
          {
            "minLevel": 57,
            "maxLevel": -1,
            "weight": 600,
            "value": {
              "min": 0.2,
              "max": 0.24,
              "step": 0.01
            }
          },
          {
            "minLevel": 89,
            "maxLevel": -1,
            "weight": 600,
            "value": {
              "min": 0.25,
              "max": 0.3,
              "step": 0.01
            }
          },
          {
            "minLevel": 101,
            "maxLevel": -1,
            "weight": 600,
            "value": {
              "min": 0.31,
              "max": 0.5,
              "step": 0.01
            }
          },
          {
            "minLevel": 102,
            "maxLevel": -1,
            "weight": 600,
            "value": {
              "min": 0.51,
              "max": 0.7,
              "step": 0.01
            }
          }
        ]
      },
      { "attribute": "the_vault:durability",
        "group": "ModDurability",
        "identifier": "the_vault:crafted_durability",
        "tags": [
          "focusDurability"
        ],
        "tiers": [
          {
            "minLevel": 11,
            "maxLevel": -1,
            "weight": 100,
            "value": {
              "min": 400,
              "max": 800,
              "step": 1
            }
          },
          {
            "minLevel": 28,
            "maxLevel": -1,
            "weight": 100,
            "value": {
              "min": 801,
              "max": 1600,
              "step": 1
            }
          },
          {
            "minLevel": 46,
            "maxLevel": -1,
            "weight": 100,
            "value": {
              "min": 1601,
              "max": 2400,
              "step": 1
            }
          },
          {
            "minLevel": 67,
            "maxLevel": -1,
            "weight": 100,
            "value": {
              "min": 2401,
              "max": 3200,
              "step": 1
            }
          },
          {
            "minLevel": 89,
            "maxLevel": -1,
            "weight": 100,
            "value": {
              "min": 3201,
              "max": 4000,
              "step": 1
            }
          }
        ]
      },
      { "attribute": "the_vault:effect_cloud_when_hit",
        "group": "ModOnHit",
        "identifier": "the_vault:crafted_healing_cloud",
        "tags": [
          "focusHealingCloud"
        ],
        "tiers": [
          {
            "minLevel": 0,
            "maxLevel": -1,
            "weight": 100,
            "value": {
              "tooltipDisplayName": "Healing",
              "potion": "minecraft:empty",
              "additionalEffects": [
                {
                  "effect": "minecraft:instant_health",
                  "duration": 20,
                  "amplifier": 0,
                  "showParticles": true,
                  "showIcon": true
                }
              ],
              "duration": 80,
              "radius": 4.0,
              "color": 16150747,
              "affectsOwner": true,
              "triggerChance": 0.02
            }
          },
          {
            "minLevel": 32,
            "maxLevel": -1,
            "weight": 100,
            "value": {
              "tooltipDisplayName": "Healing II",
              "potion": "minecraft:empty",
              "additionalEffects": [
                {
                  "effect": "minecraft:instant_health",
                  "duration": 20,
                  "amplifier": 0,
                  "showParticles": true,
                  "showIcon": true
                }
              ],
              "duration": 120,
              "radius": 4.0,
              "color": 16150747,
              "affectsOwner": true,
              "triggerChance": 0.02
            }
          },
          {
            "minLevel": 64,
            "maxLevel": -1,
            "weight": 100,
            "value": {
              "tooltipDisplayName": "Healing III",
              "potion": "minecraft:empty",
              "additionalEffects": [
                {
                  "effect": "minecraft:instant_health",
                  "duration": 20,
                  "amplifier": 0,
                  "showParticles": true,
                  "showIcon": true
                }
              ],
              "duration": 160,
              "radius": 5.0,
              "color": 16150747,
              "affectsOwner": true,
              "triggerChance": 0.02
            }
          }
        ]
      },
      { "attribute": "the_vault:effect_cloud_when_hit",
        "group": "ModOnHit",
        "identifier": "the_vault:crafted_chilling_cloud",
        "tags": [
          "focusChillingCloud"
        ],
        "tiers": [
          {
            "minLevel": 0,
            "maxLevel": -1,
            "weight": 100,
            "value": {
              "tooltipDisplayName": "Chilling",
              "potion": "minecraft:empty",
              "additionalEffects": [
                {
                  "effect": "the_vault:chilled",
                  "duration": 140,
                  "amplifier": 0,
                  "showParticles": true,
                  "showIcon": true
                }
              ],
              "duration": 120,
              "radius": 4.0,
              "color": 3138042,
              "affectsOwner": false,
              "triggerChance": 0.05
            }
          },
          {
            "minLevel": 32,
            "maxLevel": -1,
            "weight": 100,
            "value": {
              "tooltipDisplayName": "Chilling II",
              "potion": "minecraft:empty",
              "additionalEffects": [
                {
                  "effect": "the_vault:chilled",
                  "duration": 140,
                  "amplifier": 0,
                  "showParticles": true,
                  "showIcon": true
                }
              ],
              "duration": 160,
              "radius": 4.0,
              "color": 3138042,
              "affectsOwner": false,
              "triggerChance": 0.05
            }
          },
          {
            "minLevel": 64,
            "maxLevel": -1,
            "weight": 100,
            "value": {
              "tooltipDisplayName": "Chilling III",
              "potion": "minecraft:empty",
              "additionalEffects": [
                {
                  "effect": "the_vault:chilled",
                  "duration": 140,
                  "amplifier": 0,
                  "showParticles": true,
                  "showIcon": true
                }
              ],
              "duration": 200,
              "radius": 4.0,
              "color": 3138042,
              "affectsOwner": false,
              "triggerChance": 0.05
            }
          }
        ]
      },
      { "attribute": "the_vault:effect_list_avoidance",
        "group": "ModEffectAvoidance",
        "identifier": "the_vault:crafted_effect_avoidance",
        "tags": [
          "focusEffAvoidance"
        ],
        "tiers": [
          {
            "minLevel": 0,
            "maxLevel": -1,
            "weight": 120,
            "value": {
              "effectKeys": [
                "minecraft:poison",
                "minecraft:wither",
                "minecraft:levitation",
                "minecraft:slowness",
                "minecraft:blindness",
                "minecraft:hunger",
                "the_vault:bleed",
                "the_vault:chilled",
                "the_vault:corruption"
              ],
              "name": "the_vault.gear_attribute.effect_avoidance.avoidance.bad_effects",
              "minChance": 0.1,
              "maxChance": 0.15,
              "step": 0.01
            }
          },
          {
            "minLevel": 45,
            "maxLevel": -1,
            "weight": 120,
            "value": {
              "effectKeys": [
                "minecraft:poison",
                "minecraft:wither",
                "minecraft:levitation",
                "minecraft:slowness",
                "minecraft:blindness",
                "minecraft:hunger",
                "the_vault:bleed",
                "the_vault:chilled",
                "the_vault:corruption"
              ],
              "name": "the_vault.gear_attribute.effect_avoidance.avoidance.bad_effects",
              "minChance": 0.16,
              "maxChance": 0.25,
              "step": 0.01
            }
          },
          {
            "minLevel": 56,
            "maxLevel": -1,
            "weight": 120,
            "value": {
              "effectKeys": [
                "minecraft:poison",
                "minecraft:wither",
                "minecraft:levitation",
                "minecraft:slowness",
                "minecraft:blindness",
                "minecraft:hunger",
                "the_vault:bleed",
                "the_vault:chilled",
                "the_vault:corruption"
              ],
              "name": "the_vault.gear_attribute.effect_avoidance.avoidance.bad_effects",
              "minChance": 0.26,
              "maxChance": 0.35,
              "step": 0.01
            }
          },
          {
            "minLevel": 75,
            "maxLevel": -1,
            "weight": 120,
            "value": {
              "effectKeys": [
                "minecraft:poison",
                "minecraft:wither",
                "minecraft:levitation",
                "minecraft:slowness",
                "minecraft:blindness",
                "minecraft:hunger",
                "the_vault:bleed",
                "the_vault:chilled",
                "the_vault:corruption"
              ],
              "name": "the_vault.gear_attribute.effect_avoidance.avoidance.bad_effects",
              "minChance": 0.36,
              "maxChance": 0.4,
              "step": 0.01
            }
          },
          {
            "minLevel": 101,
            "maxLevel": -1,
            "weight": 250,
            "value": {
              "effectKeys": [
                "minecraft:poison",
                "minecraft:wither",
                "minecraft:levitation",
                "minecraft:slowness",
                "minecraft:blindness",
                "minecraft:hunger",
                "the_vault:bleed",
                "the_vault:chilled",
                "the_vault:corruption"
              ],
              "name": "the_vault.gear_attribute.effect_avoidance.avoidance.bad_effects",
              "minChance": 0.41,
              "maxChance": 0.6,
              "step": 0.01
            }
          },
          {
            "minLevel": 102,
            "maxLevel": -1,
            "weight": 250,
            "value": {
              "effectKeys": [
                "minecraft:poison",
                "minecraft:wither",
                "minecraft:levitation",
                "minecraft:slowness",
                "minecraft:blindness",
                "minecraft:hunger",
                "the_vault:bleed",
                "the_vault:chilled",
                "the_vault:corruption"
              ],
              "name": "the_vault.gear_attribute.effect_avoidance.avoidance.bad_effects",
              "minChance": 0.61,
              "maxChance": 0.9,
              "step": 0.01
            }
          }
        ]
      },

      { "attribute": "the_vault:lucky_hit_chance",
        "group": "ModOnHit",
        "identifier": "the_vault:crafted_lucky_hit_chance",
        "tags": [
          "focusLuckyHitChance"
        ],
        "tiers": [
          {
            "minLevel": 25,
            "maxLevel": -1,
            "weight": 100,
            "value": {
              "min": 0.04,
              "max": 0.06,
              "step": 0.01
            }
          },
          {
            "minLevel": 50,
            "maxLevel": -1,
            "weight": 100,
            "value": {
              "min": 0.07,
              "max": 0.08,
              "step": 0.01
            }
          },
          {
            "minLevel": 75,
            "maxLevel": -1,
            "weight": 100,
            "value": {
              "min": 0.09,
              "max": 0.1,
              "step": 0.01
            }
          }
        ]
      }
    ],
    "CORRUPTED_IMPLICIT": [
      { 
        "attribute": "the_vault:added_ability_level",
        "group": "ModLvlBuff",
        "identifier": "the_vault:corrupted_added_ability_level_totem",
        "tags": [
          "focusAbilityPower",
          "focusAbilityPowerTotem"
        ],
        "tiers": [
          {
            "minLevel": 25,
            "maxLevel": -1,
            "weight": 60,
            "value": {
              "abilityKey": "Totem_Base",
              "levelChange": 1
            }
          }
        ]
      },
      { 
        "attribute": "the_vault:added_ability_level",
        "group": "ModLvlBuff",
        "identifier": "the_vault:corrupted_added_ability_level_totemwrath",
        "tags": [
          "focusAbilityPower",
          "focusAbilityPowerTotem"
        ],
        "tiers": [
          {
            "minLevel": 25,
            "maxLevel": -1,
            "weight": 60,
            "value": {
              "abilityKey": "Totem_Player_Damage",
              "levelChange": 1
            }
          }
        ]
      },
      { 
        "attribute": "the_vault:added_ability_level",
        "group": "ModLvlBuff",
        "identifier": "the_vault:corrupted_added_ability_level_totemmana",
        "tags": [
          "focusAbilityPower",
          "focusAbilityPowerTotem"
        ],
        "tiers": [
          {
            "minLevel": 25,
            "maxLevel": -1,
            "weight": 60,
            "value": {
              "abilityKey": "Totem_Mana_Regen",
              "levelChange": 1
            }
          }
        ]
      },
      
      { 
        "attribute": "the_vault:added_ability_level",
        "group": "ModLvlDefensive",
        "identifier": "the_vault:corrupted_added_ability_level_manashield",
        "tags": [
          "focusAbilityPower",
          "focusAbilityPowerManaShield"
        ],
        "tiers": [
          {
            "minLevel": 25,
            "maxLevel": -1,
            "weight": 20,
            "value": {
              "abilityKey": "Mana_Shield_Base",
              "levelChange": 1
            }
          }
        ]
      },
      {
        "attribute": "the_vault:added_ability_level",
        "group": "ModLvlDefensive",
        "identifier": "the_vault:corrupted_added_ability_level_manabarrier",
        "tags": [
          "focusAbilityPower",
          "focusAbilityPowerManaBarrier"
        ],
        "tiers": [
          {
            "minLevel": 25,
            "maxLevel": -1,
            "weight": 20,
            "value": {
              "abilityKey": "Mana_Barrier",
              "levelChange": 1
            }
          }
        ]
      },
      { 
        "attribute": "the_vault:added_ability_level",
        "group": "ModLvlDefensive",
        "identifier": "the_vault:corrupted_added_ability_level_stonefall",
        "tags": [
          "focusAbilityPower",
          "focusAbilityPowerStonefall"
        ],
        "tiers": [
          {
            "minLevel": 25,
            "maxLevel": -1,
            "weight": 60,
            "value": {
              "abilityKey": "Stonefall_Base",
              "levelChange": 1
            }
          }
        ]
      },
      
      { 
        "attribute": "the_vault:added_ability_level",
        "group": "ModLvlDefensive",
        "identifier": "the_vault:corrupted_added_ability_level_stonefallcold",
        "tags": [
          "focusAbilityPower",
          "focusAbilityPowerStonefall"
        ],
        "tiers": [
          {
            "minLevel": 25,
            "maxLevel": -1,
            "weight": 60,
            "value": {
              "abilityKey": "Stonefall_Cold",
              "levelChange": 1
            }
          }
        ]
      },
      { 
        "attribute": "the_vault:added_ability_level",
        "group": "ModLvlUtility",
        "identifier": "the_vault:corrupted_added_ability_level_heal",
        "tags": [
          "focusAbilityPower",
          "focusAbilityPowerHeal"
        ],
        "tiers": [
          {
            "minLevel": 25,
            "maxLevel": -1,
            "weight": 20,
            "value": {
              "abilityKey": "Heal_Base",
              "levelChange": 1
            }
          }
        ]
      },
      { 
        "attribute": "the_vault:added_ability_level",
        "group": "ModLvlUtility",
        "identifier": "the_vault:corrupted_added_ability_level_healgroup",
        "tags": [
          "focusAbilityPower",
          "focusAbilityPowerHeal"
        ],
        "tiers": [
          {
            "minLevel": 25,
            "maxLevel": -1,
            "weight": 60,
            "value": {
              "abilityKey": "Heal_Group",
              "levelChange": 1
            }
          }
        ]
      },
      { 
        "attribute": "the_vault:added_ability_level",
        "group": "ModLvlUtility",
        "identifier": "the_vault:corrupted_added_ability_level_healcleanse",
        "tags": [
          "focusAbilityPower",
          "focusAbilityPowerHeal"
        ],
        "tiers": [
          {
            "minLevel": 25,
            "maxLevel": -1,
            "weight": 60,
            "value": {
              "abilityKey": "Heal_Cleanse",
              "levelChange": 1
            }
          }
        ]
      },
      { 
        "attribute": "the_vault:added_ability_level",
        "group": "ModLvlUtility",
        "identifier": "the_vault:corrupted_added_ability_level_dash",
        "tags": [
          "focusAbilityPower",
          "focusAbilityPowerDash"
        ],
        "tiers": [
          {
            "minLevel": 25,
            "maxLevel": -1,
            "weight": 60,
            "value": {
              "abilityKey": "Dash_Base",
              "levelChange": 1
            }
          }
        ]
      },
      { 
        "attribute": "the_vault:added_ability_level",
        "group": "ModLvlUtility",
        "identifier": "the_vault:corrupted_added_ability_level_dashbullet",
        "tags": [
          "focusAbilityPower",
          "focusAbilityPowerDash"
        ],
        "tiers": [
          {
            "minLevel": 25,
            "maxLevel": -1,
            "weight": 60,
            "value": {
              "abilityKey": "Dash_Damage",
              "levelChange": 1
            }
          }
        ]
      },
      { 
        "attribute": "the_vault:added_ability_level",
        "group": "ModLvlUtility",
        "identifier": "the_vault:corrupted_added_ability_level_dashwarp",
        "tags": [
          "focusAbilityPower",
          "focusAbilityPowerDash"
        ],
        "tiers": [
          {
            "minLevel": 25,
            "maxLevel": -1,
            "weight": 60,
            "value": {
              "abilityKey": "Dash_Warp",
              "levelChange": 1
            }
          }
        ]
      },
      { 
        "attribute": "the_vault:added_ability_level",
        "group": "ModLvlUtility",
        "identifier": "the_vault:corrupted_added_ability_level_ghostwalk",
        "tags": [
          "focusAbilityPower",
          "focusAbilityPowerGhostWalk"
        ],
        "tiers": [
          {
            "minLevel": 25,
            "maxLevel": -1,
            "weight": 20,
            "value": {
              "abilityKey": "Ghost_Walk",
              "levelChange": 1
            }
          }
        ]
      },
      { 
        "attribute": "the_vault:added_ability_level",
        "group": "ModLvlUtility",
        "identifier": "the_vault:corrupted_added_ability_level_ghostwalkspirit",
        "tags": [
          "focusAbilityPower",
          "focusAbilityPowerGhostWalk"
        ],
        "tiers": [
          {
            "minLevel": 25,
            "maxLevel": -1,
            "weight": 20,
            "value": {
              "abilityKey": "Ghost_Walk_Spirit",
              "levelChange": 1
            }
          }
        ]
      },
      { 
        "attribute": "the_vault:added_ability_level",
        "group": "ModLvlUtility",
        "identifier": "the_vault:corrupted_added_ability_level_megajump",
        "tags": [
          "focusAbilityPower",
          "focusAbilityPowerMegaJump"
        ],
        "tiers": [
          {
            "minLevel": 25,
            "maxLevel": -1,
            "weight": 60,
            "value": {
              "abilityKey": "Mega_Jump_Base",
              "levelChange": 1
            }
          }
        ]
      },
      { 
        "attribute": "the_vault:added_ability_level",
        "group": "ModLvlUtility",
        "identifier": "the_vault:corrupted_added_ability_level_megajumpdig",
        "tags": [
          "focusAbilityPower",
          "focusAbilityPowerMegaJump"
        ],
        "tiers": [
          {
            "minLevel": 25,
            "maxLevel": -1,
            "weight": 60,
            "value": {
              "abilityKey": "Mega_Jump_Break_Down",
              "levelChange": 1
            }
          }
        ]
      },
      { 
        "attribute": "the_vault:added_ability_level",
        "group": "ModLvlBuff",
        "identifier": "the_vault:corrupted_added_ability_level_empower",
        "tags": [
          "focusAbilityPower",
          "focusAbilityPowerEmpower"
        ],
        "tiers": [
          {
            "minLevel": 25,
            "maxLevel": -1,
            "weight": 60,
            "value": {
              "abilityKey": "Empower_Base",
              "levelChange": 1
            }
          }
        ]
      },
      { 
        "attribute": "the_vault:added_ability_level",
        "group": "ModLvlDefensive",
        "identifier": "the_vault:corrupted_added_ability_level_empowericearmor",
        "tags": [
          "focusAbilityPower",
          "focusAbilityPowerEmpower"
        ],
        "tiers": [
          {
            "minLevel": 25,
            "maxLevel": -1,
            "weight": 60,
            "value": {
              "abilityKey": "Empower_Ice_Armor",
              "levelChange": 1
            }
          }
        ]
      },
      { 
        "attribute": "the_vault:added_ability_level",
        "group": "ModLvlUtility",
        "identifier": "the_vault:corrupted_added_ability_level_hunter",
        "tags": [
          "focusAbilityPower",
          "focusAbilityPowerHunter"
        ],
        "tiers": [
          {
            "minLevel": 25,
            "maxLevel": -1,
            "weight": 10,
            "value": {
              "abilityKey": "Hunter",
              "levelChange": 1
            }
          }
        ]
      },
      { "attribute": "the_vault:added_ability_level",
        "group": "ModLvlUtility",
        "identifier": "the_vault:corrupted_added_ability_level_veinminer",
        "tags": [
          "focusAbilityPower",
          "focusAbilityPowerVeinMiner"
        ],
        "tiers": [
          {
            "minLevel": 25,
            "maxLevel": -1,
            "weight": 60,
            "value": {
              "abilityKey": "Vein_Miner_Base",
              "levelChange": 1
            }
          }
        ]
      },
      { "attribute": "the_vault:added_ability_level",
        "group": "ModLvlUtility",
        "identifier": "the_vault:corrupted_added_ability_level_veinminerdura",
        "tags": [
          "focusAbilityPower",
          "focusAbilityPowerVeinMiner"
        ],
        "tiers": [
          {
            "minLevel": 25,
            "maxLevel": -1,
            "weight": 60,
            "value": {
              "abilityKey": "Vein_Miner_Durability",
              "levelChange": 1
            }
          }
        ]
      },
      { 
        "attribute": "the_vault:added_ability_level",
        "group": "ModLvlUtility",
        "identifier": "the_vault:corrupted_added_ability_level_veinminervoid",
        "tags": [
          "focusAbilityPower",
          "focusAbilityPowerVeinMiner"
        ],
        "tiers": [
          {
            "minLevel": 25,
            "maxLevel": -1,
            "weight": 60,
            "value": {
              "abilityKey": "Vein_Miner_Void",
              "levelChange": 1
            }
          }
        ]
      },
      { "attribute": "the_vault:added_ability_level",
        "group": "ModLvlDefensive",
        "identifier": "the_vault:corrupted_added_ability_level_frostnova",
        "tags": [
          "focusAbilityPower",
          "focusAbilityPowerNova"
        ],
        "tiers": [
          {
            "minLevel": 25,
            "maxLevel": -1,
            "weight": 60,
            "value": {
              "abilityKey": "Nova_Slow",
              "levelChange": 1
            }
          }
        ]
      },
      { 
        "attribute": "the_vault:added_ability_level",
        "group": "ModLvlBuff",
        "identifier": "the_vault:corrupted_added_ability_level_rampage",
        "tags": [
          "focusAbilityPower",
          "focusAbilityPowerRampage"
        ],
        "tiers": [
          {
            "minLevel": 25,
            "maxLevel": -1,
            "weight": 30,
            "value": {
              "abilityKey": "Rampage_Base",
              "levelChange": 1
            }
          }
        ]
      },
      { 
        "attribute": "the_vault:added_ability_level",
        "group": "ModLvlBuff",
        "identifier": "the_vault:corrupted_added_ability_level_rampageleech",
        "tags": [
          "focusAbilityPower",
          "focusAbilityPowerRampage"
        ],
        "tiers": [
          {
            "minLevel": 25,
            "maxLevel": -1,
            "weight": 30,
            "value": {
              "abilityKey": "Rampage_Leech",
              "levelChange": 1
            }
          }
        ]
      },
      { 
        "attribute": "the_vault:added_ability_level",
        "group": "ModLvlUtility",
        "identifier": "the_vault:corrupted_added_ability_level_manashieldretribution",
        "tags": [
          "focusAbilityPower",
          "focusAbilityPowerManaShield"
        ],
        "tiers": [
          {
            "minLevel": 25,
            "maxLevel": -1,
            "weight": 60,
            "value": {
              "abilityKey": "Mana_Shield_Retribution",
              "levelChange": 1
            }
          }
        ]
      },
      { 
        "attribute": "the_vault:added_ability_level",
        "group": "ModLvlUtility",
        "identifier": "the_vault:corrupted_added_ability_level_taunt",
        "tags": [
          "focusAbilityPower",
          "focusAbilityPowerTaunt"
        ],
        "tiers": [
          {
            "minLevel": 25,
            "maxLevel": -1,
            "weight": 60,
            "value": {
              "abilityKey": "Taunt_Base",
              "levelChange": 1
            }
          }
        ]
      },
      { 
        "attribute": "the_vault:added_ability_level",
        "group": "ModLvlDefensive",
        "identifier": "the_vault:corrupted_added_ability_level_tauntrepel",
        "tags": [
          "focusAbilityPower",
          "focusAbilityPowerTaunt"
        ],
        "tiers": [
          {
            "minLevel": 25,
            "maxLevel": -1,
            "weight": 60,
            "value": {
              "abilityKey": "Taunt_Repel",
              "levelChange": 1
            }
          }
        ]
      },
      { 
        "attribute": "the_vault:added_ability_level",
        "group": "ModLvlUtility",
        "identifier": "the_vault:corrupted_added_ability_level_javelin",
        "tags": [
          "focusAbilityPower",
          "focusAbilityPowerJavelin"
        ],
        "tiers": [
          {
            "minLevel": 25,
            "maxLevel": -1,
            "weight": 30,
            "value": {
              "abilityKey": "Javelin_Base",
              "levelChange": 1
            }
          }
        ]
      },
      { 
        "attribute": "the_vault:added_ability_level",
        "group": "ModLvlUtility",
        "identifier": "the_vault:corrupted_added_ability_level_javelinpiercing",
        "tags": [
          "focusAbilityPower",
          "focusAbilityPowerJavelin"
        ],
        "tiers": [
          {
            "minLevel": 25,
            "maxLevel": -1,
            "weight": 30,
            "value": {
              "abilityKey": "Javelin_Piercing",
              "levelChange": 1
            }
          }
        ]
      },
      { 
        "attribute": "the_vault:added_ability_level",
        "group": "ModLvlUtility",
        "identifier": "the_vault:corrupted_added_ability_level_javelinscatter",
        "tags": [
          "focusAbilityPower",
          "focusAbilityPowerJavelin"
        ],
        "tiers": [
          {
            "minLevel": 25,
            "maxLevel": -1,
            "weight": 30,
            "value": {
              "abilityKey": "Javelin_Scatter",
              "levelChange": 1
            }
          }
        ]
      },
      { 
        "attribute": "the_vault:added_ability_level",
        "group": "ModLvlDefensive",
        "identifier": "the_vault:corrupted_added_ability_level_shell",
        "tags": [
          "focusAbilityPower",
          "focusAbilityPowerShell"
        ],
        "tiers": [
          {
            "minLevel": 25,
            "maxLevel": -1,
            "weight": 60,
            "value": {
              "abilityKey": "Shell_Base",
              "levelChange": 1
            }
          }
        ]
      },
      { 
        "attribute": "the_vault:added_ability_level",
        "group": "ModLvlDefensive",
        "identifier": "the_vault:corrupted_added_ability_level_shellporcupine",
        "tags": [
          "focusAbilityPower",
          "focusAbilityPowerShell"
        ],
        "tiers": [
          {
            "minLevel": 25,
            "maxLevel": -1,
            "weight": 60,
            "value": {
              "abilityKey": "Shell_Porcupine",
              "levelChange": 1
            }
          }
        ]
      },
      { 
        "attribute": "the_vault:added_ability_level",
        "group": "ModLvlDefensive",
        "identifier": "the_vault:corrupted_added_ability_level_shellquill",
        "tags": [
          "focusAbilityPower",
          "focusAbilityPowerShell"
        ],
        "tiers": [
          {
            "minLevel": 25,
            "maxLevel": -1,
            "weight": 60,
            "value": {
              "abilityKey": "Shell_Quill",
              "levelChange": 1
            }
          }
        ]
      },
      { "attribute": "the_vault:added_ability_level",
        "group": "ModLvlBuff",
        "identifier": "the_vault:corrupted_added_ability_level_battlecry",
        "tags": [
          "focusAbilityPower",
          "focusAbilityPowerBattleCry"
        ],
        "tiers": [
          {
            "minLevel": 25,
            "maxLevel": -1,
            "weight": 60,
            "value": {
              "abilityKey": "Battle_Cry_Base",
              "levelChange": 1
            }
          }
        ]
      },
      { "attribute": "the_vault:added_ability_level",
        "group": "ModLvlBuff",
        "identifier": "the_vault:corrupted_added_ability_level_battlecry_lucky",
        "tags": [
          "focusAbilityPower",
          "focusAbilityPowerBattleCryLucky"
        ],
        "tiers": [
          {
            "minLevel": 25,
            "maxLevel": -1,
            "weight": 60,
            "value": {
              "abilityKey": "Battle_Cry_Lucky_Strike",
              "levelChange": 1
            }
          }
        ]
      },
      { "attribute": "the_vault:added_ability_level",
        "group": "ModLvlDefensive",
        "identifier": "the_vault:corrupted_added_ability_level_icebolt",
        "tags": [
          "focusAbilityPower",
          "focusAbilityPowerIceBolt"
        ],
        "tiers": [
          {
            "minLevel": 25,
            "maxLevel": -1,
            "weight": 60,
            "value": {
              "abilityKey": "Ice_Bolt_Base",
              "levelChange": 1
            }
          }
        ]
      },
      { "attribute": "the_vault:added_ability_level",
        "group": "ModLvlDefensive",
        "identifier": "the_vault:corrupted_added_ability_level_glacial_blast",
        "tags": [
          "focusAbilityPower",
          "focusAbilityPowerGlacialBlast"
        ],
        "tiers": [
          {
            "minLevel": 25,
            "maxLevel": -1,
            "weight": 60,
            "value": {
              "abilityKey": "Ice_Bolt_Blast",
              "levelChange": 1
            }
          }
        ]
      },
      { "attribute": "the_vault:added_ability_level",
        "group": "ModLvlDefensive",
        "identifier": "the_vault:corrupted_added_ability_level_entropic_bind",
        "tags": [
          "focusAbilityPower",
          "focusAbilityPowerEntropicBind"
        ],
        "tiers": [
          {
            "minLevel": 25,
            "maxLevel": -1,
            "weight": 60,
            "value": {
              "abilityKey": "Empower_Slowness_Aura",
              "levelChange": 1
            }
          }
        ]
      },
      { "attribute": "the_vault:added_ability_level",
        "group": "ModLvlDefensive",
        "identifier": "the_vault:corrupted_added_ability_level_blizzard",
        "tags": [
          "focusAbilityPower",
          "focusAbilityPowerBlizzard"
        ],
        "tiers": [
          {
            "minLevel": 25,
            "maxLevel": -1,
            "weight": 30,
            "value": {
              "abilityKey": "Storm_Arrow_Blizzard",
              "levelChange": 1
            }
          }
        ]
      },
      { "attribute": "the_vault:added_ability_level",
        "group": "ModAPLvl",
        "identifier": "the_vault:corrupted_added_ability_level_nova",
        "tags": [
          "focusAbilityPower",
          "focusAbilityPowerNova"
        ],
        "tiers": [
          {
            "minLevel": 25,
            "maxLevel": -1,
            "weight": 60,
            "value": {
              "abilityKey": "Nova_Base",
              "levelChange": 1
            }
          }
        ]
      },
      { "attribute": "the_vault:added_ability_level",
        "group": "ModAPLvl",
        "identifier": "the_vault:corrupted_added_ability_level_poisonnova",
        "tags": [
          "focusAbilityPower",
          "focusAbilityPowerNova"
        ],
        "tiers": [
          {
            "minLevel": 25,
            "maxLevel": -1,
            "weight": 60,
            "value": {
              "abilityKey": "Nova_Dot",
              "levelChange": 1
            }
          }
        ]
      },
      { 
        "attribute": "the_vault:added_ability_level",
        "group": "ModAPLvl",
        "identifier": "the_vault:corrupted_added_ability_level_totemhatred",
        "tags": [
          "focusAbilityPower",
          "focusAbilityPowerTotem"
        ],
        "tiers": [
          {
            "minLevel": 25,
            "maxLevel": -1,
            "weight": 60,
            "value": {
              "abilityKey": "Totem_Mob_Damage",
              "levelChange": 1
            }
          }
        ]
      },
      { 
        "attribute": "the_vault:added_ability_level",
        "group": "ModAPLvl",
        "identifier": "the_vault:corrupted_added_ability_level_smite",
        "tags": [
          "focusAbilityPower",
          "focusAbilityPowerSmite"
        ],
        "tiers": [
          {
            "minLevel": 25,
            "maxLevel": -1,
            "weight": 60,
            "value": {
              "abilityKey": "Smite_Base",
              "levelChange": 1
            }
          }
        ]
      },
      { 
        "attribute": "the_vault:added_ability_level",
        "group": "ModAPLvl",
        "identifier": "the_vault:corrupted_added_ability_level_smitearchon",
        "tags": [
          "focusAbilityPower",
          "focusAbilityPowerSmite"
        ],
        "tiers": [
          {
            "minLevel": 25,
            "maxLevel": -1,
            "weight": 60,
            "value": {
              "abilityKey": "Smite_Archon",
              "levelChange": 1
            }
          }
        ]
      },
      { 
        "attribute": "the_vault:added_ability_level",
        "group": "ModAPLvl",
        "identifier": "the_vault:corrupted_added_ability_level_stonefallsnow",
        "tags": [
          "focusAbilityPower",
          "focusAbilityPowerStonefall"
        ],
        "tiers": [
          {
            "minLevel": 25,
            "maxLevel": -1,
            "weight": 30,
            "value": {
              "abilityKey": "Stonefall_Snow",
              "levelChange": 1
            }
          }
        ]
      },
      { 
        "attribute": "the_vault:added_ability_level",
        "group": "ModAPLvl",
        "identifier": "the_vault:corrupted_added_ability_level_tauntcharm",
        "tags": [
          "focusAbilityPower",
          "focusAbilityPowerTaunt"
        ],
        "tiers": [
          {
            "minLevel": 25,
            "maxLevel": -1,
            "weight": 60,
            "value": {
              "abilityKey": "Taunt_Charm",
              "levelChange": 1
            }
          }
        ]
      },
      { 
        "attribute": "the_vault:added_ability_level",
        "group": "ModAPLvl",
        "identifier": "the_vault:corrupted_added_ability_level_javelinsight",
        "tags": [
          "focusAbilityPower",
          "focusAbilityPowerJavelin"
        ],
        "tiers": [
          {
            "minLevel": 25,
            "maxLevel": -1,
            "weight": 30,
            "value": {
              "abilityKey": "Javelin_Sight",
              "levelChange": 1
            }
          }
        ]
      },
      { 
        "attribute": "the_vault:added_ability_level",
        "group": "ModAPLvl",
        "identifier": "the_vault:corrupted_added_ability_level_fireball",
        "tags": [
          "focusAbilityPower",
          "focusAbilityPowerFireball"
        ],
        "tiers": [
          {
            "minLevel": 25,
            "maxLevel": -1,
            "weight": 60,
            "value": {
              "abilityKey": "Fireball_Base",
              "levelChange": 1
            }
          }
        ]
      },
      { 
        "attribute": "the_vault:added_ability_level",
        "group": "ModAPLvl",
        "identifier": "the_vault:corrupted_added_ability_level_fireballvolley",
        "tags": [
          "focusAbilityPower",
          "focusAbilityPowerFireball"
        ],
        "tiers": [
          {
            "minLevel": 25,
            "maxLevel": -1,
            "weight": 60,
            "value": {
              "abilityKey": "Fireball_Volley",
              "levelChange": 1
            }
          }
        ]
      },
      { "attribute": "the_vault:added_ability_level",
        "group": "ModAPLvl",
        "identifier": "the_vault:corrupted_added_ability_level_fireballshot",
        "tags": [
          "focusAbilityPower",
          "focusAbilityPowerFireball"
        ],
        "tiers": [
          {
            "minLevel": 25,
            "maxLevel": -1,
            "weight": 60,
            "value": {
              "abilityKey": "Fireball_Fireshot",
              "levelChange": 1
            }
          }
        ]
      },
      { "attribute": "the_vault:added_ability_level",
        "group": "ModAPLvl",
        "identifier": "the_vault:corrupted_added_ability_level_battlecry_spectral",
        "tags": [
          "focusAbilityPower",
          "focusAbilityPowerBattleCrySpectral"
        ],
        "tiers": [
          {
            "minLevel": 25,
            "maxLevel": -1,
            "weight": 60,
            "value": {
              "abilityKey": "Battle_Cry_Spectral_Strike",
              "levelChange": 1
            }
          }
        ]
      },
      { "attribute": "the_vault:added_ability_level",
        "group": "ModAPLvl",
        "identifier": "the_vault:corrupted_added_ability_level_stormarrow",
        "tags": [
          "focusAbilityPower",
          "focusAbilityPowerStormArrow"
        ],
        "tiers": [
          {
            "minLevel": 25,
            "maxLevel": -1,
            "weight": 30,
            "value": {
              "abilityKey": "Storm_Arrow_Base",
              "levelChange": 1
            }
          }
        ]
      },
      { "attribute": "the_vault:added_ability_level",
        "group": "ModAPLvl",
        "identifier": "the_vault:corrupted_added_ability_level_arcane",
        "tags": [
          "focusAbilityPower",
          "focusAbilityPowerArcane"
        ],
        "tiers": [
          {
            "minLevel": 25,
            "maxLevel": -1,
            "weight": 30,
            "value": {
              "abilityKey": "Arcane_Base",
              "levelChange": 1
            }
          }
        ]
      },
      { "attribute": "the_vault:added_ability_level",
        "group": "ModAPLvl",
        "identifier": "the_vault:corrupted_added_ability_level_arcane_rail",
        "tags": [
          "focusAbilityPower",
          "focusAbilityPowerArcaneRail"
        ],
        "tiers": [
          {
            "minLevel": 25,
            "maxLevel": -1,
            "weight": 30,
            "value": {
              "abilityKey": "Arcane_Rail",
              "levelChange": 1
            }
          }
        ]
      },
      { "attribute": "the_vault:added_ability_level",
        "group": "ModAPLvl",
        "identifier": "the_vault:corrupted_added_ability_level_lightning_strike",
        "tags": [
          "focusAbilityPower",
          "focusAbilityPowerLightningStrike"
        ],
        "tiers": [
          {
            "minLevel": 25,
            "maxLevel": -1,
            "weight": 30,
            "value": {
              "abilityKey": "Chain_Lightning_Base",
              "levelChange": 1
            }
          }
        ]
      },
      { "attribute": "the_vault:added_ability_level",
        "group": "ModAPLvl",
        "identifier": "the_vault:corrupted_added_ability_level_lightning_orbs",
        "tags": [
          "focusAbilityPower",
          "focusAbilityPowerLightningOrbs"
        ],
        "tiers": [
          {
            "minLevel": 25,
            "maxLevel": -1,
            "weight": 30,
            "value": {
              "abilityKey": "Chain_Lightning_Orbs",
              "levelChange": 1
            }
          }
        ]
      },
      { "attribute": "the_vault:added_ability_level",
        "group": "ModAPLvl",
        "identifier": "the_vault:corrupted_added_ability_level_grenade_toxic",
        "tags": [
          "focusAbilityPower",
          "focusAbilityPowerGrenadeToxic"
        ],
        "tiers": [
          {
            "minLevel": 25,
            "maxLevel": -1,
            "weight": 30,
            "value": {
              "abilityKey": "Toxic_Grenade",
              "levelChange": 1
            }
          }
        ]
      },
      { "attribute": "the_vault:added_ability_level",
        "group": "ModLvlBuff",
        "identifier": "the_vault:corrupted_added_ability_level_implode_life_tap",
        "tags": [
          "focusAbilityPower",
          "focusAbilityImplodeLifeTap"
        ],
        "tiers": [
          {
            "minLevel": 25,
            "maxLevel": -1,
            "weight": 30,
            "value": {
              "abilityKey": "Implode_Life_Tap",
              "levelChange": 1
            }
          }
        ]
      },
      { "attribute": "the_vault:added_ability_level",
        "group": "ModLvlBuff",
        "identifier": "the_vault:corrupted_added_ability_level_earthquake",
        "tags": [
          "focusAbilityPower",
          "focusAbilityPowerEarthquake"
        ],
        "tiers": [
          {
            "minLevel": 25,
            "maxLevel": -1,
            "weight": 30,
            "value": {
              "abilityKey": "Earthquake_Base",
              "levelChange": 1
            }
          }
        ]
      },
      { "attribute": "the_vault:added_ability_level",
        "group": "ModLvlBuff",
        "identifier": "the_vault:corrupted_added_ability_level_landmine",
        "tags": [
          "focusAbilityPower",
          "focusAbilityLandmine"
        ],
        "tiers": [
          {
            "minLevel": 25,
            "maxLevel": -1,
            "weight": 30,
            "value": {
              "abilityKey": "Earthquake_Landmine",
              "levelChange": 1
            }
          }
        ]
      },
      { "attribute": "the_vault:added_ability_level",
        "group": "ModLvlBuff",
        "identifier": "the_vault:corrupted_added_ability_level_grenade_chaos",
        "tags": [
          "focusAbilityPower",
          "focusAbilityGrenadeChaos"
        ],
        "tiers": [
          {
            "minLevel": 25,
            "maxLevel": -1,
            "weight": 30,
            "value": {
              "abilityKey": "Grenade_Base",
              "levelChange": 1
            }
          }
        ]
      },
      {
        "attribute": "the_vault:added_ability_level",
        "group": "ModLvlUtility",
        "identifier": "the_vault:corrupted_added_ability_level_shield_bash",
        "tags": [
          "focusAbilityPower",
          "focusAbilityPowerShieldBash"
        ],
        "tiers": [
          {
            "minLevel": 25,
            "maxLevel": -1,
            "weight": 60,
            "value": {
              "abilityKey": "Shield_Bash",
              "levelChange": 1
            }
          }
        ]
      }
    ]
  }
}