{
  "modifierGroup": {
    "IMPLICIT": [
      { "attribute": "the_vault:mana_regen",
        "group": "VoidRoll",
        "identifier": "the_vault:mod_mana_regen",
        "tags": [
          "focusManaRegen",
          "antiqueAnyMana"
        ],
        "tiers": [
          {
            "minLevel": 0,
            "maxLevel": -1,
            "weight": 100,
            "value": {
              "min": 0.1,
              "max": 0.15,
              "step": 0.01
            }
          },
          {
            "minLevel": 30,
            "maxLevel": -1,
            "weight": 100,
            "value": {
              "min": 0.16,
              "max": 0.2,
              "step": 0.01
            }
          },
          {
            "minLevel": 50,
            "maxLevel": -1,
            "weight": 100,
            "value": {
              "min": 0.21,
              "max": 0.25,
              "step": 0.01
            }
          },
          {
            "minLevel": 80,
            "maxLevel": -1,
            "weight": 100,
            "value": {
              "min": 0.26,
              "max": 0.3,
              "step": 0.01
            }
          }
        ]
      },
      { "attribute": "the_vault:damage_increase",
        "group": "VoidRoll",
        "identifier": "the_vault:mod_damage_increase",
        "tags": [
          "focusDamage"
        ],
        "tiers": [
          {
            "minLevel": 0,
            "maxLevel": -1,
            "weight": 100,
            "value": {
              "min": 0.01,
              "max": 0.02,
              "step": 0.01
            }
          },
          {
            "minLevel": 30,
            "maxLevel": -1,
            "weight": 100,
            "value": {
              "min": 0.03,
              "max": 0.04,
              "step": 0.01
            }
          },
          {
            "minLevel": 50,
            "maxLevel": -1,
            "weight": 100,
            "value": {
              "min": 0.05,
              "max": 0.06,
              "step": 0.01
            }
          },
          {
            "minLevel": 80,
            "maxLevel": -1,
            "weight": 100,
            "value": {
              "min": 0.07,
              "max": 0.08,
              "step": 0.01
            }
          }
        ]
      },
      { "attribute": "the_vault:ability_power_percent",
        "group": "VoidRoll",
        "identifier": "the_vault:mod_ability_power_percent",
        "tags": [
          "focusAbilityDamage"
        ],
        "tiers": [
          {
            "minLevel": 0,
            "maxLevel": -1,
            "weight": 100,
            "value": {
              "min": 0.01,
              "max": 0.02,
              "step": 0.01
            }
          },
          {
            "minLevel": 30,
            "maxLevel": -1,
            "weight": 100,
            "value": {
              "min": 0.03,
              "max": 0.04,
              "step": 0.01
            }
          },
          {
            "minLevel": 50,
            "maxLevel": -1,
            "weight": 100,
            "value": {
              "min": 0.05,
              "max": 0.06,
              "step": 0.01
            }
          },
          {
            "minLevel": 80,
            "maxLevel": -1,
            "weight": 100,
            "value": {
              "min": 0.07,
              "max": 0.08,
              "step": 0.01
            }
          }
        ]
      },
      { "attribute": "the_vault:movement_speed",
        "group": "VoidRoll",
        "identifier": "the_vault:mod_movement_speed",
        "tiers": [
          {
            "minLevel": 0,
            "maxLevel": -1,
            "weight": 100,
            "value": {
              "min": 0.01,
              "max": 0.02,
              "step": 0.01
            }
          },
          {
            "minLevel": 30,
            "maxLevel": -1,
            "weight": 100,
            "value": {
              "min": 0.03,
              "max": 0.04,
              "step": 0.01
            }
          },
          {
            "minLevel": 50,
            "maxLevel": -1,
            "weight": 100,
            "value": {
              "min": 0.05,
              "max": 0.06,
              "step": 0.01
            }
          },
          {
            "minLevel": 80,
            "maxLevel": -1,
            "weight": 100,
            "value": {
              "min": 0.07,
              "max": 0.08,
              "step": 0.01
            }
          }
        ]
      },
      { "attribute": "the_vault:item_rarity",
        "group": "VoidRoll",
        "identifier": "the_vault:mod_item_rarity",
        "tiers": [
          {
            "minLevel": 0,
            "maxLevel": -1,
            "weight": 100,
            "value": {
              "min": 0.01,
              "max": 0.03,
              "step": 0.01
            }
          },
          {
            "minLevel": 30,
            "maxLevel": -1,
            "weight": 100,
            "value": {
              "min": 0.04,
              "max": 0.05,
              "step": 0.01
            }
          },
          {
            "minLevel": 50,
            "maxLevel": -1,
            "weight": 100,
            "value": {
              "min": 0.06,
              "max": 0.08,
              "step": 0.01
            }
          },
          {
            "minLevel": 80,
            "maxLevel": -1,
            "weight": 100,
            "value": {
              "min": 0.09,
              "max": 0.1,
              "step": 0.01
            }
          }
        ]
      },
      { "attribute": "the_vault:item_quantity",
        "group": "VoidRoll",
        "identifier": "the_vault:mod_item_quantity",
        "tiers": [
          {
            "minLevel": 0,
            "maxLevel": -1,
            "weight": 100,
            "value": {
              "min": 0.01,
              "max": 0.03,
              "step": 0.01
            }
          },
          {
            "minLevel": 30,
            "maxLevel": -1,
            "weight": 100,
            "value": {
              "min": 0.04,
              "max": 0.05,
              "step": 0.01
            }
          },
          {
            "minLevel": 50,
            "maxLevel": -1,
            "weight": 100,
            "value": {
              "min": 0.06,
              "max": 0.08,
              "step": 0.01
            }
          },
          {
            "minLevel": 80,
            "maxLevel": -1,
            "weight": 100,
            "value": {
              "min": 0.09,
              "max": 0.1,
              "step": 0.01
            }
          }
        ]
      },
      { "attribute": "the_vault:velocity",
        "group": "VoidRoll",
        "identifier": "the_vault:base_velocity",
        "tiers": [
          {
            "minLevel": 0,
            "maxLevel": -1,
            "weight": 100,
            "value": {
              "min": 0.05,
              "max": 0.08,
              "step": 0.01
            }
          },
          {
            "minLevel": 30,
            "maxLevel": -1,
            "weight": 100,
            "value": {
              "min": 0.09,
              "max": 0.12,
              "step": 0.01
            }
          },
          {
            "minLevel": 50,
            "maxLevel": -1,
            "weight": 100,
            "value": {
              "min": 0.13,
              "max": 0.16,
              "step": 0.01
            }
          },
          {
            "minLevel": 80,
            "maxLevel": -1,
            "weight": 100,
            "value": {
              "min": 0.17,
              "max": 0.2,
              "step": 0.01
            }
          }
        ]
      },
      { "attribute": "the_vault:mining_speed",
        "group": "VoidRoll",
        "identifier": "the_vault:mod_mining_speed",
        "tiers": [
          {
            "minLevel": 0,
            "maxLevel": -1,
            "weight": 100,
            "value": {
              "min": 5.0,
              "max": 7.0,
              "step": 0.5
            }
          },
          {
            "minLevel": 30,
            "maxLevel": -1,
            "weight": 100,
            "value": {
              "min": 8.0,
              "max": 12.0,
              "step": 0.5
            }
          },
          {
            "minLevel": 50,
            "maxLevel": -1,
            "weight": 100,
            "value": {
              "min": 12.5,
              "max": 16.0,
              "step": 0.5
            }
          },
          {
            "minLevel": 80,
            "maxLevel": -1,
            "weight": 100,
            "value": {
              "min": 16.5,
              "max": 20.0,
              "step": 0.5
            }
          }
        ]
      }
    ],
    "PREFIX": [
    ],
    "SUFFIX": [
    ]
  }
}