{
  "LEVELS": {
    "0": {
      "pool": [
        {
          "value": {
            "value": "the_vault:vault_diamond",
            "amount": {
              "min": 1,
              "max": 4
            },
            "floorToNearestTen": false,
            "validDimensions": [],
            "vaultOnly": true,
            "rewardPool": "common"
          },
          "weight": 4
        },
        {
          "value": {
            "value": "the_vault:wild_focus",
            "amount": {
              "min": 2,
              "max": 12
            },
            "floorToNearestTen": false,
            "validDimensions": [],
            "vaultOnly": true,
            "rewardPool": "common"
          },
          "weight": 6
        },
        {
          "value": {
            "value": "the_vault:vault_meat",
            "amount": {
              "min": 4,
              "max": 12
            },
            "floorToNearestTen": false,
            "validDimensions": [],
            "vaultOnly": true,
            "rewardPool": "common"
          },
          "weight": 6
        },
        {
          "value": {
            "value": "minecraft:shulker_shell",
            "amount": {
              "min": 2,
              "max": 5
            },
            "floorToNearestTen": false,
            "validDimensions": [],
            "vaultOnly": true,
            "rewardPool": "rare"
          },
          "weight": 2
        },
        {
          "value": {
            "value": "the_vault:vault_essence",
            "amount": {
              "min": 6,
              "max": 12
            },
            "floorToNearestTen": false,
            "validDimensions": [],
            "vaultOnly": true,
            "rewardPool": "common"
          },
          "weight": 6
        },
        {
          "value": {
            "value": "the_vault:knowledge_star_essence",
            "amount": {
              "min": 4,
              "max": 18
            },
            "floorToNearestTen": false,
            "validDimensions": [],
            "vaultOnly": true,
            "rewardPool": "common"
          },
          "weight": 8
        },
        {
          "value": {
            "value": "the_vault:silver_scrap",
            "amount": {
              "min": 3,
              "max": 8
            },
            "floorToNearestTen": false,
            "validDimensions": [],
            "vaultOnly": true,
            "rewardPool": "common"
          },
          "weight": 6
        },
        {
          "value": {
            "value": "the_vault:vault_plating",
            "amount": {
              "min": 4,
              "max": 16
            },
            "floorToNearestTen": false,
            "validDimensions": [],
            "vaultOnly": true,
            "rewardPool": "common"
          },
          "weight": 8
        }
      ]
    },
    "20": {
      "pool": [
        {
          "value": {
            "value": "the_vault:vault_diamond",
            "amount": {
              "min": 8,
              "max": 24
            },
            "floorToNearestTen": false,
            "validDimensions": [],
            "vaultOnly": true,
            "rewardPool": "common"
          },
          "weight": 4
        },
        {
          "value": {
            "value": "the_vault:amplifying_focus",
            "amount": {
              "min": 2,
              "max": 12
            },
            "floorToNearestTen": false,
            "validDimensions": [],
            "vaultOnly": true,
            "rewardPool": "common"
          },
          "weight": 6
        },
        {
          "value": {
            "value": "the_vault:vault_meat",
            "amount": {
              "min": 24,
              "max": 48
            },
            "floorToNearestTen": false,
            "validDimensions": [],
            "vaultOnly": true,
            "rewardPool": "common"
          },
          "weight": 6
        },
        {
          "value": {
            "value": "the_vault:vault_essence",
            "amount": {
              "min": 16,
              "max": 32
            },
            "floorToNearestTen": false,
            "validDimensions": [],
            "vaultOnly": true,
            "rewardPool": "common"
          },
          "weight": 6
        },
        {
          "value": {
            "value": "the_vault:knowledge_star_essence",
            "amount": {
              "min": 24,
              "max": 48
            },
            "floorToNearestTen": false,
            "validDimensions": [],
            "vaultOnly": true,
            "rewardPool": "rare"
          },
          "weight": 8
        },
        {
          "value": {
            "value": "the_vault:scavenger_red_scroll",
            "amount": {
              "min": 2,
              "max": 8
            },
            "floorToNearestTen": false,
            "validDimensions": [],
            "vaultOnly": true,
            "rewardPool": "common"
          },
          "weight": 4
        },
        {
          "value": {
            "value": "the_vault:scavenger_empty_jar",
            "amount": {
              "min": 2,
              "max": 8
            },
            "floorToNearestTen": false,
            "validDimensions": [],
            "vaultOnly": true,
            "rewardPool": "common"
          },
          "weight": 4
        },
        {
          "value": {
            "value": "the_vault:scavenger_drowned_hide",
            "amount": {
              "min": 2,
              "max": 8
            },
            "floorToNearestTen": false,
            "validDimensions": [],
            "vaultOnly": true,
            "rewardPool": "common"
          },
          "weight": 4
        },
        {
          "value": {
            "value": "the_vault:scavenger_ripped_page",
            "amount": {
              "min": 8,
              "max": 20
            },
            "floorToNearestTen": false,
            "validDimensions": [],
            "vaultOnly": true,
            "rewardPool": "common"
          },
          "weight": 5
        },
        {
          "value": {
            "value": "the_vault:scavenger_zombie_blood_vial",
            "amount": {
              "min": 4,
              "max": 8
            },
            "floorToNearestTen": false,
            "validDimensions": [],
            "vaultOnly": true,
            "rewardPool": "common"
          },
          "weight": 4
        },
        {
          "value": {
            "value": "the_vault:scavenger_pottery_shard",
            "amount": {
              "min": 2,
              "max": 8
            },
            "floorToNearestTen": false,
            "validDimensions": [],
            "vaultOnly": true,
            "rewardPool": "rare"
          },
          "weight": 3
        },
        {
          "value": {
            "value": "the_vault:scavenger_goblet",
            "amount": {
              "min": 2,
              "max": 4
            },
            "floorToNearestTen": false,
            "validDimensions": [],
            "vaultOnly": true,
            "rewardPool": "rare"
          },
          "weight": 2
        },
        {
          "value": {
            "value": "the_vault:scavenger_saddle_bag",
            "amount": {
              "min": 2,
              "max": 4
            },
            "floorToNearestTen": false,
            "validDimensions": [],
            "vaultOnly": true,
            "rewardPool": "rare"
          },
          "weight": 2
        },
        {
          "value": {
            "value": "the_vault:scavenger_zombie_brain",
            "amount": {
              "min": 2,
              "max": 4
            },
            "floorToNearestTen": false,
            "validDimensions": [],
            "vaultOnly": true,
            "rewardPool": "rare"
          },
          "weight": 2
        },
        {
          "value": {
            "value": "the_vault:scavenger_green_bangle",
            "amount": {
              "min": 2,
              "max": 4
            },
            "floorToNearestTen": false,
            "validDimensions": [],
            "vaultOnly": true,
            "rewardPool": "rare"
          },
          "weight": 2
        },
        {
          "value": {
            "value": "the_vault:silver_scrap",
            "amount": {
              "min": 8,
              "max": 24
            },
            "floorToNearestTen": false,
            "validDimensions": [],
            "vaultOnly": true,
            "rewardPool": "common"
          },
          "weight": 8
        },
        {
          "value": {
            "value": "the_vault:sword",
            "amount": {
              "min": 1,
              "max": 1
            },
            "floorToNearestTen": false,
            "validDimensions": [],
            "vaultOnly": true,
            "rewardPool": "rare"
          },
          "weight": 2
        },
        {
          "value": {
            "value": "the_vault:shield",
            "amount": {
              "min": 1,
              "max": 1
            },
            "floorToNearestTen": false,
            "validDimensions": [],
            "vaultOnly": true,
            "rewardPool": "rare"
          },
          "weight": 2
        },
        {
          "value": {
            "value": "the_vault:ornate_chest_scroll",
            "amount": {
              "min": 1,
              "max": 3
            },
            "floorToNearestTen": false,
            "validDimensions": [],
            "vaultOnly": true,
            "rewardPool": "common"
          },
          "weight": 4
        },
        {
          "value": {
            "value": "the_vault:gilded_chest_scroll",
            "amount": {
              "min": 1,
              "max": 3
            },
            "floorToNearestTen": false,
            "validDimensions": [],
            "vaultOnly": true,
            "rewardPool": "common"
          },
          "weight": 4
        },
        {
          "value": {
            "value": "the_vault:wooden_chest_scroll",
            "amount": {
              "min": 1,
              "max": 3
            },
            "floorToNearestTen": false,
            "validDimensions": [],
            "vaultOnly": true,
            "rewardPool": "common"
          },
          "weight": 4
        },
        {
          "value": {
            "value": "the_vault:living_chest_scroll",
            "amount": {
              "min": 1,
              "max": 3
            },
            "floorToNearestTen": false,
            "validDimensions": [],
            "vaultOnly": true,
            "rewardPool": "common"
          },
          "weight": 4
        },
        {
          "value": {
            "value": "the_vault:ornate_chest_scroll",
            "amount": {
              "min": 3,
              "max": 6
            },
            "floorToNearestTen": false,
            "validDimensions": [],
            "vaultOnly": true,
            "rewardPool": "rare"
          },
          "weight": 4
        },
        {
          "value": {
            "value": "the_vault:gilded_chest_scroll",
            "amount": {
              "min": 3,
              "max": 6
            },
            "floorToNearestTen": false,
            "validDimensions": [],
            "vaultOnly": true,
            "rewardPool": "rare"
          },
          "weight": 4
        },
        {
          "value": {
            "value": "the_vault:living_chest_scroll",
            "amount": {
              "min": 3,
              "max": 6
            },
            "floorToNearestTen": false,
            "validDimensions": [],
            "vaultOnly": true,
            "rewardPool": "rare"
          },
          "weight": 4
        }
      ]
    },
    "30": {
      "pool": [
        {
          "value": {
            "value": "the_vault:vault_diamond",
            "amount": {
              "min": 8,
              "max": 20
            },
            "floorToNearestTen": false,
            "validDimensions": [],
            "vaultOnly": true,
            "rewardPool": "common"
          },
          "weight": 4
        },
        {
          "value": {
            "value": "the_vault:nullifying_focus",
            "amount": {
              "min": 6,
              "max": 12
            },
            "floorToNearestTen": false,
            "validDimensions": [],
            "vaultOnly": true,
            "rewardPool": "common"
          },
          "weight": 4
        },
        {
          "value": {
            "value": "the_vault:dreamstone",
            "amount": {
              "min": 6,
              "max": 20
            },
            "floorToNearestTen": false,
            "validDimensions": [],
            "vaultOnly": true,
            "rewardPool": "rare"
          },
          "weight": 4
        },
        {
          "value": {
            "value": "the_vault:vault_essence",
            "amount": {
              "min": 24,
              "max": 40
            },
            "floorToNearestTen": false,
            "validDimensions": [],
            "vaultOnly": true,
            "rewardPool": "common"
          },
          "weight": 6
        },
        {
          "value": {
            "value": "the_vault:knowledge_star_essence",
            "amount": {
              "min": 24,
              "max": 48
            },
            "floorToNearestTen": false,
            "validDimensions": [],
            "vaultOnly": true,
            "rewardPool": "common"
          },
          "weight": 8
        },
        {
          "value": {
            "value": "the_vault:scavenger_red_scroll",
            "amount": {
              "min": 2,
              "max": 10
            },
            "floorToNearestTen": false,
            "validDimensions": [],
            "vaultOnly": true,
            "rewardPool": "common"
          },
          "weight": 4
        },
        {
          "value": {
            "value": "the_vault:scavenger_empty_jar",
            "amount": {
              "min": 2,
              "max": 10
            },
            "floorToNearestTen": false,
            "validDimensions": [],
            "vaultOnly": true,
            "rewardPool": "common"
          },
          "weight": 4
        },
        {
          "value": {
            "value": "the_vault:scavenger_drowned_hide",
            "amount": {
              "min": 2,
              "max": 10
            },
            "floorToNearestTen": false,
            "validDimensions": [],
            "vaultOnly": true,
            "rewardPool": "common"
          },
          "weight": 4
        },
        {
          "value": {
            "value": "the_vault:scavenger_ripped_page",
            "amount": {
              "min": 10,
              "max": 24
            },
            "floorToNearestTen": false,
            "validDimensions": [],
            "vaultOnly": true,
            "rewardPool": "common"
          },
          "weight": 5
        },
        {
          "value": {
            "value": "the_vault:scavenger_zombie_blood_vial",
            "amount": {
              "min": 4,
              "max": 10
            },
            "floorToNearestTen": false,
            "validDimensions": [],
            "vaultOnly": true,
            "rewardPool": "common"
          },
          "weight": 4
        },
        {
          "value": {
            "value": "the_vault:scavenger_pottery_shard",
            "amount": {
              "min": 2,
              "max": 10
            },
            "floorToNearestTen": false,
            "validDimensions": [],
            "vaultOnly": true,
            "rewardPool": "rare"
          },
          "weight": 3
        },
        {
          "value": {
            "value": "the_vault:scavenger_goblet",
            "amount": {
              "min": 2,
              "max": 5
            },
            "floorToNearestTen": false,
            "validDimensions": [],
            "vaultOnly": true,
            "rewardPool": "rare"
          },
          "weight": 2
        },
        {
          "value": {
            "value": "the_vault:scavenger_saddle_bag",
            "amount": {
              "min": 2,
              "max": 5
            },
            "floorToNearestTen": false,
            "validDimensions": [],
            "vaultOnly": true,
            "rewardPool": "rare"
          },
          "weight": 2
        },
        {
          "value": {
            "value": "the_vault:scavenger_zombie_brain",
            "amount": {
              "min": 2,
              "max": 5
            },
            "floorToNearestTen": false,
            "validDimensions": [],
            "vaultOnly": true,
            "rewardPool": "rare"
          },
          "weight": 2
        },
        {
          "value": {
            "value": "the_vault:scavenger_green_bangle",
            "amount": {
              "min": 2,
              "max": 5
            },
            "floorToNearestTen": false,
            "validDimensions": [],
            "vaultOnly": true,
            "rewardPool": "rare"
          },
          "weight": 2
        },
        {
          "value": {
            "value": "the_vault:silver_scrap",
            "amount": {
              "min": 12,
              "max": 32
            },
            "floorToNearestTen": false,
            "validDimensions": [],
            "vaultOnly": true,
            "rewardPool": "common"
          },
          "weight": 8
        },
        {
          "value": {
            "value": "the_vault:sword",
            "amount": {
              "min": 1,
              "max": 2
            },
            "floorToNearestTen": false,
            "validDimensions": [],
            "vaultOnly": true,
            "rewardPool": "rare"
          },
          "weight": 1
        },
        {
          "value": {
            "value": "the_vault:shield",
            "amount": {
              "min": 1,
              "max": 2
            },
            "floorToNearestTen": false,
            "validDimensions": [],
            "vaultOnly": true,
            "rewardPool": "rare"
          },
          "weight": 1
        },
        {
          "value": {
            "value": "the_vault:ornate_chest_scroll",
            "amount": {
              "min": 2,
              "max": 4
            },
            "floorToNearestTen": false,
            "validDimensions": [],
            "vaultOnly": true,
            "rewardPool": "common"
          },
          "weight": 4
        },
        {
          "value": {
            "value": "the_vault:gilded_chest_scroll",
            "amount": {
              "min": 2,
              "max": 4
            },
            "floorToNearestTen": false,
            "validDimensions": [],
            "vaultOnly": true,
            "rewardPool": "common"
          },
          "weight": 4
        },
        {
          "value": {
            "value": "the_vault:wooden_chest_scroll",
            "amount": {
              "min": 2,
              "max": 4
            },
            "floorToNearestTen": false,
            "validDimensions": [],
            "vaultOnly": true,
            "rewardPool": "common"
          },
          "weight": 4
        },
        {
          "value": {
            "value": "the_vault:living_chest_scroll",
            "amount": {
              "min": 2,
              "max": 4
            },
            "floorToNearestTen": false,
            "validDimensions": [],
            "vaultOnly": true,
            "rewardPool": "common"
          },
          "weight": 4
        },
        {
          "value": {
            "value": "the_vault:inscription",
            "amount": {
              "min": 1,
              "max": 2
            },
            "floorToNearestTen": false,
            "validDimensions": [],
            "vaultOnly": true,
            "rewardPool": "rare"
          },
          "weight": 1
        },
        {
          "value": {
            "value": "the_vault:jewel_pouch",
            "amount": {
              "min": 4,
              "max": 12
            },
            "floorToNearestTen": false,
            "validDimensions": [],
            "vaultOnly": true,
            "rewardPool": "rare"
          },
          "weight": 1
        }
      ]
    },
    "50": {
      "pool": [
        {
          "value": {
            "value": "the_vault:vault_diamond",
            "amount": {
              "min": 10,
              "max": 28
            },
            "floorToNearestTen": false,
            "validDimensions": [],
            "vaultOnly": true,
            "rewardPool": "common"
          },
          "weight": 4
        },
        {
          "value": {
            "value": "the_vault:fundamental_focus",
            "amount": {
              "min": 1,
              "max": 3
            },
            "floorToNearestTen": false,
            "validDimensions": [],
            "vaultOnly": true,
            "rewardPool": "rare"
          },
          "weight": 2
        },
        {
          "value": {
            "value": "the_vault:vault_essence",
            "amount": {
              "min": 24,
              "max": 48
            },
            "floorToNearestTen": false,
            "validDimensions": [],
            "vaultOnly": true,
            "rewardPool": "common"
          },
          "weight": 6
        },
        {
          "value": {
            "value": "the_vault:knowledge_star_essence",
            "amount": {
              "min": 48,
              "max": 128
            },
            "floorToNearestTen": false,
            "validDimensions": [],
            "vaultOnly": true,
            "rewardPool": "common"
          },
          "weight": 8
        },
        {
          "value": {
            "value": "the_vault:scavenger_red_scroll",
            "amount": {
              "min": 6,
              "max": 12
            },
            "floorToNearestTen": false,
            "validDimensions": [],
            "vaultOnly": true,
            "rewardPool": "common"
          },
          "weight": 4
        },
        {
          "value": {
            "value": "the_vault:scavenger_empty_jar",
            "amount": {
              "min": 4,
              "max": 10
            },
            "floorToNearestTen": false,
            "validDimensions": [],
            "vaultOnly": true,
            "rewardPool": "common"
          },
          "weight": 4
        },
        {
          "value": {
            "value": "the_vault:scavenger_drowned_hide",
            "amount": {
              "min": 4,
              "max": 10
            },
            "floorToNearestTen": false,
            "validDimensions": [],
            "vaultOnly": true,
            "rewardPool": "common"
          },
          "weight": 4
        },
        {
          "value": {
            "value": "the_vault:scavenger_ripped_page",
            "amount": {
              "min": 12,
              "max": 32
            },
            "floorToNearestTen": false,
            "validDimensions": [],
            "vaultOnly": true,
            "rewardPool": "common"
          },
          "weight": 5
        },
        {
          "value": {
            "value": "the_vault:scavenger_zombie_blood_vial",
            "amount": {
              "min": 8,
              "max": 16
            },
            "floorToNearestTen": false,
            "validDimensions": [],
            "vaultOnly": true,
            "rewardPool": "common"
          },
          "weight": 4
        },
        {
          "value": {
            "value": "the_vault:scavenger_pottery_shard",
            "amount": {
              "min": 4,
              "max": 10
            },
            "floorToNearestTen": false,
            "validDimensions": [],
            "vaultOnly": true,
            "rewardPool": "common"
          },
          "weight": 3
        },
        {
          "value": {
            "value": "the_vault:scavenger_goblet",
            "amount": {
              "min": 3,
              "max": 8
            },
            "floorToNearestTen": false,
            "validDimensions": [],
            "vaultOnly": true,
            "rewardPool": "common"
          },
          "weight": 2
        },
        {
          "value": {
            "value": "the_vault:scavenger_saddle_bag",
            "amount": {
              "min": 3,
              "max": 8
            },
            "floorToNearestTen": false,
            "validDimensions": [],
            "vaultOnly": true,
            "rewardPool": "common"
          },
          "weight": 2
        },
        {
          "value": {
            "value": "the_vault:scavenger_zombie_brain",
            "amount": {
              "min": 3,
              "max": 8
            },
            "floorToNearestTen": false,
            "validDimensions": [],
            "vaultOnly": true,
            "rewardPool": "common"
          },
          "weight": 2
        },
        {
          "value": {
            "value": "the_vault:scavenger_green_bangle",
            "amount": {
              "min": 3,
              "max": 8
            },
            "floorToNearestTen": false,
            "validDimensions": [],
            "vaultOnly": true,
            "rewardPool": "common"
          },
          "weight": 2
        },
        {
          "value": {
            "value": "the_vault:silver_scrap",
            "amount": {
              "min": 12,
              "max": 32
            },
            "floorToNearestTen": false,
            "validDimensions": [],
            "vaultOnly": true,
            "rewardPool": "common"
          },
          "weight": 8
        },
        {
          "value": {
            "value": "the_vault:sword",
            "amount": {
              "min": 2,
              "max": 4
            },
            "floorToNearestTen": false,
            "validDimensions": [],
            "vaultOnly": true,
            "rewardPool": "rare"
          },
          "weight": 2
        },
        {
          "value": {
            "value": "the_vault:shield",
            "amount": {
              "min": 2,
              "max": 3
            },
            "floorToNearestTen": false,
            "validDimensions": [],
            "vaultOnly": true,
            "rewardPool": "rare"
          },
          "weight": 2
        },
        {
          "value": {
            "value": "the_vault:ornate_chest_scroll",
            "amount": {
              "min": 3,
              "max": 5
            },
            "floorToNearestTen": false,
            "validDimensions": [],
            "vaultOnly": true,
            "rewardPool": "rare"
          },
          "weight": 4
        },
        {
          "value": {
            "value": "the_vault:gilded_chest_scroll",
            "amount": {
              "min": 3,
              "max": 5
            },
            "floorToNearestTen": false,
            "validDimensions": [],
            "vaultOnly": true,
            "rewardPool": "rare"
          },
          "weight": 4
        },
        {
          "value": {
            "value": "the_vault:wooden_chest_scroll",
            "amount": {
              "min": 3,
              "max": 5
            },
            "floorToNearestTen": false,
            "validDimensions": [],
            "vaultOnly": true,
            "rewardPool": "rare"
          },
          "weight": 4
        },
        {
          "value": {
            "value": "the_vault:living_chest_scroll",
            "amount": {
              "min": 3,
              "max": 5
            },
            "floorToNearestTen": false,
            "validDimensions": [],
            "vaultOnly": true,
            "rewardPool": "rare"
          },
          "weight": 4
        },
        {
          "value": {
            "value": "the_vault:inscription",
            "amount": {
              "min": 2,
              "max": 3
            },
            "floorToNearestTen": false,
            "validDimensions": [],
            "vaultOnly": true,
            "rewardPool": "rare"
          },
          "weight": 1
        },
        {
          "value": {
            "value": "the_vault:jewel_pouch",
            "amount": {
              "min": 7,
              "max": 15
            },
            "floorToNearestTen": false,
            "validDimensions": [],
            "vaultOnly": true,
            "rewardPool": "rare"
          },
          "weight": 1
        }
      ]
    },
    "65": {
      "pool": [
        {
          "value": {
            "value": "the_vault:vault_diamond",
            "amount": {
              "min": 10,
              "max": 28
            },
            "floorToNearestTen": false,
            "validDimensions": [],
            "vaultOnly": true,
            "rewardPool": "common"
          },
          "weight": 4
        },
        {
          "value": {
            "value": "the_vault:fundamental_focus",
            "amount": {
              "min": 1,
              "max": 3
            },
            "floorToNearestTen": false,
            "validDimensions": [],
            "vaultOnly": true,
            "rewardPool": "rare"
          },
          "weight": 2
        },
        {
          "value": {
            "value": "the_vault:chaotic_focus",
            "amount": {
              "min": 3,
              "max": 8
            },
            "floorToNearestTen": false,
            "validDimensions": [],
            "vaultOnly": true,
            "rewardPool": "rare"
          },
          "weight": 2
        },
        {
          "value": {
            "value": "the_vault:waxing_focus",
            "amount": {
              "min": 1,
              "max": 3
            },
            "floorToNearestTen": false,
            "validDimensions": [],
            "vaultOnly": true,
            "rewardPool": "rare"
          },
          "weight": 2
        },
        {
          "value": {
            "value": "the_vault:waning_focus",
            "amount": {
              "min": 1,
              "max": 3
            },
            "floorToNearestTen": false,
            "validDimensions": [],
            "vaultOnly": true,
            "rewardPool": "rare"
          },
          "weight": 2
        },
        {
          "value": {
            "value": "the_vault:vault_essence",
            "amount": {
              "min": 24,
              "max": 48
            },
            "floorToNearestTen": false,
            "validDimensions": [],
            "vaultOnly": true,
            "rewardPool": "common"
          },
          "weight": 6
        },
        {
          "value": {
            "value": "the_vault:knowledge_star_essence",
            "amount": {
              "min": 48,
              "max": 128
            },
            "floorToNearestTen": false,
            "validDimensions": [],
            "vaultOnly": true,
            "rewardPool": "common"
          },
          "weight": 8
        },
        {
          "value": {
            "value": "the_vault:scavenger_spider_soul_charm",
            "amount": {
              "min": 6,
              "max": 12
            },
            "floorToNearestTen": false,
            "validDimensions": [],
            "vaultOnly": true,
            "rewardPool": "common"
          },
          "weight": 4
        },
        {
          "value": {
            "value": "the_vault:scavenger_sack",
            "amount": {
              "min": 4,
              "max": 10
            },
            "floorToNearestTen": false,
            "validDimensions": [],
            "vaultOnly": true,
            "rewardPool": "common"
          },
          "weight": 4
        },
        {
          "value": {
            "value": "the_vault:scavenger_zombie_arm",
            "amount": {
              "min": 4,
              "max": 10
            },
            "floorToNearestTen": false,
            "validDimensions": [],
            "vaultOnly": true,
            "rewardPool": "common"
          },
          "weight": 4
        },
        {
          "value": {
            "value": "the_vault:scavenger_old_book",
            "amount": {
              "min": 12,
              "max": 32
            },
            "floorToNearestTen": false,
            "validDimensions": [],
            "vaultOnly": true,
            "rewardPool": "common"
          },
          "weight": 5
        },
        {
          "value": {
            "value": "the_vault:scavenger_cracked_script",
            "amount": {
              "min": 8,
              "max": 16
            },
            "floorToNearestTen": false,
            "validDimensions": [],
            "vaultOnly": true,
            "rewardPool": "common"
          },
          "weight": 4
        },
        {
          "value": {
            "value": "the_vault:scavenger_spider_webbing_spool",
            "amount": {
              "min": 4,
              "max": 10
            },
            "floorToNearestTen": false,
            "validDimensions": [],
            "vaultOnly": true,
            "rewardPool": "rare"
          },
          "weight": 3
        },
        {
          "value": {
            "value": "the_vault:scavenger_earrings",
            "amount": {
              "min": 3,
              "max": 8
            },
            "floorToNearestTen": false,
            "validDimensions": [],
            "vaultOnly": true,
            "rewardPool": "rare"
          },
          "weight": 2
        },
        {
          "value": {
            "value": "the_vault:scavenger_wizard_wand",
            "amount": {
              "min": 3,
              "max": 8
            },
            "floorToNearestTen": false,
            "validDimensions": [],
            "vaultOnly": true,
            "rewardPool": "rare"
          },
          "weight": 2
        },
        {
          "value": {
            "value": "the_vault:scavenger_creeper_eye",
            "amount": {
              "min": 3,
              "max": 8
            },
            "floorToNearestTen": false,
            "validDimensions": [],
            "vaultOnly": true,
            "rewardPool": "rare"
          },
          "weight": 2
        },
        {
          "value": {
            "value": "the_vault:scavenger_cracked_pearl",
            "amount": {
              "min": 3,
              "max": 8
            },
            "floorToNearestTen": false,
            "validDimensions": [],
            "vaultOnly": true,
            "rewardPool": "rare"
          },
          "weight": 2
        },
        {
          "value": {
            "value": "the_vault:silver_scrap",
            "amount": {
              "min": 12,
              "max": 32
            },
            "floorToNearestTen": false,
            "validDimensions": [],
            "vaultOnly": true,
            "rewardPool": "common"
          },
          "weight": 8
        },
        {
          "value": {
            "value": "the_vault:sword",
            "amount": {
              "min": 2,
              "max": 3
            },
            "floorToNearestTen": false,
            "validDimensions": [],
            "vaultOnly": true,
            "rewardPool": "common"
          },
          "weight": 2
        },
        {
          "value": {
            "value": "the_vault:shield",
            "amount": {
              "min": 2,
              "max": 3
            },
            "floorToNearestTen": false,
            "validDimensions": [],
            "vaultOnly": true,
            "rewardPool": "common"
          },
          "weight": 2
        },
        {
          "value": {
            "value": "the_vault:ornate_chest_scroll",
            "amount": {
              "min": 3,
              "max": 5
            },
            "floorToNearestTen": false,
            "validDimensions": [],
            "vaultOnly": true,
            "rewardPool": "rare"
          },
          "weight": 4
        },
        {
          "value": {
            "value": "the_vault:gilded_chest_scroll",
            "amount": {
              "min": 3,
              "max": 5
            },
            "floorToNearestTen": false,
            "validDimensions": [],
            "vaultOnly": true,
            "rewardPool": "rare"
          },
          "weight": 4
        },
        {
          "value": {
            "value": "the_vault:wooden_chest_scroll",
            "amount": {
              "min": 3,
              "max": 5
            },
            "floorToNearestTen": false,
            "validDimensions": [],
            "vaultOnly": true,
            "rewardPool": "rare"
          },
          "weight": 4
        },
        {
          "value": {
            "value": "the_vault:living_chest_scroll",
            "amount": {
              "min": 3,
              "max": 5
            },
            "floorToNearestTen": false,
            "validDimensions": [],
            "vaultOnly": true,
            "rewardPool": "rare"
          },
          "weight": 4
        },
        {
          "value": {
            "value": "the_vault:inscription",
            "amount": {
              "min": 3,
              "max": 5
            },
            "floorToNearestTen": false,
            "validDimensions": [],
            "vaultOnly": true,
            "rewardPool": "rare"
          },
          "weight": 1
        },
        {
          "value": {
            "value": "the_vault:key_piece",
            "amount": {
              "min": 3,
              "max": 6
            },
            "floorToNearestTen": false,
            "validDimensions": [],
            "vaultOnly": true,
            "rewardPool": "rare"
          },
          "weight": 1
        }
      ]
    }
  }
}