{
  "pools": {
    "the_vault:craft_wooden_cascade": [
      {
        "level": 0,
        "pool": [
          {
            "value": {
              "size": {
                "min": 10,
                "max": 10,
                "type": "uniform"
              },
              "modifiers": [
                "the_vault:wooden_cascade",
                "the_vault:challenge_stack"
              ],
              "model": 1
            },
            "weight": 9.0
          }
        ]
      }
    ],
    "the_vault:craft_gilded_cascade": [
      {
        "level": 0,
        "pool": [
          {
            "value": {
              "size": {
                "min": 10,
                "max": 10,
                "type": "uniform"
              },
              "modifiers": [
                "the_vault:gilded_cascade",
                "the_vault:challenge_stack"
              ],
              "model": 2
            },
            "weight": 9.0
          }
        ]
      }
    ],
    "the_vault:craft_ornate_cascade": [
      {
        "level": 0,
        "pool": [
          {
            "value": {
              "size": {
                "min": 10,
                "max": 10,
                "type": "uniform"
              },
              "modifiers": [
                "the_vault:ornate_cascade",
                "the_vault:challenge_stack"
              ],
              "model": 4
            },
            "weight": 9.0
          }
        ]
      }
    ],
    "the_vault:craft_living_cascade": [
      {
        "level": 0,
        "pool": [
          {
            "value": {
              "size": {
                "min": 10,
                "max": 10,
                "type": "uniform"
              },
              "modifiers": [
                "the_vault:living_cascade",
                "the_vault:challenge_stack"
              ],
              "model": 3
            },
            "weight": 9.0
          }
        ]
      }
    ],
    "the_vault:craft_extended": [
      {
        "level": 0,
        "pool": [
          {
            "value": {
              "size": {
                "min": 10,
                "max": 10,
                "type": "uniform"
              },
              "modifiers": [
                "the_vault:extended",
                "the_vault:challenge_stack"
              ],
              "model": 6
            },
            "weight": 9.0
          }
        ]
      }
    ],
    "the_vault:craft_accustomed": [
      {
        "level": 0,
        "pool": [
          {
            "value": {
              "size": {
                "min": 10,
                "max": 10,
                "type": "uniform"
              },
              "modifiers": [
                "the_vault:xp_gain",
                "the_vault:challenge_stack"
              ],
              "model": 7
            },
            "weight": 9.0
          }
        ]
      }
    ],
    "the_vault:craft_coin_cascade": [
      {
        "level": 0,
        "pool": [
          {
            "value": {
              "size": {
                "min": 10,
                "max": 10,
                "type": "uniform"
              },
              "modifiers": [
                "the_vault:coin_cascade",
                "the_vault:challenge_stack"
              ],
              "model": 5
            },
            "weight": 9.0
          }
        ]
      }
    ],
    "the_vault:craft_plentiful": [
      {
        "level": 0,
        "pool": [
          {
            "value": {
              "size": {
                "min": 10,
                "max": 10,
                "type": "uniform"
              },
              "modifiers": [
                "the_vault:plentiful",
                "the_vault:challenge_stack"
              ],
              "model": 8
            },
            "weight": 9.0
          }
        ]
      }
    ],
    "the_vault:craft_soul": [
      {
        "level": 0,
        "pool": [
          {
            "value": {
              "size": {
                "min": 10,
                "max": 10,
                "type": "uniform"
              },
              "modifiers": [
                "the_vault:soul_boost",
                "the_vault:challenge_stack"
              ],
              "model": 9
            },
            "weight": 9.0
          }
        ]
      }
    ],
    "the_vault:treasure_bonus": [
      {
        "level": 0,
        "pool": [
          {
            "value": {
              "size": {
                "min": 5,
                "max": 20,
                "type": "uniform"
              },
              "model": 10,
              "modifiers": [
                "the_vault:gilded",
                "the_vault:challenge_stack"
              ]
            },
            "weight": 9.0
          },
          {
            "value": {
              "size": {
                "min": 5,
                "max": 20,
                "type": "uniform"
                },
              "model": 11,
              "modifiers": [
                "the_vault:living",
                "the_vault:challenge_stack"
              ]
            },
            "weight": 9.0
          },
          {
            "value": {
              "size": {
                "min": 5,
                "max": 20,
                "type": "uniform"
              },
              "model": 12,
              "modifiers": [
                "the_vault:ornate",
                "the_vault:challenge_stack"
              ]
            },
            "weight": 9.0
          },
          {
            "value": {
              "size": {
                "min": 5,
                "max": 20,
                "type": "uniform"
              },
              "model": 13,
              "modifiers": [
                "the_vault:coin_pile",
                "the_vault:challenge_stack"
              ]
            },
            "weight": 9.0
          },
          {
            "value": {
              "size": {
                "min": 5,
                "max": 20,
                "type": "uniform"
              },
              "model": 14,
              "modifiers": [
                "the_vault:phoenix",
                "the_vault:challenge_stack"
              ]
            },
            "weight": 9.0
          }
        ]
      }
    ],
    "the_vault:shop_pedestal": [
      {
        "level": 0,
        "pool": [
          {
            
            "value": {
              "model": 6,
              "size": {
                "min": 6,
                "max": 16,
                "type": "uniform"
              },
              "modifiers": [
                "the_vault:extended",
                "the_vault:challenge_stack"
              ]
            },
            "weight": 25.0
          },
          {
            "value": {
              "size": {
                "min": 6,
                "max": 16,
                "type": "uniform"
              },
              "modifiers": [
                "the_vault:xp_gain",
                "the_vault:challenge_stack"
              ],
              "model": 7
            },
            "weight": 25.0
          },
          {
            "value": {
              "size": {
                "min": 6,
                "max": 16,
                "type": "uniform"
              },
              "modifiers": [
                "the_vault:wooden_cascade",
                "the_vault:challenge_stack"
              ],
              "model": 1
            },
            "weight": 25.0
          },
          {
            "value": {
              "size": {
                "min": 6,
                "max": 16,
                "type": "uniform"
              },
              "modifiers": [
                "the_vault:gilded_cascade",
                "the_vault:challenge_stack"
              ],
              "model": 2
            },
            "weight": 25.0
          },
          {
            "value": {
              "size": {
                "min": 6,
                "max": 16,
                "type": "uniform"
              },
              "modifiers": [
                "the_vault:living_cascade",
                "the_vault:challenge_stack"
              ],
              "model": 3
            },
            "weight": 25.0
          },
          {
            "value": {
              "size": {
                "min": 6,
                "max": 16,
                "type": "uniform"
              },
              "modifiers": [
                "the_vault:ornate_cascade",
                "the_vault:challenge_stack"
              ],
              "model": 4
            },
            "weight": 25.0
          },
          {
            "value": {
              "size": {
                "min": 6,
                "max": 16,
                "type": "uniform"
              },
              "modifiers": [
                "the_vault:coin_cascade",
                "the_vault:challenge_stack"
              ],
              "model": 5
            },
            "weight": 25.0
          },
          {
            "value": {
              "size": {
                "min": 6,
                "max": 16,
                "type": "uniform"
              },
              "modifiers": [
                "the_vault:plentiful",
                "the_vault:challenge_stack"
              ],
              "model": 8
            },
            "weight": 25.0
          },
          {
            "value": {
              "size": {
                "min": 6,
                "max": 16,
                "type": "uniform"
              },
              "modifiers": [
                "the_vault:soul_boost",
                "the_vault:challenge_stack"
              ],
              "model": 9
            },
            "weight": 25.0
          },
          {
            "value": {
              "size": {
                "min": 5,
                "max": 20,
                "type": "uniform"
              },
              "model": 10,
              "modifiers": [
                "the_vault:gilded",
                "the_vault:challenge_stack"
              ]
            },
            "weight": 3.0
          },
          {
            "value": {
              "size": {
                "min": 5,
                "max": 20,
                "type": "uniform"
                },
              "model": 11,
              "modifiers": [
                "the_vault:living",
                "the_vault:challenge_stack"
              ]
            },
            "weight": 3.0
          },
          {
            "value": {
              "size": {
                "min": 5,
                "max": 20,
                "type": "uniform"
              },
              "model": 12,
              "modifiers": [
                "the_vault:ornate",
                "the_vault:challenge_stack"
              ]
            },
            "weight": 3.0
          },
          {
            "value": {
              "size": {
                "min": 5,
                "max": 20,
                "type": "uniform"
              },
              "model": 13,
              "modifiers": [
                "the_vault:coin_pile",
                "the_vault:challenge_stack"
              ]
            },
            "weight": 3.0
          },
          {
            "value": {
              "size": {
                "min": 5,
                "max": 20,
                "type": "uniform"
              },
              "model": 14,
              "modifiers": [
                "the_vault:phoenix",
                "the_vault:challenge_stack"
              ]
            },
            "weight": 14.0
          }
        ]
      }
    ],
    "the_vault:black_market": [
      {
        "level": 0,
        "pool": [
          {
            
            "value": {
              "model": 6,
              "size": {
                "min": 6,
                "max": 16,
                "type": "uniform"
              },
              "modifiers": [
                "the_vault:extended",
                "the_vault:challenge_stack"
              ]
            },
            "weight": 25.0
          },
          {
            "value": {
              "size": {
                "min": 6,
                "max": 16,
                "type": "uniform"
              },
              "modifiers": [
                "the_vault:xp_gain",
                "the_vault:challenge_stack"
              ],
              "model": 7
            },
            "weight": 25.0
          },
          {
            "value": {
              "size": {
                "min": 6,
                "max": 16,
                "type": "uniform"
              },
              "modifiers": [
                "the_vault:wooden_cascade",
                "the_vault:challenge_stack"
              ],
              "model": 1
            },
            "weight": 25.0
          },
          {
            "value": {
              "size": {
                "min": 6,
                "max": 16,
                "type": "uniform"
              },
              "modifiers": [
                "the_vault:gilded_cascade",
                "the_vault:challenge_stack"
              ],
              "model": 2
            },
            "weight": 25.0
          },
          {
            "value": {
              "size": {
                "min": 6,
                "max": 16,
                "type": "uniform"
              },
              "modifiers": [
                "the_vault:living_cascade",
                "the_vault:challenge_stack"
              ],
              "model": 3
            },
            "weight": 25.0
          },
          {
            "value": {
              "size": {
                "min": 6,
                "max": 16,
                "type": "uniform"
              },
              "modifiers": [
                "the_vault:ornate_cascade",
                "the_vault:challenge_stack"
              ],
              "model": 4
            },
            "weight": 25.0
          },
          {
            "value": {
              "size": {
                "min": 6,
                "max": 16,
                "type": "uniform"
              },
              "modifiers": [
                "the_vault:coin_cascade",
                "the_vault:challenge_stack"
              ],
              "model": 5
            },
            "weight": 25.0
          },
          {
            "value": {
              "size": {
                "min": 6,
                "max": 16,
                "type": "uniform"
              },
              "modifiers": [
                "the_vault:plentiful",
                "the_vault:challenge_stack"
              ],
              "model": 8
            },
            "weight": 25.0
          },
          {
            "value": {
              "size": {
                "min": 6,
                "max": 16,
                "type": "uniform"
              },
              "modifiers": [
                "the_vault:soul_boost",
                "the_vault:challenge_stack"
              ],
              "model": 9
            },
            "weight": 25.0
          },
          {
            "value": {
              "size": {
                "min": 5,
                "max": 20,
                "type": "uniform"
              },
              "model": 14,
              "modifiers": [
                "the_vault:phoenix",
                "the_vault:challenge_stack"
              ]
            },
            "weight": 9.0
          }
        ]
      }
    ],
    "the_vault:black_market_omega": [
      {
        "level": 0,
        "pool": [
          {
            
            "value": {
              "model": 6,
              "size": {
                "min": 6,
                "max": 10,
                "type": "uniform"
              },
              "modifiers": [
                "the_vault:extended",
                "the_vault:challenge_stack"
              ]
            },
            "weight": 25.0
          },
          {
            "value": {
              "size": {
                "min": 6,
                "max": 10,
                "type": "uniform"
              },
              "modifiers": [
                "the_vault:xp_gain",
                "the_vault:challenge_stack"
              ],
              "model": 7
            },
            "weight": 25.0
          },
          {
            "value": {
              "size": {
                "min": 6,
                "max": 10,
                "type": "uniform"
              },
              "modifiers": [
                "the_vault:wooden_cascade",
                "the_vault:challenge_stack"
              ],
              "model": 1
            },
            "weight": 25.0
          },
          {
            "value": {
              "size": {
                "min": 6,
                "max": 10,
                "type": "uniform"
              },
              "modifiers": [
                "the_vault:gilded_cascade",
                "the_vault:challenge_stack"
              ],
              "model": 2
            },
            "weight": 25.0
          },
          {
            "value": {
              "size": {
                "min": 6,
                "max": 10,
                "type": "uniform"
              },
              "modifiers": [
                "the_vault:living_cascade",
                "the_vault:challenge_stack"
              ],
              "model": 3
            },
            "weight": 25.0
          },
          {
            "value": {
              "size": {
                "min": 6,
                "max": 10,
                "type": "uniform"
              },
              "modifiers": [
                "the_vault:ornate_cascade",
                "the_vault:challenge_stack"
              ],
              "model": 4
            },
            "weight": 25.0
          },
          {
            "value": {
              "size": {
                "min": 6,
                "max": 10,
                "type": "uniform"
              },
              "modifiers": [
                "the_vault:coin_cascade",
                "the_vault:challenge_stack"
              ],
              "model": 5
            },
            "weight": 25.0
          },
          {
            "value": {
              "size": {
                "min": 6,
                "max": 10,
                "type": "uniform"
              },
              "modifiers": [
                "the_vault:plentiful",
                "the_vault:challenge_stack"
              ],
              "model": 8
            },
            "weight": 25.0
          },
          {
            "value": {
              "size": {
                "min": 6,
                "max": 10,
                "type": "uniform"
              },
              "modifiers": [
                "the_vault:soul_boost",
                "the_vault:challenge_stack"
              ],
              "model": 9
            },
            "weight": 25.0
          },
          {
            "value": {
              "size": {
                "min": 5,
                "max": 20,
                "type": "uniform"
              },
              "model": 10,
              "modifiers": [
                "the_vault:gilded",
                "the_vault:challenge_stack"
              ]
            },
            "weight": 5.0
          },
          {
            "value": {
              "size": {
                "min": 5,
                "max": 20,
                "type": "uniform"
                },
              "model": 11,
              "modifiers": [
                "the_vault:living",
                "the_vault:challenge_stack"
              ]
            },
            "weight": 5.0
          },
          {
            "value": {
              "size": {
                "min": 5,
                "max": 20,
                "type": "uniform"
              },
              "model": 12,
              "modifiers": [
                "the_vault:ornate",
                "the_vault:challenge_stack"
              ]
            },
            "weight": 5.0
          },
          {
            "value": {
              "size": {
                "min": 5,
                "max": 20,
                "type": "uniform"
              },
              "model": 13,
              "modifiers": [
                "the_vault:coin_pile",
                "the_vault:challenge_stack"
              ]
            },
            "weight": 5.0
          },
          {
            "value": {
              "size": {
                "min": 5,
                "max": 20,
                "type": "uniform"
              },
              "model": 14,
              "modifiers": [
                "the_vault:phoenix",
                "the_vault:challenge_stack"
              ]
            },
            "weight": 14.0
          }
        ]
      }
    ]
  }
}