{
  "maxLevel": 10,
  "expMultiplier": 1.0,
  "completionXpShare": 1.0,
  "hatchingTime": 20,
  "cooldownRange": [
    20,
    60
  ],
  "cooldownMultiplier": 0.2,
  "levels": [
    {
      "level": 1,
      "tnl": 0
    },
    {
      "level": 2,
      "tnl": 10000
    },
    {
      "level": 3,
      "tnl": 25000
    },
    {
      "level": 4,
      "tnl": 50000
    },
    {
      "level": 5,
      "tnl": 125000
    },
    {
      "level": 6,
      "tnl": 250000
    },
    {
      "level": 7,
      "tnl": 500000
    },
    {
      "level": 8,
      "tnl": 1000000
    },
    {
      "level": 9,
      "tnl": 3000000
    },
    {
      "level": 10,
      "tnl": 6000000
    }
  ],
  "temporalModifierDurations": [
    1200,
    1800,
    2400,
    3000,
    3600,
    4800,
    6000,
    7200,
    9600,
    12000
  ],
  "relicRemovalCost": 256,
  "PET_WEIGHTS": {
    "venus": 1.0,
    "unicorn": 1.0,
    "elephant": 1.0,
    "moose": 1.0,
    "pug": 1.0,
    "raccoon": 1.0,
    "shiba": 1.0,
    "baby_creeper": 1.0,
    "black_cat": 1.0,
    "white_cat": 1.0,
    "panda": 1.0,
    "papillon": 1.0
  },
  "SERIES_WEIGHTS": {
    "PET": 4.0,
    "LEGEND": 2.0
  }
}