{
    "offsets":{
        "minecraft:ravager": {
            "x": 0.0,
            "y": 0.4,
            "z": 0.0
        },
        "the_vault:deathcap": {
            "x": 0.0,
            "y": 0.4,
            "z": 0.0
        },
        "the_vault:levishroom": {
            "x": 0.0,
            "y": 0.4,
            "z": 0.0
        },
        "the_vault:mushroom_t0": {
            "x": 0.0,
            "y": 0.2,
            "z": 0.0
        },
        "the_vault:mushroom_t1": {
            "x": 0.0,
            "y": 0.2,
            "z": 0.0
        },
        "the_vault:mushroom_t2": {
            "x": 0.0,
            "y": 0.2,
            "z": 0.0
        },
        "the_vault:bruiser_guardian": {
            "x": 0.0,
            "y": 0.2,
            "z": 0.0
        },
        "the_vault:arbalist_guardian": {
            "x": 0.0,
            "y": 0.2,
            "z": 0.0
        },
        "the_vault:pirate_bruiser_guardian": {
            "x": 0.0,
            "y": 0.2,
            "z": 0.0
        },
        "the_vault:pirate_arbalist_guardian": {
            "x": 0.0,
            "y": 0.2,
            "z": 0.0
        },
        "the_vault:crystal_arbalist_guardian": {
            "x": 0.0,
            "y": 0.2,
            "z": 0.0
        },
        "the_vault:crystal_bruiser_guardian": {
            "x": 0.0,
            "y": 0.2,
            "z": 0.0
        },
        "the_vault:butcher_bruiser_guardian": {
            "x": 0.0,
            "y": 0.2,
            "z": 0.0
        },
        "the_vault:butcher_arbalist_guardian": {
            "x": 0.0,
            "y": 0.2,
            "z": 0.0
        }
    }
}