{
  "styles": {
    "BlackMarketRerolls": {
      "x": 0,
      "y": 0,
      "frameType": "RECTANGULAR",
      "icon": "the_vault:gui/prestige/blackmarket",
      "inactiveIcon": "the_vault:gui/prestige/blackmarket_inactive"

    },
    "BountyCooldownReduction": {
      "x": 30,
      "y": 0,
      "frameType": "RECTANGULAR",
      "icon": "the_vault:gui/prestige/bountymaster",
      "inactiveIcon": "the_vault:gui/prestige/bountymaster_inactive"
    },
    "PickupRange": {
      "x": 60,
      "y": 0,
      "frameType": "RECTANGULAR",
      "icon": "the_vault:gui/prestige/magnet_range",
      "inactiveIcon": "the_vault:gui/prestige/magnet_range_inactive"
    },
    "Shielded": {
      "x": 90,
      "y": 0,
      "frameType": "RECTANGULAR",
      "icon": "the_vault:gui/prestige/shielded",
      "inactiveIcon": "the_vault:gui/prestige/shielded_inactive"
    },
    "ChampionsDamage": {
      "x": 120,
      "y": 0,
      "frameType": "RECTANGULAR",
      "icon": "the_vault:gui/prestige/champion",
      "inactiveIcon": "the_vault:gui/prestige/champion_inactive"
    },
    "GluttonyPower": {
      "x": 0,
      "y": 30,
      "frameType": "RECTANGULAR",
      "icon": "the_vault:gui/prestige/the_gluttony",
      "inactiveIcon": "the_vault:gui/prestige/the_gluttony_inactive"
    },
    "EnderAnchorPower": {
      "x": 30,
      "y": 30,
      "frameType": "RECTANGULAR",
      "icon": "the_vault:gui/prestige/the_anchor",
      "inactiveIcon": "the_vault:gui/prestige/the_anchor_inactive"
    },
    "Fruity": {
      "x": 60,
      "y": 30,
      "frameType": "RECTANGULAR",
      "icon": "the_vault:gui/prestige/fruity",
      "inactiveIcon": "the_vault:gui/prestige/fruity_inactive"
    },
    "CatDodge": {
      "x": 90,
      "y": 30,
      "frameType": "RECTANGULAR",
      "icon": "the_vault:gui/prestige/the_cat",
      "inactiveIcon": "the_vault:gui/prestige/the_cat_inactive"
    },
    "FallImmunity": {
      "x": 120,
      "y": 30,
      "frameType": "RECTANGULAR",
      "icon": "the_vault:gui/prestige/the_elvish",
      "inactiveIcon": "the_vault:gui/prestige/the_elvish_inactive"
    },
    "RegenerationPower": {
      "x": 0,
      "y": 60,
      "frameType": "RECTANGULAR",
      "icon": "the_vault:gui/prestige/the_petal",
      "inactiveIcon": "the_vault:gui/prestige/the_petal_inactive"
    },
    "KineticImmunity": {
      "x": 90,
      "y": 60,
      "frameType": "RECTANGULAR",
      "icon": "the_vault:gui/prestige/no_kinetic_damage",
      "inactiveIcon": "the_vault:gui/prestige/no_kinetic_damage_inactive"
    },
    "TheCarapace": {
      "x": 60,
      "y": 60,
      "frameType": "RECTANGULAR",
      "icon": "the_vault:gui/prestige/the_carapace",
      "inactiveIcon": "the_vault:gui/prestige/the_carapace_inactive"
    },

    "ShadowCloakPower": {
      "x": 30,
      "y": 60,
      "frameType": "RECTANGULAR",
      "icon": "the_vault:gui/prestige/the_shadow",
      "inactiveIcon": "the_vault:gui/prestige/the_shadow_inactive"
    },
    "SuperCrystals": {
      "x": 120,
      "y": 60,
      "frameType": "RECTANGULAR",
      "icon": "the_vault:gui/prestige/super_crystals",
      "inactiveIcon": "the_vault:gui/prestige/super_crystals_inactive"
    },
    "TripleJump": {
      "x": 0,
      "y": 90,
      "frameType": "RECTANGULAR",
      "icon": "the_vault:gui/prestige/triple_jump",
      "inactiveIcon": "the_vault:gui/prestige/triple_jump_inactive"
    },
    "ElytraWings": {
      "x": 30,
      "y": 90,
      "frameType": "RECTANGULAR",
      "icon": "the_vault:gui/prestige/the_wings",
      "inactiveIcon": "the_vault:gui/prestige/the_wings_inactive"

    },
    "AetherSparkTrinket": {
      "x": 60,
      "y": 90,
      "frameType": "RECTANGULAR",
      "icon": "the_vault:gui/prestige/the_spark",
      "inactiveIcon": "the_vault:gui/prestige/the_spark_inactive"
    },
    "StepUpPower": {
      "x": 90,
      "y": 90,
      "frameType": "RECTANGULAR",
      "icon": "the_vault:gui/prestige/the_frog",
      "inactiveIcon": "the_vault:gui/prestige/the_frog_inactive"
    },
    "TemporalShardChance": {
      "x": 120,
      "y": 90,
      "frameType": "RECTANGULAR",
      "icon": "the_vault:gui/prestige/temporal",
      "inactiveIcon": "the_vault:gui/prestige/temporal_inactive"
    },
    "NoTrinketUses": {
      "x": 0,
      "y": 120,
      "frameType": "RECTANGULAR",
      "icon": "the_vault:gui/prestige/no_trinket_use",
      "inactiveIcon": "the_vault:gui/prestige/no_trinket_use_inactive"
    },
    "GearDurabilityPower": {
      "x": 30,
      "y": 120,
      "frameType": "RECTANGULAR",
      "icon": "the_vault:gui/prestige/no_gear_durability",
      "inactiveIcon": "the_vault:gui/prestige/no_gear_durability_inactive"
    },
    "ToolDurabilityPower": {
      "x": 60,
      "y": 120,
      "frameType": "RECTANGULAR",
      "icon": "the_vault:gui/prestige/no_tools_durability",
      "inactiveIcon": "the_vault:gui/prestige/no_tools_durability_inactive"
    },
    "NoCharmsUses": {
      "x": 90,
      "y": 120,
      "frameType": "RECTANGULAR",
      "icon": "the_vault:gui/prestige/no_charm_use",
      "inactiveIcon": "the_vault:gui/prestige/no_charm_use_inactive"
    },
    "NoVoidUses": {
      "x": 120,
      "y": 120,
      "frameType": "RECTANGULAR",
      "icon": "the_vault:gui/prestige/no_voidstone_use",
      "inactiveIcon": "the_vault:gui/prestige/no_voidstone_use_inactive"
    },
    "BerserkPower": {
      "x": 0,
      "y": 150,
      "frameType": "RECTANGULAR",
      "icon": "the_vault:gui/prestige/berserk",
      "inactiveIcon": "the_vault:gui/prestige/berserk_inactive"
    },
    "OriginalWardPower": {
      "x": 30,
      "y": 150,
      "frameType": "RECTANGULAR",
      "icon": "the_vault:gui/prestige/ward",
      "inactiveIcon": "the_vault:gui/prestige/ward_inactive"
    },
    "TreasureHunterPower": {
      "x": 60,
      "y": 150,
      "frameType": "RECTANGULAR",
      "icon": "the_vault:gui/prestige/treasure",
      "inactiveIcon": "the_vault:gui/prestige/treasure_inactive"
    },
    "CommanderPower": {
      "x": 90,
      "y": 150,
      "frameType": "RECTANGULAR",
      "icon": "the_vault:gui/prestige/commander",
      "inactiveIcon": "the_vault:gui/prestige/commander_inactive"
    },
    "MasterfulPower": {
      "x": 120,
      "y": 150,
      "frameType": "RECTANGULAR",
      "icon": "the_vault:gui/prestige/masterful",
      "inactiveIcon": "the_vault:gui/prestige/masterful_inactive"
    }
  }
}