{
  "values": {
    "forfeit": {
      "type": "forfeit"
    },
    "mob_damage": {
      "type": "mob_vanilla_attribute",
      "attribute": "minecraft:generic.attack_damage",
      "operation": "MULTIPLY_BASE",
      "amount": 0.25,
      "textColor": "0xFFF32525"
    },
    "mob_health": {
      "type": "mob_vanilla_attribute",
      "attribute": "minecraft:generic.max_health",
      "operation": "MULTIPLY_BASE",
      "amount": 0.25,
      "textColor": "0xFFF32525"
    },
    "mob_movement_speed": {
      "type": "mob_vanilla_attribute",
      "attribute": "minecraft:generic.movement_speed",
      "operation": "MULTIPLY_BASE",
      "amount": 0.05,
      "textColor": "0xFFF32525"
    },
    "mob_attack_speed": {
      "type": "mob_vanilla_attribute",
      "attribute": "minecraft:generic.attack_speed",
      "operation": "MULTIPLY_BASE",
      "amount": 0.25,
      "textColor": "0xFFF32525"
    },
    "diamond": {
      "type": "floating_item_reward",
      "item": {
        "id": "minecraft:diamond",
        "count": 3
      },
      "color1": "0xFF00FFFF",
      "color2": "0xFF6600FF"
    },
    "pyretic_focus": {
      "type": "floating_item_reward",
      "textColor": "0xFFffb400",
      "item": {
        "id": "the_vault:pyretic_focus",
        "count": 1
      },
      "color1": "0xFFffc600",
      "color2": "0xFFa8150a"
    },
    "cryonic_focus": {
      "type": "floating_item_reward",
      "textColor": "0xFFffb400",
      "item": {
        "id": "the_vault:cryonic_focus",
        "count": 1
      },
      "color1": "0xFF8cfff0",
      "color2": "0xFF12aa96"
    },
    "cryonic_focus_big": {
      "type": "floating_item_reward",
      "textColor": "0xFFffb400",
      "item": {
        "id": "the_vault:cryonic_focus",
        "count": 2
      },
      "color1": "0xFF8cfff0",
      "color2": "0xFF12aa96"
    },
    "bishop_deck": {
      "type": "floating_item_reward",
      "textColor": "0xFFffb400",
      "item": {
        "id": "the_vault:card_deck",
        "nbt": "{id:bishop}",
        "count": 2
      },
      "color1": "0xFF8cfff0",
      "color2": "0xFF12aa96"
    },
    "empowered_chaotic_focus": {
      "type": "floating_item_reward",
      "textColor": "0xFFffb400",
      "item": {
        "id": "the_vault:empowered_chaotic_focus",
        "count": 2
      },
      "color1": "0xFFc93a00",
      "color2": "0xFFa4a3a3"
    },
    "trinket": {
      "type": "floating_item_reward",
      "textColor": "0xFFffb400",
      "item": {
        "id": "the_vault:trinket",
        "count": 1
      },
      "color1": "0xFF49d64f",
      "color2": "0xFF5b23b0"
    },
    "arcane_booster_pack": {
      "type": "floating_item_reward",
      "textColor": "0xFFffb400",
      "name": "Arcane Booster Pack",
      "item": {
        "id": "the_vault:booster_pack",
        "nbt": "{id:\"the_vault:arcane_pack\"}",
        "count": 1
      },
      "color1": "0xFFf45832",
      "color2": "0xFFfb8ffc"
    },
    "evolution_booster_pack": {
      "type": "floating_item_reward",
      "textColor": "0xFFffb400",
      "name": "Evolution Booster Pack",
      "item": {
        "id": "the_vault:booster_pack",
        "nbt": "{id:\"the_vault:evolution_pack\"}",
        "count": 1
      },
      "color1": "0xFF35ed34",
      "color2": "0xFF85b9fc"
    },
    "resource_booster_pack": {
      "type": "floating_item_reward",
      "textColor": "0xFFffb400",
      "name": "Resource Booster Pack",
      "item": {
        "id": "the_vault:booster_pack",
        "nbt": "{id:\"the_vault:resource_pack\"}",
        "count": 1
      },
      "color1": "0xFF2e99b3",
      "color2": "0xFFa984bc"
    },
    "leg_helmet": {
      "type": "floating_item_reward",
      "textColor": "0xFFffb400",
      "name": "Legendary Helmet",
      "item": {
        "id": "the_vault:helmet",
        "nbt": {
                  "the_vault:is_legendary": "true",
                  "the_vault:gear_roll_type_pool": "gear_treasure"

                },
        "count": 1
      },
      "color1": "0xFFffb400",
      "color2": "0xFFffe04e"
    },
    "leg_chestplate": {
      "type": "floating_item_reward",
      "textColor": "0xFFffb400",
      "name": "Legendary Chestplate",
      "item": {
        "id": "the_vault:chestplate",
        "nbt": {
                  "the_vault:is_legendary": "true",
                  "the_vault:gear_roll_type_pool": "gear_treasure"

                },
        "count": 1
      },
      "color1": "0xFFffb400",
      "color2": "0xFFffe04e"
    },
    "leg_leggings": {
      "type": "floating_item_reward",
      "textColor": "0xFFffb400",
      "name": "Legendary Leggings",
      "item": {
        "id": "the_vault:leggings",
        "nbt": {
                  "the_vault:is_legendary": "true",
                  "the_vault:gear_roll_type_pool": "gear_treasure"

                },
        "count": 1
      },
      "color1": "0xFFffb400",
      "color2": "0xFFffe04e"
    },
    "leg_boots": {
      "type": "floating_item_reward",
      "textColor": "0xFFffb400",
      "name": "Legendary Boots",
      "item": {
        "id": "the_vault:boots",
        "nbt": {
                  "the_vault:is_legendary": "true",
                  "the_vault:gear_roll_type_pool": "gear_treasure"

                },
        "count": 1
      },
      "color1": "0xFFffb400",
      "color2": "0xFFffe04e"
    },
    "leg_sword": {
      "type": "floating_item_reward",
      "textColor": "0xFFffb400",
      "name": "Legendary Sword",
      "item": {
        "id": "the_vault:sword",
        "nbt": {
                  "the_vault:is_legendary": "true",
                  "the_vault:gear_roll_type_pool": "gear_treasure"

                },
        "count": 1
      },
      "color1": "0xFFffb400",
      "color2": "0xFFffe04e"
    },
    "leg_axe": {
      "type": "floating_item_reward",
      "textColor": "0xFFffb400",
      "name": "Legendary Axe",
      "item": {
        "id": "the_vault:axe",
        "nbt": {
                  "the_vault:is_legendary": "true",
                  "the_vault:gear_roll_type_pool": "gear_treasure"

                },
        "count": 1
      },
      "color1": "0xFFffb400",
      "color2": "0xFFffe04e"
    },
    "leg_shield": {
      "type": "floating_item_reward",
      "textColor": "0xFFffb400",
      "name": "Legendary Shield",
      "item": {
        "id": "the_vault:shield",
        "nbt": {
                  "the_vault:is_legendary": "true",
                  "the_vault:gear_roll_type_pool": "gear_treasure"

                },
        "count": 1
      },
      "color1": "0xFFffb400",
      "color2": "0xFFffe04e"
    },
    "leg_wand": {
      "type": "floating_item_reward",
      "textColor": "0xFFffb400",
      "name": "Legendary Wand",
      "item": {
        "id": "the_vault:wand",
        "nbt": {
                  "the_vault:is_legendary": "true",
                  "the_vault:gear_roll_type_pool": "gear_treasure"

                },
        "count": 1
      },
      "color1": "0xFFffb400",
      "color2": "0xFFffe04e"
    },
    "leg_focus": {
      "type": "floating_item_reward",
      "textColor": "0xFFffb400",
      "name": "Legendary Focus",
      "item": {
        "id": "the_vault:focus",
        "nbt": {
                  "the_vault:is_legendary": "true",
                  "the_vault:gear_roll_type_pool": "gear_treasure"

                },
        "count": 1
      },
      "color1": "0xFFffb400",
      "color2": "0xFFffe04e"
    },
    "rare_helmet": {
      "type": "floating_item_reward",
      "textColor": "0xFFfff0a9",
      "name": "Helmet",
      "item": {
        "id": "the_vault:helmet",
        "nbt": "{\"the_vault:gear_roll_type\":\"Rare+\"}",
        "count": 1
      },
      "color1": "0xFFffea00",
      "color2": "0xFFffd200"
    },
    "rare_chestplate": {
      "type": "floating_item_reward",
      "textColor": "0xFFfff0a9",
      "name": "Chestplate",
      "item": {
        "id": "the_vault:chestplate",
        "nbt": "{\"the_vault:gear_roll_type\":\"Rare+\"}",
        "count": 1
      },
      "color1": "0xFFffea00",
      "color2": "0xFFffd200"
    },
    "rare_leggings": {
      "type": "floating_item_reward",
      "textColor": "0xFFfff0a9",
      "name": "Leggings",
      "item": {
        "id": "the_vault:leggings",
        "nbt": "{\"the_vault:gear_roll_type\":\"Rare+\"}",
        "count": 1
      },
      "color1": "0xFFffea00",
      "color2": "0xFFffd200"
    },
    "rare_boots": {
      "type": "floating_item_reward",
      "textColor": "0xFFfff0a9",
      "name": "Boots",
      "item": {
        "id": "the_vault:boots",
        "nbt": "{\"the_vault:gear_roll_type\":\"Rare+\"}",
        "count": 1
      },
      "color1": "0xFFffea00",
      "color2": "0xFFffd200"
    },
    "rare_sword": {
      "type": "floating_item_reward",
      "textColor": "0xFFfff0a9",
      "name": "Sword",
      "item": {
        "id": "the_vault:sword",
        "nbt": "{\"the_vault:gear_roll_type\":\"Rare+\"}",
        "count": 1
      },
      "color1": "0xFFffea00",
      "color2": "0xFFffd200"
    },
    "rare_axe": {
      "type": "floating_item_reward",
      "textColor": "0xFFfff0a9",
      "name": "Axe",
      "item": {
        "id": "the_vault:axe",
        "nbt": "{\"the_vault:gear_roll_type\":\"Rare+\"}",
        "count": 1
      },
      "color1": "0xFFffea00",
      "color2": "0xFFffd200"
    },
    "rare_shield": {
      "type": "floating_item_reward",
      "textColor": "0xFFfff0a9",
      "name": "Shield",
      "item": {
        "id": "the_vault:shield",
        "nbt": "{\"the_vault:gear_roll_type\":\"Rare+\"}",
        "count": 1
      },
      "color1": "0xFFffea00",
      "color2": "0xFFffd200"
    },
    "rare_focus": {
      "type": "floating_item_reward",
      "textColor": "0xFFfff0a9",
      "name": "Focus",
      "item": {
        "id": "the_vault:focus",
        "nbt": "{\"the_vault:gear_roll_type\":\"Rare+\"}",
        "count": 1
      },
      "color1": "0xFFffea00",
      "color2": "0xFFffd200"
    },
    "rare_wand": {
      "type": "floating_item_reward",
      "textColor": "0xFFfff0a9",
      "name": "Wand",
      "item": {
        "id": "the_vault:wand",
        "nbt": "{\"the_vault:gear_roll_type\":\"Rare+\"}",
        "count": 1
      },
      "color1": "0xFFffea00",
      "color2": "0xFFffd200"
    },
    "jewel_pouch": {
      "type": "floating_item_reward",
      "textColor": "0xFFfff0a9",
      "name": "Jewel Pouch",
      "item": {
        "id": "the_vault:jewel_pouch",
        "count": 3
      },
      "color1": "0xFFabc839",
      "color2": "0xFFab763f"
    },
    "vorpal_focus": {
      "type": "floating_item_reward",
      "textColor": "0xFFffb400",
      "item": {
        "id": "the_vault:vorpal_focus",
        "count": 1
      },
      "color1": "0xFF510000",
      "color2": "0xFFc50000"
    },
    "treasure_key": {
      "type": "floating_item_reward",
      "textColor": "0xFFffb400",
      "item": {
        "id": "the_vault:unidentified_treasure_key",
        "count": 1
      },
      "color1": "0xFFff8400",
      "color2": "0xFFffcc00"
    },
    "castle_chestplate": {
      "type": "floating_item_reward",
      "textColor": -1213660,
      "name": "The Castle Chestplate",
      "item": {
        "id": "the_vault:chestplate",
        "nbt": "{\"the_vault:gear_unique_pool\":\"the_vault:castle_chestplate\",\"the_vault:gear_roll_type\":\"Unique\"}",
        "count": 1
      },
      "color1": "0xFFED7B24",
      "color2": "0xFFe2a631"
    },
    "crashguards": {
      "type": "floating_item_reward",
      "textColor": -1213660,
      "name": "Crashguards",
      "item": {
        "id": "the_vault:leggings",
        "nbt": "{\"the_vault:gear_unique_pool\":\"the_vault:crashguards\",\"the_vault:gear_roll_type\":\"Unique\"}",
        "count": 1
      },
      "color1": "0xFFED7B24",
      "color2": "0xFFe2a631"
    },
    "pestilence_wall": {
      "type": "floating_item_reward",
      "textColor": -1213660,
      "name": "Pestilence Wall",
      "item": {
        "id": "the_vault:shield",
        "nbt": "{\"the_vault:gear_unique_pool\":\"the_vault:pestilence_wall\",\"the_vault:gear_roll_type\":\"Unique\"}",
        "count": 1
      },
      "color1": "0xFFED7B24",
      "color2": "0xFFe2a631"
    },
    "jester": {
      "type": "floating_item_reward",
      "textColor": -1213660,
      "name": "The Jester",
      "item": {
        "id": "the_vault:helmet",
        "nbt": "{\"the_vault:gear_unique_pool\":\"the_vault:jester\",\"the_vault:gear_roll_type\":\"Unique\"}",
        "count": 1
      },
      "color1": "0xFFED7B24",
      "color2": "0xFFe2a631"
    },
    "stormcrown": {
      "type": "floating_item_reward",
      "textColor": -1213660,
      "name": "Stormcrown",
      "item": {
        "id": "the_vault:helmet",
        "nbt": "{\"the_vault:gear_unique_pool\":\"the_vault:stormcrown\",\"the_vault:gear_roll_type\":\"Unique\"}",
        "count": 1
      },
      "color1": "0xFFED7B24",
      "color2": "0xFFe2a631"
    },
    "inflated_justice": {
      "type": "floating_item_reward",
      "textColor": -1213660,
      "name": "Inflated Justice",
      "item": {
        "id": "the_vault:sword",
        "nbt": "{\"the_vault:gear_unique_pool\":\"the_vault:inflated_justice\",\"the_vault:gear_roll_type\":\"Unique\"}",
        "count": 1
      },
      "color1": "0xFFED7B24",
      "color2": "0xFFe2a631"
    },
    "crystalplate": {
      "type": "floating_item_reward",
      "textColor": -1213660,
      "name": "Crystal Plate",
      "item": {
        "id": "the_vault:chestplate",
        "nbt": "{\"the_vault:gear_unique_pool\":\"the_vault:crystalplate\",\"the_vault:gear_roll_type\":\"Unique\"}",
        "count": 1
      },
      "color1": "0xFFED7B24",
      "color2": "0xFFe2a631"
    },
    "grim_shield": {
      "type": "floating_item_reward",
      "textColor": -1213660,
      "name": "The Grim Shield",
      "item": {
        "id": "the_vault:shield",
        "nbt": "{\"the_vault:gear_unique_pool\":\"the_vault:grim_shield\",\"the_vault:gear_roll_type\":\"Unique\"}",
        "count": 1
      },
      "color1": "0xFFED7B24",
      "color2": "0xFFe2a631"
    },
    "swarmwalkers": {
      "type": "floating_item_reward",
      "textColor": -1213660,
      "name": "Swarmwalkers",
      "item": {
        "id": "the_vault:leggings",
        "nbt": "{\"the_vault:gear_unique_pool\":\"the_vault:swarmwalkers\",\"the_vault:gear_roll_type\":\"Unique\"}",
        "count": 1
      },
      "color1": "0xFFED7B24",
      "color2": "0xFFe2a631"
    },
    "warbound_helmet": {
      "type": "floating_item_reward",
      "textColor": -1213660,
      "name": "Helmet of the Warbound",
      "item": {
        "id": "the_vault:helmet",
        "nbt": "{\"the_vault:gear_unique_pool\":\"the_vault:warbound_helmet\",\"the_vault:gear_roll_type\":\"Unique\"}",
        "count": 1
      },
      "color1": "0xFFED7B24",
      "color2": "0xFFe2a631"
    },
    "frozen_orb": {
      "type": "floating_item_reward",
      "textColor": -1213660,
      "name": "Frozen Orb",
      "item": {
        "id": "the_vault:focus",
        "nbt": "{\"the_vault:gear_unique_pool\":\"the_vault:frozen_orb\",\"the_vault:gear_roll_type\":\"Unique\"}",
        "count": 1
      },
      "color1": "0xFFED7B24",
      "color2": "0xFFe2a631"
    },
    "manabloom": {
      "type": "floating_item_reward",
      "textColor": -1213660,
      "name": "Manabloom Jewel",
      "item": {
        "id": "the_vault:jewel",
        "nbt": "{\"the_vault:gear_unique_pool\":\"the_vault:manabloom\",\"the_vault:gear_roll_type\":\"Unique\"}",
        "count": 1
      },
      "color1": "0xFFED7B24",
      "color2": "0xFFe2a631"
    },
    "pax": {
      "type": "floating_item_reward",
      "textColor": -1213660,
      "name": "Pax Jewel",
      "item": {
        "id": "the_vault:jewel",
        "nbt": "{\"the_vault:gear_unique_pool\":\"the_vault:pax\",\"the_vault:gear_roll_type\":\"Unique\"}",
        "count": 1
      },
      "color1": "0xFFED7B24",
      "color2": "0xFFe2a631"
    },
    "baguette": {
      "type": "floating_item_reward",
      "textColor": -1213660,
      "name": "The Baguette",
      "item": {
        "id": "the_vault:wand",
        "nbt": "{\"the_vault:gear_unique_pool\":\"the_vault:baguette\",\"the_vault:gear_roll_type\":\"Unique\"}",
        "count": 1
      },
      "color1": "0xFFED7B24",
      "color2": "0xFFe2a631"
    },
    "iskallibur": {
      "type": "floating_item_reward",
      "textColor": -1213660,
      "name": "Iskallibur",
      "item": {
        "id": "the_vault:sword",
        "nbt": "{\"the_vault:gear_unique_pool\":\"the_vault:iskallibur\",\"the_vault:gear_roll_type\":\"Unique\"}",
        "count": 1
      },
      "color1": "0xFFED7B24",
      "color2": "0xFFe2a631"
    },
    "annmari": {
      "type": "floating_item_reward",
      "textColor": -1213660,
      "name": "Ann-Mari",
      "item": {
        "id": "the_vault:chestplate",
        "nbt": "{\"the_vault:gear_unique_pool\":\"the_vault:annmari\",\"the_vault:gear_roll_type\":\"Unique\"}",
        "count": 1
      },
      "color1": "0xFFED7B24",
      "color2": "0xFFe2a631"
    },
    "ivy": {
      "type": "floating_item_reward",
      "textColor": -1213660,
      "name": "Rosethorn Ivy",
      "item": {
        "id": "the_vault:shield",
        "nbt": "{\"the_vault:gear_unique_pool\":\"the_vault:ivy\",\"the_vault:gear_roll_type\":\"Unique\"}",
        "count": 1
      },
      "color1": "0xFFED7B24",
      "color2": "0xFFe2a631"
    },
    "chainlash": {
      "type": "floating_item_reward",
      "textColor": -1213660,
      "name": "Chainlash",
      "item": {
        "id": "the_vault:wand",
        "nbt": "{\"the_vault:gear_unique_pool\":\"the_vault:chainlash\",\"the_vault:gear_roll_type\":\"Unique\"}",
        "count": 1
      },
      "color1": "0xFFED7B24",
      "color2": "0xFFe2a631"
    },
    "pacifist_sandals": {
      "type": "floating_item_reward",
      "textColor": -1213660,
      "name": "Pacifist Sandals",
      "item": {
        "id": "the_vault:boots",
        "nbt": "{\"the_vault:gear_unique_pool\":\"the_vault:pacifist_sandals\",\"the_vault:gear_roll_type\":\"Unique\"}",
        "count": 1
      },
      "color1": "0xFFED7B24",
      "color2": "0xFFe2a631"
    },
    "kaleidoscope": {
      "type": "floating_item_reward",
      "textColor": -1213660,
      "name": "Kaleidoscope Jewel",
      "item": {
        "id": "the_vault:jewel",
        "nbt": "{\"the_vault:gear_unique_pool\":\"the_vault:kaleidoscope\",\"the_vault:gear_roll_type\":\"Unique\"}",
        "count": 1
      },
      "color1": "0xFFED7B24",
      "color2": "0xFFe2a631"
    },
    "inferno_reach": {
      "type": "floating_item_reward",
      "textColor": -1213660,
      "name": "Inferno Reach",
      "item": {
        "id": "the_vault:wand",
        "nbt": "{\"the_vault:gear_unique_pool\":\"the_vault:inferno_reach\",\"the_vault:gear_roll_type\":\"Unique\"}",
        "count": 1
      },
      "color1": "0xFFED7B24",
      "color2": "0xFFe2a631"
    },
    "raid_rock": {
      "type": "floating_item_reward",
      "textColor": "0xFFffb400",
      "name": "Raid Rock",
      "item": {
        "id": "the_vault:crystal_seal_raid",
        "count": 1
      },
      "color1": "0xFFff381d",
      "color2": "0xFFb51500"
    },
    "raid_rock_infinite": {
      "type": "floating_item_reward",
      "textColor": "0xFFffb400",
      "name": "Infinite Raid Rock",
      "item": {
        "id": "the_vault:crystal_seal_raid_infinite",
        "count": 1
      },
      "color1": "0xFFff381d",
      "color2": "0xFFb51500"
    },
    "echo_gem_big": {
      "type": "floating_item_reward",
      "textColor": "0xFFffb400",
      "name": "Echo Gems",
      "item": {
        "id": "the_vault:gem_echo",
        "count": 3
      },
      "color1": "0xFF6b00cf",
      "color2": "0xFF10021e"
    },
    "gilded_chest": {
      "type": "tile_reward",
	    "name": "Gilded Chests",
      "textColor": "0xFFfff0a9",
      "tile": "the_vault:placeholder[type=gilded_chest,facing=up]{Hidden:1b}",
      "count": 7
    },
    "gilded_chest_big": {
      "type": "tile_reward",
	    "name": "Gilded Chests",
      "textColor": "0xFFfff0a9",
      "tile": "the_vault:placeholder[type=gilded_chest,facing=up]{Hidden:1b}",
      "count": 10
    },
    "ornate_chest": {
      "type": "tile_reward",
	    "name": "Ornate Chests",
      "textColor": "0xFFfff0a9",
      "tile": "the_vault:placeholder[type=ornate_chest,facing=up]{Hidden:1b}",
      "count": 7
    },
    "ornate_chest_big": {
      "type": "tile_reward",
	    "name": "Ornate Chests",
      "textColor": "0xFFfff0a9",
      "tile": "the_vault:placeholder[type=ornate_chest,facing=up]{Hidden:1b}",
      "count": 10
    },
    "coin_pile": {
      "type": "tile_reward",
	    "name": "Coin Piles",
      "textColor": "0xFFfff0a9",
      "tile": "the_vault:placeholder[type=coin_stacks,facing=up]{Hidden:1b}",
      "count": 8
    },
    "coin_pile_big": {
      "type": "tile_reward",
	    "name": "Coin Piles",
      "textColor": "0xFFfff0a9",
      "tile": "the_vault:placeholder[type=coin_stacks,facing=up]{Hidden:1b}",
      "count": 12
    },
    "living_chest": {
      "type": "tile_reward",
	    "name": "Living Chests",
      "textColor": "0xFFfff0a9",
      "tile": "the_vault:placeholder[type=living_chest,facing=up]{Hidden:1b}",
      "count": 7
    },
    "living_chest_big": {
      "type": "tile_reward",
	    "name": "Living Chests",
      "textColor": "0xFFfff0a9",
      "tile": "the_vault:placeholder[type=living_chest,facing=up]{Hidden:1b}",
      "count": 10
    },
    "wooden_chest": {
      "type": "tile_reward",
	    "name": "Wooden Chests",
      "textColor": "0xFFfff0a9",
      "tile": "the_vault:placeholder[type=wooden_chest,facing=up]{Hidden:1b}",
      "count": 12
    },
    "wooden_chest_big": {
      "type": "tile_reward",
	    "name": "Wooden Chests",
      "textColor": "0xFFfff0a9",
      "tile": "the_vault:placeholder[type=wooden_chest,facing=up]{Hidden:1b}",
      "count": 16
    },
    "add_pillager": {
      "type": "mob_spawn",
      "entity": {
        "id": "minecraft:pillager",
        "Tags": ["no_champion", "ethereal_immune"],
        "modifierImmunity": [
          "#the_vault:modifier_type/mob_frenzy",
          "#the_vault:modifier_type/mob_attribute",
          "#the_vault:modifier_type/entity_effect"
        ],
        "Modifiers": {
          "minecraft:generic.movement_speed": { "Value": -1.0, "Operation": 2 },
          "minecraft:generic.knockback_resistance": { "Value": 1.0, "Operation": 0 }
        }
      },
      "count": 1,
      "spawner": "elevated"
    },
    "add_vindicator": {
      "type": "mob_spawn",
      "entity": {
        "id": "minecraft:vindicator",
        "Tags": ["no_champion", "ethereal_immune"],
        "modifierImmunity": [
          "#the_vault:modifier_type/mob_frenzy",
          "#the_vault:modifier_type/mob_attribute",
          "#the_vault:modifier_type/entity_effect"
        ]
      },
      "count": 1,
      "spawner": "ground"
    },
    "add_blood_orb": {
      "type": "mob_spawn",
      "entity": {
        "id": "the_vault:blood_orb",
        "Tags": ["no_champion"]
      },
      "count": 1,
      "spawner": "ground"
    },
    "add_healer": {
      "type": "mob_spawn",
      "name": "Healer",
      "entity": {
        "id": "the_vault:healer",
        "Tags": ["no_champion", "ethereal_immune"],
        "modifierImmunity": [
          "#the_vault:modifier_type/mob_frenzy",
          "#the_vault:modifier_type/mob_attribute",
          "#the_vault:modifier_type/entity_effect"
        ]
      },
      "count": 1,
      "spawner": "elevated"
    },
    "add_vex": {
      "type": "mob_spawn",
      "entity": {
        "id": "minecraft:vex",
        "Tags": ["no_champion", "ethereal_immune"],
        "modifierImmunity": [
          "#the_vault:modifier_type/mob_frenzy",
          "#the_vault:modifier_type/mob_attribute",
          "#the_vault:modifier_type/entity_effect"
        ]
      },
      "count": 1,
      "spawner": "ground"
    },
    "add_evoker": {
      "type": "mob_spawn",
      "entity": {
        "id": "minecraft:evoker",
        "Tags": ["no_champion", "ethereal_immune"],
        "modifierImmunity": [
          "#the_vault:modifier_type/mob_frenzy",
          "#the_vault:modifier_type/mob_attribute",
          "#the_vault:modifier_type/entity_effect"
        ]
      },
      "count": 1,
      "spawner": "ground"
    },
    "add_zombie": {
      "type": "mob_spawn",
      "entity": {
        "id": "minecraft:zombie"
      },
      "Tags": ["ethereal_immune"],
      "count": 1,
      "spawner": "ground"
    },
    "add_ravager": {
      "type": "mob_spawn",
      "name": "Ravager",
      "entity": {
        "id": "minecraft:ravager",
        "Tags": ["no_champion", "ethereal_immune"],
        "modifierImmunity": [
          "#the_vault:modifier_type/mob_frenzy",
          "#the_vault:modifier_type/mob_attribute",
          "#the_vault:modifier_type/entity_effect"
        ]
      },
      "count": 1,
      "spawner": "ground"
    },
    "add_vindicator_champion": {
      "type": "mob_spawn",
      "name": "Vindicator Champion",
      "textColor": "0xFFff7575",
      "entity": {
        "id": "minecraft:vindicator",
        "Tags": ["vault_champion","no_drops", "ethereal_immune"],
        "modifierImmunity": [
          "#the_vault:modifier_type/mob_frenzy",
          "#the_vault:modifier_type/mob_attribute",
          "#the_vault:modifier_type/entity_effect"
        ]
      },
      "count": 1,
      "spawner": "ground"
    },
    "add_vex_champion": {
      "type": "mob_spawn",
      "name": "Vex Champion",
      "textColor": "0xFFff7575",
      "entity": {
        "id": "minecraft:vex",
        "Tags": ["vault_champion","no_drops", "ethereal_immune"],
        "modifierImmunity": [
          "#the_vault:modifier_type/mob_frenzy",
          "#the_vault:modifier_type/mob_attribute",
          "#the_vault:modifier_type/entity_effect"
        ]
      },
      "count": 1,
      "spawner": "ground"
    },
    "add_pillager_champion": {
      "type": "mob_spawn",
      "name": "Pillager Champion",
      "textColor": "0xFFff7575",
      "entity": {
        "id": "minecraft:pillager",
        "Tags": ["vault_champion","no_drops", "ethereal_immune"],
        "modifierImmunity": [
          "#the_vault:modifier_type/mob_frenzy",
          "#the_vault:modifier_type/mob_attribute",
          "#the_vault:modifier_type/entity_effect"
        ],
        "Modifiers": {
          "minecraft:generic.movement_speed": { "Value": -1.0, "Operation": 2 },
          "minecraft:generic.knockback_resistance": { "Value": 1.0, "Operation": 0 }
        }
      },

      "count": 1,
      "spawner": "elevated"
    },
    "add_ravager_champion": {
      "type": "mob_spawn",
      "name": "Ravager Champion",
      "textColor": "0xFFff7575",
      "entity": {
        "id": "minecraft:ravager",
        "Tags": ["vault_champion","no_drops", "ethereal_immune"],
        "modifierImmunity": [
          "#the_vault:modifier_type/mob_frenzy",
          "#the_vault:modifier_type/mob_attribute",
          "#the_vault:modifier_type/entity_effect"
        ]
      },
      "count": 1,
      "spawner": "ground"
    },


    "negative": [
      { "value": "mob_damage", "weight": 4 },
      { "value": "mob_health", "weight": 4 },
      { "value": "mob_movement_speed", "weight": 4 }
    ],
    "positive": {
      "type": "pool",
      "levels": [
        { "level": 0, "pool": [
          { "value": "gilded_chest", "weight": 120 },
          { "value": "gilded_chest_big", "weight": 120 },
          { "value": "ornate_chest", "weight": 120 },
          { "value": "ornate_chest_big", "weight": 120 },
          { "value": "living_chest", "weight": 120 },
          { "value": "living_chest_big", "weight": 120 },
          { "value": "wooden_chest", "weight": 120 },
          { "value": "wooden_chest_big", "weight": 120 },
          { "value": "coin_pile", "weight": 120 },
          { "value": "coin_pile_big", "weight": 120 },
          { "value": "rare_helmet", "weight": 40 },
          { "value": "rare_chestplate", "weight": 40 },
          { "value": "rare_leggings", "weight": 40 },
          { "value": "rare_boots", "weight": 40 },
          { "value": "rare_sword", "weight": 40 },
          { "value": "rare_axe", "weight": 40 },
          { "value": "rare_shield", "weight": 40 },
          { "value": "rare_focus", "weight": 40 },
          { "value": "rare_wand", "weight": 40 },
          { "value": "jewel_pouch", "weight": 100 },
          { "value": "pyretic_focus", "weight": 50 },
          { "value": "empowered_chaotic_focus", "weight": 70 },
          { "value": "leg_helmet", "weight": 2 },
          { "value": "leg_chestplate", "weight": 2 },
          { "value": "leg_leggings", "weight": 2 },
          { "value": "leg_boots", "weight": 2 },
          { "value": "leg_sword", "weight": 2 },
          { "value": "leg_axe", "weight": 2 },
          { "value": "leg_shield", "weight": 2 },
          { "value": "leg_wand", "weight": 2 },
          { "value": "leg_focus", "weight": 2 },
          { "value": "castle_chestplate", "weight": 2 },
          { "value": "warbound_helmet", "weight": 2 },
          { "value": "inferno_reach", "weight": 2 },
          { "value": "frozen_orb", "weight": 2 },
          { "value": "grim_shield", "weight": 2 },
          { "value": "swarmwalkers", "weight": 2 },
          { "value": "stormcrown", "weight": 2 },
          { "value": "inflated_justice", "weight": 2 },
          { "value": "raid_rock_infinite", "weight": 40 }
        ]
        },
        { "level": 50, "pool": [
          { "value": "gilded_chest", "weight": 120 },
          { "value": "gilded_chest_big", "weight": 120 },
          { "value": "ornate_chest", "weight": 120 },
          { "value": "ornate_chest_big", "weight": 120 },
          { "value": "living_chest", "weight": 120 },
          { "value": "living_chest_big", "weight": 120 },
          { "value": "wooden_chest", "weight": 120 },
          { "value": "wooden_chest_big", "weight": 120 },
          { "value": "coin_pile", "weight": 120 },
          { "value": "coin_pile_big", "weight": 120 },
          { "value": "rare_helmet", "weight": 40 },
          { "value": "rare_chestplate", "weight": 40 },
          { "value": "rare_leggings", "weight": 40 },
          { "value": "rare_boots", "weight": 40 },
          { "value": "rare_sword", "weight": 40 },
          { "value": "rare_axe", "weight": 40 },
          { "value": "rare_shield", "weight": 40 },
          { "value": "rare_focus", "weight": 40 },
          { "value": "rare_wand", "weight": 40 },
          { "value": "jewel_pouch", "weight": 100 },
          { "value": "pyretic_focus", "weight": 50 },
          { "value": "empowered_chaotic_focus", "weight": 70 },
          { "value": "resource_booster_pack", "weight": 50 },
          { "value": "arcane_booster_pack", "weight": 30 },
          { "value": "leg_helmet", "weight": 2 },
          { "value": "leg_chestplate", "weight": 2 },
          { "value": "leg_leggings", "weight": 2 },
          { "value": "leg_boots", "weight": 2 },
          { "value": "leg_sword", "weight": 2 },
          { "value": "leg_axe", "weight": 2 },
          { "value": "leg_shield", "weight": 2 },
          { "value": "leg_wand", "weight": 2 },
          { "value": "leg_focus", "weight": 2 },
          { "value": "castle_chestplate", "weight": 2 },
          { "value": "warbound_helmet", "weight": 2 },
          { "value": "inferno_reach", "weight": 2 },
          { "value": "frozen_orb", "weight": 2 },
          { "value": "grim_shield", "weight": 2 },
          { "value": "swarmwalkers", "weight": 2 },
          { "value": "stormcrown", "weight": 2 },
          { "value": "inflated_justice", "weight": 2 },
          { "value": "raid_rock_infinite", "weight": 40 }
          ]
        }
      ]
    },
    "positive_base": {
      "type": "pool",
      "levels": [
        { "level": 0, "pool": [
          { "value": "gilded_chest", "weight": 120 },
          { "value": "gilded_chest_big", "weight": 120 },
          { "value": "ornate_chest", "weight": 120 },
          { "value": "ornate_chest_big", "weight": 120 },
          { "value": "living_chest", "weight": 120 },
          { "value": "living_chest_big", "weight": 120 },
          { "value": "wooden_chest", "weight": 120 },
          { "value": "wooden_chest_big", "weight": 120 },
          { "value": "coin_pile", "weight": 120 },
          { "value": "coin_pile_big", "weight": 120 },
          { "value": "rare_helmet", "weight": 40 },
          { "value": "rare_chestplate", "weight": 40 },
          { "value": "rare_leggings", "weight": 40 },
          { "value": "rare_boots", "weight": 40 },
          { "value": "rare_sword", "weight": 40 },
          { "value": "rare_axe", "weight": 40 },
          { "value": "rare_shield", "weight": 40 },
          { "value": "rare_focus", "weight": 40 },
          { "value": "rare_wand", "weight": 40 },
          { "value": "raid_rock", "weight": 180 }
          ]
        }
      ]
    },
    "xmark": {
      "type": "pool",
      "levels": [
        { "level": 0, "pool": [
          { "value": "gilded_chest_big", "weight": 130 },
          { "value": "ornate_chest_big", "weight": 130 },
          { "value": "living_chest_big", "weight": 130 },
          { "value": "wooden_chest_big", "weight": 130 },
          { "value": "coin_pile_big", "weight": 130 },
          { "value": "jewel_pouch", "weight": 60 },
          { "value": "rare_helmet", "weight": 40 },
          { "value": "rare_chestplate", "weight": 40 },
          { "value": "rare_leggings", "weight": 40 },
          { "value": "rare_boots", "weight": 40 },
          { "value": "rare_sword", "weight": 40 },
          { "value": "rare_axe", "weight": 40 },
          { "value": "rare_shield", "weight": 40 },
          { "value": "rare_focus", "weight": 40 },
          { "value": "rare_wand", "weight": 40 },
          { "value": "cryonic_focus", "weight": 6 },
          { "value": "pyretic_focus", "weight": 6 },
          { "value": "echo_gem_big", "weight": 18 },
          { "value": "manabloom", "weight": 4 },
          { "value": "iskallibur", "weight": 4 },
          { "value": "annmari", "weight": 4 },
          { "value": "ivy", "weight": 4 }
        ] },
        { "level": 50, "pool": [
          { "value": "gilded_chest_big", "weight": 130 },
          { "value": "ornate_chest_big", "weight": 130 },
          { "value": "living_chest_big", "weight": 130 },
          { "value": "wooden_chest_big", "weight": 130 },
          { "value": "coin_pile_big", "weight": 130 },
          { "value": "jewel_pouch", "weight": 60 },
          { "value": "rare_helmet", "weight": 40 },
          { "value": "rare_chestplate", "weight": 40 },
          { "value": "rare_leggings", "weight": 40 },
          { "value": "rare_boots", "weight": 40 },
          { "value": "rare_sword", "weight": 40 },
          { "value": "rare_axe", "weight": 40 },
          { "value": "rare_shield", "weight": 40 },
          { "value": "rare_focus", "weight": 40 },
          { "value": "rare_wand", "weight": 40 },
          { "value": "bishop_deck", "weight": 6 },
          { "value": "cryonic_focus", "weight": 6 },
          { "value": "pyretic_focus", "weight": 6 },
          { "value": "echo_gem_big", "weight": 18 },
          { "value": "manabloom", "weight": 4 },
          { "value": "iskallibur", "weight": 4 },
          { "value": "annmari", "weight": 4 },
          { "value": "ivy", "weight": 4 }
          ]
        }
      ]
    },
    "positive_lab": {
      "type": "pool",
      "levels": [
        { "level": 0, "pool": [
          { "value": "gilded_chest_big", "weight": 120 },
          { "value": "ornate_chest_big", "weight": 120 },
          { "value": "living_chest_big", "weight": 120 },
          { "value": "wooden_chest_big", "weight": 120 },
          { "value": "coin_pile_big", "weight": 120 },
          { "value": "cryonic_focus", "weight": 120 },
          { "value": "cryonic_focus_big", "weight": 40 },
          { "value": "pestilence_wall", "weight": 4 },
          { "value": "jester", "weight": 4 },
          { "value": "crystalplate", "weight": 4 },
          { "value": "crashguards", "weight": 4 },
          { "value": "chainlash", "weight": 4 },
          { "value": "pacifist_sandals", "weight": 4 },
          { "value": "kaleidoscope", "weight": 8 },
          { "value": "baguette", "weight": 20 }
          ]
        }
      ]
    }
  }
}