{
  "LEVELS": [
    {
      "MIN_LEVEL": 0,
      "TRADE_POOL": [
        {
          "value": {
            "OFFER": {
              "item": "the_vault:plain_burger"
            },
            "CURRENCY": "the_vault:vault_gold",
            "MIN_COST": 1,
            "MAX_COST": 1
          },
          "weight": 144
        },
        {
          "value": {
            "OFFER": {
              "item": "the_vault:cheese_burger"
            },
            "CURRENCY": "the_vault:vault_gold",
            "MIN_COST": 1,
            "MAX_COST": 2
          },
          "weight": 90
        },
        {
          "value": {
            "OFFER": {
              "item": "sophisticatedbackpacks:iron_backpack"
            },
            "CURRENCY": "the_vault:vault_gold",
            "MIN_COST": 8,
            "MAX_COST": 12
          },
          "weight": 36
        },
        {
          "value": {
            "OFFER": {
              "item": "the_vault:helmet",
              "nbt": "{\"the_vault:gear_roll_type_pool\":\"shop_pedestal\",\"the_vault:is_loot\":\"true\"}"
            },
            "CURRENCY": "the_vault:vault_gold",
            "MIN_COST": 4,
            "MAX_COST": 8
          },
          "weight": 72
        },
        {
          "value": {
            "OFFER": {
              "item": "the_vault:chestplate",
              "nbt": "{\"the_vault:gear_roll_type_pool\":\"shop_pedestal\",\"the_vault:is_loot\":\"true\"}"
            },
            "CURRENCY": "the_vault:vault_gold",
            "MIN_COST": 4,
            "MAX_COST": 8
          },
          "weight": 72
        },
        {
          "value": {
            "OFFER": {
              "item": "the_vault:leggings",
              "nbt": "{\"the_vault:gear_roll_type_pool\":\"shop_pedestal\",\"the_vault:is_loot\":\"true\"}"
            },
            "CURRENCY": "the_vault:vault_gold",
            "MIN_COST": 4,
            "MAX_COST": 8
          },
          "weight": 72
        },
        {
          "value": {
            "OFFER": {
              "item": "the_vault:boots",
              "nbt": "{\"the_vault:gear_roll_type_pool\":\"shop_pedestal\",\"the_vault:is_loot\":\"true\"}"
            },
            "CURRENCY": "the_vault:vault_gold",
            "MIN_COST": 4,
            "MAX_COST": 8
          },
          "weight": 72
        },
        {
          "value": {
            "OFFER": {
              "item": "the_vault:sword",
              "nbt": "{\"the_vault:gear_roll_type_pool\":\"shop_pedestal\",\"the_vault:is_loot\":\"true\"}"
            },
            "CURRENCY": "the_vault:vault_gold",
            "MIN_COST": 4,
            "MAX_COST": 8
          },
          "weight": 72
        },
        {
          "value": {
            "OFFER": {
              "item": "the_vault:axe",
              "nbt": "{\"the_vault:gear_roll_type_pool\":\"shop_pedestal\",\"the_vault:is_loot\":\"true\"}"
            },
            "CURRENCY": "the_vault:vault_gold",
            "MIN_COST": 4,
            "MAX_COST": 8
          },
          "weight": 72
        },
        {
          "value": {
            "OFFER": {
              "item": "the_vault:shield",
              "nbt": "{\"the_vault:gear_roll_type_pool\":\"shop_pedestal\",\"the_vault:is_loot\":\"true\"}"
            },
            "CURRENCY": "the_vault:vault_gold",
            "MIN_COST": 4,
            "MAX_COST": 8
          },
          "weight": 58
        },
        {
          "value": {
            "OFFER": {
              "item": "the_vault:wand",
              "nbt": "{\"the_vault:gear_roll_type_pool\":\"shop_pedestal\",\"the_vault:is_loot\":\"true\"}"
            },
            "CURRENCY": "the_vault:vault_gold",
            "MIN_COST": 4,
            "MAX_COST": 8
          },
          "weight": 58
        },
        {
          "value": {
            "OFFER": {
              "item": "the_vault:focus",
              "nbt": "{\"the_vault:gear_roll_type_pool\":\"shop_pedestal\",\"the_vault:is_loot\":\"true\"}"
            },
            "CURRENCY": "the_vault:vault_gold",
            "MIN_COST": 4,
            "MAX_COST": 8
          },
          "weight": 58
        },
        {
          "value": {
            "OFFER": {
              "item": "the_vault:magnet",
              "nbt": "{\"the_vault:gear_roll_type_pool\":\"shop_pedestal\",\"the_vault:is_loot\":\"true\"}"
            },
            "CURRENCY": "the_vault:vault_gold",
            "MIN_COST": 4,
            "MAX_COST": 8
          },
          "weight": 58
        },
        {
          "value": {
            "OFFER": {
              "item": "the_vault:knowledge_star"
            },
            "CURRENCY": "the_vault:vault_gold",
            "MIN_COST": 12,
            "MAX_COST": 16
          },
          "weight": 36
        }
      ]
    },
    {
      "MIN_LEVEL": 30,
      "TRADE_POOL": [
        {
          "value": {
            "OFFER": {
              "item": "the_vault:double_cheese_burger"
            },
            "CURRENCY": "the_vault:vault_gold",
            "MIN_COST": 2,
            "MAX_COST": 4
          },
          "weight": 144
        },
        {
          "value": {
            "OFFER": {
              "item": "the_vault:deluxe_cheese_burger"
            },
            "CURRENCY": "the_vault:vault_gold",
            "MIN_COST": 3,
            "MAX_COST": 6
          },
          "weight": 90
        },
        {
          "value": {
            "OFFER": {
              "item": "sophisticatedbackpacks:iron_backpack"
            },
            "CURRENCY": "the_vault:vault_gold",
            "MIN_COST": 8,
            "MAX_COST": 12
          },
          "weight": 61
        },
        {
          "value": {
            "OFFER": {
              "item": "sophisticatedbackpacks:gold_backpack"
            },
            "CURRENCY": "the_vault:vault_gold",
            "MIN_COST": 16,
            "MAX_COST": 24
          },
          "weight": 61
        },
        {
          "value": {
            "OFFER": {
              "item": "the_vault:helmet",
              "nbt": "{\"the_vault:gear_roll_type_pool\":\"shop_pedestal\",\"the_vault:is_loot\":\"true\"}"
            },
            "CURRENCY": "the_vault:vault_gold",
            "MIN_COST": 16,
            "MAX_COST": 24
          },
          "weight": 124
        },
        {
          "value": {
            "OFFER": {
              "item": "the_vault:chestplate",
              "nbt": "{\"the_vault:gear_roll_type_pool\":\"shop_pedestal\",\"the_vault:is_loot\":\"true\"}"
            },
            "CURRENCY": "the_vault:vault_gold",
            "MIN_COST": 16,
            "MAX_COST": 24
          },
          "weight": 124
        },
        {
          "value": {
            "OFFER": {
              "item": "the_vault:leggings",
              "nbt": "{\"the_vault:gear_roll_type_pool\":\"shop_pedestal\",\"the_vault:is_loot\":\"true\"}"
            },
            "CURRENCY": "the_vault:vault_gold",
            "MIN_COST": 16,
            "MAX_COST": 24
          },
          "weight": 124
        },
        {
          "value": {
            "OFFER": {
              "item": "the_vault:boots",
              "nbt": "{\"the_vault:gear_roll_type_pool\":\"shop_pedestal\",\"the_vault:is_loot\":\"true\"}"
            },
            "CURRENCY": "the_vault:vault_gold",
            "MIN_COST": 16,
            "MAX_COST": 24
          },
          "weight": 124
        },
        {
          "value": {
            "OFFER": {
              "item": "the_vault:sword",
              "nbt": "{\"the_vault:gear_roll_type_pool\":\"shop_pedestal\",\"the_vault:is_loot\":\"true\"}"
            },
            "CURRENCY": "the_vault:vault_gold",
            "MIN_COST": 16,
            "MAX_COST": 24
          },
          "weight": 124
        },
        {
          "value": {
            "OFFER": {
              "item": "the_vault:axe",
              "nbt": "{\"the_vault:gear_roll_type_pool\":\"shop_pedestal\",\"the_vault:is_loot\":\"true\"}"
            },
            "CURRENCY": "the_vault:vault_gold",
            "MIN_COST": 16,
            "MAX_COST": 24
          },
          "weight": 124
        },
        {
          "value": {
            "OFFER": {
              "item": "the_vault:shield",
              "nbt": "{\"the_vault:gear_roll_type_pool\":\"shop_pedestal\",\"the_vault:is_loot\":\"true\"}"
            },
            "CURRENCY": "the_vault:vault_gold",
            "MIN_COST": 16,
            "MAX_COST": 24
          },
          "weight": 100
        },
        {
          "value": {
            "OFFER": {
              "item": "the_vault:wand",
              "nbt": "{\"the_vault:gear_roll_type_pool\":\"shop_pedestal\",\"the_vault:is_loot\":\"true\"}"
            },
            "CURRENCY": "the_vault:vault_gold",
            "MIN_COST": 16,
            "MAX_COST": 24
          },
          "weight": 100
        },
        {
          "value": {
            "OFFER": {
              "item": "the_vault:focus",
              "nbt": "{\"the_vault:gear_roll_type_pool\":\"shop_pedestal\",\"the_vault:is_loot\":\"true\"}"
            },
            "CURRENCY": "the_vault:vault_gold",
            "MIN_COST": 16,
            "MAX_COST": 24
          },
          "weight": 100
        },
        {
          "value": {
            "OFFER": {
              "item": "the_vault:magnet",
              "nbt": "{\"the_vault:gear_roll_type_pool\":\"shop_pedestal\",\"the_vault:is_loot\":\"true\"}"
            },
            "CURRENCY": "the_vault:vault_gold",
            "MIN_COST": 16,
            "MAX_COST": 24
          },
          "weight": 100
        },
        {
          "value": {
            "OFFER": {
              "item": "the_vault:inscription",
              "nbt": "{pool:\"the_vault:pedestal\"}"
            },
            "CURRENCY": "the_vault:vault_gold",
            "MIN_COST": 20,
            "MAX_COST": 32
          },
          "weight": 56
        },
        {
          "value": {
            "OFFER": {
              "item": "the_vault:jewel_pouch"
            },
            "CURRENCY": "the_vault:vault_gold",
            "MIN_COST": 16,
            "MAX_COST": 32
          },
          "weight": 80
        },
        {
          "value": {
            "OFFER": {
              "item": "the_vault:sour_orange"
            },
            "CURRENCY": "the_vault:vault_gold",
            "MIN_COST": 16,
            "MAX_COST": 24
          },
          "weight": 61
        },
        {
          "value": {
            "OFFER": {
              "item": "the_vault:trinket_scrap"
            },
            "CURRENCY": "the_vault:vault_gold",
            "MIN_COST": 20,
            "MAX_COST": 32
          },
          "weight": 61
        },
        {
          "value": {
            "OFFER": {
              "item": "the_vault:trinket"
            },
            "CURRENCY": "the_vault:vault_gold",
            "MIN_COST": 28,
            "MAX_COST": 64
          },
          "weight": 30
        },
        {
          "value": {
            "OFFER": {
              "item": "the_vault:artifact_fragment"
            },
            "CURRENCY": "the_vault:vault_gold",
            "MIN_COST": 24,
            "MAX_COST": 64
          },
          "weight": 14
        },
        {
          "value": {
            "OFFER": {
              "item": "the_vault:knowledge_star"
            },
            "CURRENCY": "the_vault:vault_gold",
            "MIN_COST": 12,
            "MAX_COST": 16
          },
          "weight": 61
        },
        {
          "value": {
            "OFFER": {
              "item": "the_vault:vault_catalyst_chaos"
            },
            "CURRENCY": "the_vault:vault_gold",
            "MIN_COST": 32,
            "MAX_COST": 64
          },
          "weight": 30
        },
        {
          "value": {
            "OFFER": {
              "item": "the_vault:crystal_seal_cake"
            },
            "CURRENCY": "the_vault:vault_gold",
            "MIN_COST": 8,
            "MAX_COST": 16
          },
          "weight": 61
        },
        {
          "value": {
            "OFFER": {
              "item": "the_vault:mystery_egg"
            },
            "CURRENCY": "the_vault:vault_gold",
            "MIN_COST": 4,
            "MAX_COST": 8
          },
          "weight": 157
        },
        {
          "value": {
            "OFFER": {
              "item": "the_vault:bitter_lemon"
            },
            "CURRENCY": "the_vault:vault_gold",
            "MIN_COST": 8,
            "MAX_COST": 16
          },
          "weight": 124
        },
        {
          "value": {
            "OFFER": {
              "item": "the_vault:hardened_chest_scroll"
            },
            "CURRENCY": "the_vault:vault_gold",
            "MIN_COST": 16,
            "MAX_COST": 32
          },
          "weight": 30
        },
        {
          "value": {
            "OFFER": {
              "item": "the_vault:flesh_chest_scroll"
            },
            "CURRENCY": "the_vault:vault_gold",
            "MIN_COST": 32,
            "MAX_COST": 64
          },
          "weight": 14
        },
        {
          "value": {
            "OFFER": {
              "item": "the_vault:enigma_chest_scroll"
            },
            "CURRENCY": "the_vault:vault_gold",
            "MIN_COST": 64,
            "MAX_COST": 128
          },
          "weight": 4
        },
        {
          "value": {
            "OFFER": {
              "item": "the_vault:mod_box"
            },
            "CURRENCY": "the_vault:vault_gold",
            "MIN_COST": 6,
            "MAX_COST": 12
          },
          "weight": 157
        },
        {
          "value": {
            "OFFER": {
              "item": "the_vault:vault_catalyst_infused",
              "nbt": "{\"pool\":\"the_vault:shop_pedestal\"}"
            },
            "CURRENCY": "the_vault:vault_gold",
            "MIN_COST": 12,
            "MAX_COST": 24
          },
          "weight": 320
        }
      ]
    },
    {
      "MIN_LEVEL": 50,
      "TRADE_POOL": [
        {
          "value": {
            "OFFER": {
              "item": "the_vault:crispy_deluxe_cheese_burger"
            },
            "CURRENCY": "the_vault:vault_gold",
            "MIN_COST": 4,
            "MAX_COST": 8
          },
          "weight": 144
        },
        {
          "value": {
            "OFFER": {
              "item": "the_vault:salty_deluxe_cheese_burger"
            },
            "CURRENCY": "the_vault:vault_gold",
            "MIN_COST": 6,
            "MAX_COST": 10
          },
          "weight": 90
        },
        {
          "value": {
            "OFFER": {
              "item": "the_vault:card_deck",
              "nbt": "{id:\"merchant\"}"
            },
            "CURRENCY": "the_vault:vault_gold",
            "MIN_COST": 24,
            "MAX_COST": 48
          },
          "weight": 16
        },
        {
          "value": {
            "OFFER": {
              "item": "sophisticatedbackpacks:iron_backpack"
            },
            "CURRENCY": "the_vault:vault_gold",
            "MIN_COST": 8,
            "MAX_COST": 12
          },
          "weight": 53
        },
        {
          "value": {
            "OFFER": {
              "item": "sophisticatedbackpacks:gold_backpack"
            },
            "CURRENCY": "the_vault:vault_gold",
            "MIN_COST": 16,
            "MAX_COST": 24
          },
          "weight": 53
        },
        {
          "value": {
            "OFFER": {
              "item": "sophisticatedbackpacks:diamond_backpack"
            },
            "CURRENCY": "the_vault:vault_gold",
            "MIN_COST": 24,
            "MAX_COST": 48
          },
          "weight": 26
        },
        {
          "value": {
            "OFFER": {
              "item": "the_vault:helmet",
              "nbt": "{\"the_vault:gear_roll_type_pool\":\"shop_pedestal\",\"the_vault:is_loot\":\"true\"}"
            },
            "CURRENCY": "the_vault:vault_gold",
            "MIN_COST": 24,
            "MAX_COST": 32
          },
          "weight": 111
        },
        {
          "value": {
            "OFFER": {
              "item": "the_vault:chestplate",
              "nbt": "{\"the_vault:gear_roll_type_pool\":\"shop_pedestal\",\"the_vault:is_loot\":\"true\"}"
            },
            "CURRENCY": "the_vault:vault_gold",
            "MIN_COST": 24,
            "MAX_COST": 32
          },
          "weight": 111
        },
        {
          "value": {
            "OFFER": {
              "item": "the_vault:leggings",
              "nbt": "{\"the_vault:gear_roll_type_pool\":\"shop_pedestal\",\"the_vault:is_loot\":\"true\"}"
            },
            "CURRENCY": "the_vault:vault_gold",
            "MIN_COST": 24,
            "MAX_COST": 32
          },
          "weight": 111
        },
        {
          "value": {
              "OFFER": {
                  "item": "the_vault:boots",
                  "nbt": "{\"the_vault:gear_roll_type_pool\":\"shop_pedestal\",\"the_vault:is_loot\":\"true\"}"
              },
              "CURRENCY": "the_vault:vault_gold",
              "MIN_COST": 24,
              "MAX_COST": 32
          },
          "weight": 111
        },
        {
          "value": {
              "OFFER": {
                  "item": "the_vault:sword",
                  "nbt": "{\"the_vault:gear_roll_type_pool\":\"shop_pedestal\",\"the_vault:is_loot\":\"true\"}"
              },
              "CURRENCY": "the_vault:vault_gold",
              "MIN_COST": 24,
              "MAX_COST": 32
          },
          "weight": 111
        },
        {
          "value": {
              "OFFER": {
                  "item": "the_vault:axe",
                  "nbt": "{\"the_vault:gear_roll_type_pool\":\"shop_pedestal\",\"the_vault:is_loot\":\"true\"}"
              },
              "CURRENCY": "the_vault:vault_gold",
              "MIN_COST": 24,
              "MAX_COST": 32
          },
          "weight": 111
        },
        {
          "value": {
              "OFFER": {
                  "item": "the_vault:shield",
                  "nbt": "{\"the_vault:gear_roll_type_pool\":\"shop_pedestal\",\"the_vault:is_loot\":\"true\"}"
              },
              "CURRENCY": "the_vault:vault_gold",
              "MIN_COST": 24,
              "MAX_COST": 32
          },
          "weight": 88
        },
        {
          "value": {
              "OFFER": {
                  "item": "the_vault:wand",
                  "nbt": "{\"the_vault:gear_roll_type_pool\":\"shop_pedestal\",\"the_vault:is_loot\":\"true\"}"
              },
              "CURRENCY": "the_vault:vault_gold",
              "MIN_COST": 24,
              "MAX_COST": 32
          },
          "weight": 88
        },
        {
          "value": {
              "OFFER": {
                  "item": "the_vault:focus",
                  "nbt": "{\"the_vault:gear_roll_type_pool\":\"shop_pedestal\",\"the_vault:is_loot\":\"true\"}"
              },
              "CURRENCY": "the_vault:vault_gold",
              "MIN_COST": 24,
              "MAX_COST": 32
          },
          "weight": 88
        },
        {
          "value": {
              "OFFER": {
                  "item": "the_vault:magnet",
                  "nbt": "{\"the_vault:gear_roll_type_pool\":\"shop_pedestal\",\"the_vault:is_loot\":\"true\"}"
              },
              "CURRENCY": "the_vault:vault_gold",
              "MIN_COST": 24,
              "MAX_COST": 32
          },
          "weight": 88
        },
        {
          "value": {
              "OFFER": {
                  "item": "the_vault:inscription",
                  "nbt": "{pool:\"the_vault:pedestal\"}"
              },
              "CURRENCY": "the_vault:vault_gold",
              "MIN_COST": 24,
              "MAX_COST": 48
          },
          "weight": 54
        },
        {
          "value": {
              "OFFER": {
                  "item": "the_vault:jewel_pouch"
              },
              "CURRENCY": "the_vault:vault_gold",
              "MIN_COST": 16,
              "MAX_COST": 32
          },
          "weight": 76
        },
        {
          "value": {
              "OFFER": {
                  "item": "the_vault:sour_orange"
              },
              "CURRENCY": "the_vault:vault_gold",
              "MIN_COST": 20,
              "MAX_COST": 32
          },
          "weight": 26
        },
        {
          "value": {
              "OFFER": {
                  "item": "the_vault:trinket_scrap"
              },
              "CURRENCY": "the_vault:vault_gold",
              "MIN_COST": 20,
              "MAX_COST": 32
          },
          "weight": 53
        },
        {
          "value": {
              "OFFER": {
                  "item": "the_vault:trinket"
              },
              "CURRENCY": "the_vault:vault_gold",
              "MIN_COST": 32,
              "MAX_COST": 64
          },
          "weight": 26
        },
        {
          "value": {
              "OFFER": {
                  "item": "the_vault:artifact_fragment"
              },
              "CURRENCY": "the_vault:vault_gold",
              "MIN_COST": 24,
              "MAX_COST": 64
          },
          "weight": 10
        },
        {
          "value": {
              "OFFER": {
                  "item": "the_vault:unidentified_treasure_key"
              },
              "CURRENCY": "the_vault:vault_gold",
              "MIN_COST": 32,
              "MAX_COST": 64
          },
          "weight": 10
        },
        {
          "value": {
              "OFFER": {
                  "item": "the_vault:opportunistic_focus"
              },
              "CURRENCY": "the_vault:vault_gold",
              "MIN_COST": 24,
              "MAX_COST": 64
          },
          "weight": 26
        },
        {
          "value": {
              "OFFER": {
                  "item": "the_vault:cryonic_focus"
              },
              "CURRENCY": "the_vault:vault_gold",
              "MIN_COST": 24,
              "MAX_COST": 64
          },
          "weight": 26
        },
        {
          "value": {
              "OFFER": {
                  "item": "the_vault:pyretic_focus"
              },
              "CURRENCY": "the_vault:vault_gold",
              "MIN_COST": 24,
              "MAX_COST": 64
          },
          "weight": 26
        },
        {
          "value": {
              "OFFER": {
                  "item": "the_vault:vorpal_focus"
              },
              "CURRENCY": "the_vault:vault_gold",
              "MIN_COST": 24,
              "MAX_COST": 64
          },
          "weight": 20
        },
        {
          "value": {
              "OFFER": {
                  "item": "the_vault:empowered_chaotic_focus"
              },
              "CURRENCY": "the_vault:vault_gold",
              "MIN_COST": 24,
              "MAX_COST": 32
          },
          "weight": 40
        },
        {
          "value": {
              "OFFER": {
                  "item": "the_vault:resilient_focus"
              },
              "CURRENCY": "the_vault:vault_gold",
              "MIN_COST": 16,
              "MAX_COST": 32
          },
          "weight": 53
        },
        {
          "value": {
              "OFFER": {
                  "item": "the_vault:fundamental_focus"
              },
              "CURRENCY": "the_vault:vault_gold",
              "MIN_COST": 4,
              "MAX_COST": 12
          },
          "weight": 88
        },
        {
          "value": {
              "OFFER": {
                  "item": "the_vault:lost_bounty"
              },
              "CURRENCY": "the_vault:vault_gold",
              "MIN_COST": 24,
              "MAX_COST": 64
          },
          "weight": 26
        },
        {
          "value": {
              "OFFER": {
                  "item": "the_vault:capstone_dungeon_hunter"
              },
              "CURRENCY": "the_vault:vault_gold",
              "MIN_COST": 24,
              "MAX_COST": 64
          },
          "weight": 26
        },
        {
          "value": {
              "OFFER": {
                  "item": "the_vault:capstone_treasure_hunter"
              },
              "CURRENCY": "the_vault:vault_gold",
              "MIN_COST": 24,
              "MAX_COST": 64
          },
          "weight": 10
        },
        {
          "value": {
              "OFFER": {
                  "item": "the_vault:key_piece"
              },
              "CURRENCY": "the_vault:vault_gold",
              "MIN_COST": 4,
              "MAX_COST": 8
          },
          "weight": 139
        },
        {
          "value": {
              "OFFER": {
                  "item": "the_vault:vault_catalyst_chaos"
              },
              "CURRENCY": "the_vault:vault_gold",
              "MIN_COST": 32,
              "MAX_COST": 64
          },
          "weight": 26
        },
        {
          "value": {
              "OFFER": {
                  "item": "the_vault:crystal_seal_cake"
              },
              "CURRENCY": "the_vault:vault_gold",
              "MIN_COST": 12,
              "MAX_COST": 24
          },
          "weight": 65
        },
        {
          "value": {
              "OFFER": {
                  "item": "the_vault:mystery_egg"
              },
              "CURRENCY": "the_vault:vault_gold",
              "MIN_COST": 4,
              "MAX_COST": 8
          },
          "weight": 139
        },
        {
          "value": {
              "OFFER": {
                  "item": "the_vault:bitter_lemon"
              },
              "CURRENCY": "the_vault:vault_gold",
              "MIN_COST": 8,
              "MAX_COST": 16
          },
          "weight": 111
        },
        {
          "value": {
              "OFFER": {
                  "item": "the_vault:hardened_chest_scroll"
              },
              "CURRENCY": "the_vault:vault_gold",
              "MIN_COST": 16,
              "MAX_COST": 32
          },
          "weight": 26
        },
        {
          "value": {
              "OFFER": {
                  "item": "the_vault:flesh_chest_scroll"
              },
              "CURRENCY": "the_vault:vault_gold",
              "MIN_COST": 32,
              "MAX_COST": 64
          },
          "weight": 10
        },
        {
          "value": {
              "OFFER": {
                  "item": "the_vault:enigma_chest_scroll"
              },
              "CURRENCY": "the_vault:vault_gold",
              "MIN_COST": 64,
              "MAX_COST": 128
          },
          "weight": 1
        },
        {
          "value": {
              "OFFER": {
                  "item": "the_vault:mod_box"
              },
              "CURRENCY": "the_vault:vault_gold",
              "MIN_COST": 6,
              "MAX_COST": 12
          },
          "weight": 139
        },
        {
          "value": {
              "OFFER": {
                  "item": "the_vault:vault_catalyst_infused",
                  "nbt": "{\"pool\":\"the_vault:shop_pedestal\"}"
              },
              "CURRENCY": "the_vault:vault_gold",
              "MIN_COST": 12,
              "MAX_COST": 24
          },
          "weight": 320
        }
      ]
    },
    {
      "MIN_LEVEL": 65,
      "TRADE_POOL": [
        {
          "value": {
            "OFFER": {
              "item": "the_vault:salty_deluxe_cheese_burger"
            },
            "CURRENCY": "the_vault:vault_gold",
            "MIN_COST": 6,
            "MAX_COST": 10
          },
          "weight": 144
        },
        {
          "value": {
            "OFFER": {
              "item": "the_vault:cheese_burger_feast"
            },
            "CURRENCY": "the_vault:vault_gold",
            "MIN_COST": 8,
            "MAX_COST": 12
          },
          "weight": 90
        },
        {
          "value": {
            "OFFER": {
              "item": "the_vault:spicy_hearty_burger"
            },
            "CURRENCY": "the_vault:vault_gold",
            "MIN_COST": 10,
            "MAX_COST": 16
          },
          "weight": 40
        },
        {
          "value": {
            "OFFER": {
              "item": "the_vault:card_deck",
              "nbt": "{id:\"merchant\"}"
            },
            "CURRENCY": "the_vault:vault_gold",
            "MIN_COST": 24,
            "MAX_COST": 48
          },
          "weight": 16
        },
        {
          "value": {
            "OFFER": {
              "item": "sophisticatedbackpacks:iron_backpack"
            },
            "CURRENCY": "the_vault:vault_gold",
            "MIN_COST": 12,
            "MAX_COST": 24
          },
          "weight": 74
        },
        {
          "value": {
            "OFFER": {
              "item": "sophisticatedbackpacks:gold_backpack"
            },
            "CURRENCY": "the_vault:vault_gold",
            "MIN_COST": 18,
            "MAX_COST": 36
          },
          "weight": 54
        },
        {
          "value": {
            "OFFER": {
              "item": "sophisticatedbackpacks:diamond_backpack"
            },
            "CURRENCY": "the_vault:vault_gold",
            "MIN_COST": 24,
            "MAX_COST": 48
          },
          "weight": 34
        },
        {
          "value": {
            "OFFER": {
              "item": "the_vault:helmet",
              "nbt": "{\"the_vault:gear_roll_type_pool\":\"shop_pedestal\",\"the_vault:is_loot\":\"true\"}"
            },
            "CURRENCY": "the_vault:vault_gold",
            "MIN_COST": 12,
            "MAX_COST": 24
          },
          "weight": 110
        },
        {
          "value": {
            "OFFER": {
              "item": "the_vault:chestplate",
              "nbt": "{\"the_vault:gear_roll_type_pool\":\"shop_pedestal\",\"the_vault:is_loot\":\"true\"}"
            },
            "CURRENCY": "the_vault:vault_gold",
            "MIN_COST": 12,
            "MAX_COST": 24
          },
          "weight": 110
        },
        {
          "value": {
            "OFFER": {
              "item": "the_vault:leggings",
              "nbt": "{\"the_vault:gear_roll_type_pool\":\"shop_pedestal\",\"the_vault:is_loot\":\"true\"}"
            },
            "CURRENCY": "the_vault:vault_gold",
            "MIN_COST": 12,
            "MAX_COST": 24
          },
          "weight": 110
        },
        {
          "value": {
            "OFFER": {
              "item": "the_vault:boots",
              "nbt": "{\"the_vault:gear_roll_type_pool\":\"shop_pedestal\",\"the_vault:is_loot\":\"true\"}"
            },
            "CURRENCY": "the_vault:vault_gold",
            "MIN_COST": 12,
            "MAX_COST": 24
          },
          "weight": 110
        },
        {
          "value": {
            "OFFER": {
              "item": "the_vault:sword",
              "nbt": "{\"the_vault:gear_roll_type_pool\":\"shop_pedestal\",\"the_vault:is_loot\":\"true\"}"
            },
            "CURRENCY": "the_vault:vault_gold",
            "MIN_COST": 12,
            "MAX_COST": 24
          },
          "weight": 110
        },
        {
          "value": {
            "OFFER": {
              "item": "the_vault:axe",
              "nbt": "{\"the_vault:gear_roll_type_pool\":\"shop_pedestal\",\"the_vault:is_loot\":\"true\"}"
            },
            "CURRENCY": "the_vault:vault_gold",
            "MIN_COST": 12,
            "MAX_COST": 24
          },
          "weight": 110
        },
        {
          "value": {
            "OFFER": {
              "item": "the_vault:shield",
              "nbt": "{\"the_vault:gear_roll_type_pool\":\"shop_pedestal\",\"the_vault:is_loot\":\"true\"}"
            },
            "CURRENCY": "the_vault:vault_gold",
            "MIN_COST": 12,
            "MAX_COST": 24
          },
          "weight": 86
        },
        {
          "value": {
            "OFFER": {
              "item": "the_vault:wand",
              "nbt": "{\"the_vault:gear_roll_type_pool\":\"shop_pedestal\",\"the_vault:is_loot\":\"true\"}"
            },
            "CURRENCY": "the_vault:vault_gold",
            "MIN_COST": 12,
            "MAX_COST": 24
          },
          "weight": 86
        },
        {
          "value": {
            "OFFER": {
              "item": "the_vault:focus",
              "nbt": "{\"the_vault:gear_roll_type_pool\":\"shop_pedestal\",\"the_vault:is_loot\":\"true\"}"
            },
            "CURRENCY": "the_vault:vault_gold",
            "MIN_COST": 12,
            "MAX_COST": 24
          },
          "weight": 86
        },
        {
          "value": {
            "OFFER": {
              "item": "the_vault:magnet",
              "nbt": "{\"the_vault:gear_roll_type_pool\":\"shop_pedestal\",\"the_vault:is_loot\":\"true\"}"
            },
            "CURRENCY": "the_vault:vault_gold",
            "MIN_COST": 12,
            "MAX_COST": 24
          },
          "weight": 86
        },
        {
          "value": {
            "OFFER": {
              "item": "the_vault:inscription",
              "nbt": "{pool:\"the_vault:pedestal\"}"
            },
            "CURRENCY": "the_vault:vault_gold",
            "MIN_COST": 12,
            "MAX_COST": 36
          },
          "weight": 56
        },
        {
          "value": {
            "OFFER": {
              "item": "the_vault:jewel_pouch"
            },
            "CURRENCY": "the_vault:vault_gold",
            "MIN_COST": 16,
            "MAX_COST": 32
          },
          "weight": 80
        },
        {
          "value": {
            "OFFER": {
              "item": "the_vault:sour_orange"
            },
            "CURRENCY": "the_vault:vault_gold",
            "MIN_COST": 16,
            "MAX_COST": 32
          },
          "weight": 27
        },
        {
          "value": {
            "OFFER": {
              "item": "the_vault:trinket_scrap"
            },
            "CURRENCY": "the_vault:vault_gold",
            "MIN_COST": 16,
            "MAX_COST": 32
          },
          "weight": 54
        },
        {
          "value": {
            "OFFER": {
              "item": "the_vault:trinket"
            },
            "CURRENCY": "the_vault:vault_gold",
            "MIN_COST": 32,
            "MAX_COST": 64
          },
          "weight": 27
        },
        {
          "value": {
            "OFFER": {
              "item": "the_vault:artifact_fragment"
            },
            "CURRENCY": "the_vault:vault_gold",
            "MIN_COST": 32,
            "MAX_COST": 64
          },
          "weight": 12
        },
        {
          "value": {
            "OFFER": {
              "item": "the_vault:unidentified_treasure_key"
            },
            "CURRENCY": "the_vault:vault_gold",
            "MIN_COST": 32,
            "MAX_COST": 64
          },
          "weight": 12
        },
        {
          "value": {
            "OFFER": {
              "item": "the_vault:opportunistic_focus"
            },
            "CURRENCY": "the_vault:vault_gold",
            "MIN_COST": 32,
            "MAX_COST": 64
          },
          "weight": 19
        },
        {
          "value": {
              "OFFER": {
                  "item": "the_vault:cryonic_focus"
              },
              "CURRENCY": "the_vault:vault_gold",
              "MIN_COST": 32,
              "MAX_COST": 64
          },
          "weight": 19
        },
        {
          "value": {
              "OFFER": {
                  "item": "the_vault:pyretic_focus"
              },
              "CURRENCY": "the_vault:vault_gold",
              "MIN_COST": 32,
              "MAX_COST": 64
          },
          "weight": 19
        },
        {
          "value": {
              "OFFER": {
                  "item": "the_vault:vorpal_focus"
              },
              "CURRENCY": "the_vault:vault_gold",
              "MIN_COST": 32,
              "MAX_COST": 64
          },
          "weight": 15
        },
        {
          "value": {
              "OFFER": {
                  "item": "the_vault:empowered_chaotic_focus"
              },
              "CURRENCY": "the_vault:vault_gold",
              "MIN_COST": 24,
              "MAX_COST": 48
          },
          "weight": 44
        },
        {
          "value": {
            "OFFER": {
              "item": "the_vault:resilient_focus"
            },
            "CURRENCY": "the_vault:vault_gold",
            "MIN_COST": 24,
            "MAX_COST": 48
          },
          "weight": 44
        },
        {
          "value": {
            "OFFER": {
              "item": "the_vault:fundamental_focus"
            },
            "CURRENCY": "the_vault:vault_gold",
            "MIN_COST": 4,
            "MAX_COST": 12
          },
          "weight": 86
        },
        {
          "value": {
            "OFFER": {
              "item": "the_vault:lost_bounty"
            },
            "CURRENCY": "the_vault:vault_gold",
            "MIN_COST": 16,
            "MAX_COST": 48
          },
          "weight": 27
        },
        {
          "value": {
              "OFFER": {
                  "item": "the_vault:capstone_dungeon_hunter"
              },
              "CURRENCY": "the_vault:vault_gold",
              "MIN_COST": 16,
              "MAX_COST": 64
          },
          "weight": 26
        },
        {
          "value": {
              "OFFER": {
                  "item": "the_vault:capstone_treasure_hunter"
              },
              "CURRENCY": "the_vault:vault_gold",
              "MIN_COST": 32,
              "MAX_COST": 64
          },
          "weight": 10
        },
        {
          "value": {
            "OFFER": {
              "item": "the_vault:key_piece"
            },
            "CURRENCY": "the_vault:vault_gold",
            "MIN_COST": 2,
            "MAX_COST": 4
          },
          "weight": 110
        },
        {
          "value": {
            "OFFER": {
              "item": "the_vault:vault_catalyst_chaos"
            },
            "CURRENCY": "the_vault:vault_gold",
            "MIN_COST": 16,
            "MAX_COST": 48
          },
          "weight": 27
        },
        {
          "value": {
            "OFFER": {
              "item": "the_vault:crystal_seal_cake"
            },
            "CURRENCY": "the_vault:vault_gold",
            "MIN_COST": 8,
            "MAX_COST": 32
          },
          "weight": 65
        },
        {
          "value": {
            "OFFER": {
              "item": "the_vault:mystery_egg"
            },
            "CURRENCY": "the_vault:vault_gold",
            "MIN_COST": 2,
            "MAX_COST": 4
          },
          "weight": 110
        },
        {
          "value": {
            "OFFER": {
              "item": "the_vault:bitter_lemon"
            },
            "CURRENCY": "the_vault:vault_gold",
            "MIN_COST": 8,
            "MAX_COST": 12
          },
          "weight": 110
        },
        {
          "value": {
            "OFFER": {
              "item": "the_vault:hardened_chest_scroll"
            },
            "CURRENCY": "the_vault:vault_gold",
            "MIN_COST": 12,
            "MAX_COST": 24
          },
          "weight": 27
        },
        {
          "value": {
            "OFFER": {
              "item": "the_vault:flesh_chest_scroll"
            },
            "CURRENCY": "the_vault:vault_gold",
            "MIN_COST": 16,
            "MAX_COST": 32
          },
          "weight": 12
        },
        {
          "value": {
            "OFFER": {
              "item": "the_vault:enigma_chest_scroll"
            },
            "CURRENCY": "the_vault:vault_gold",
            "MIN_COST": 24,
            "MAX_COST": 48
          },
          "weight": 4
        },
        {
          "value": {
            "OFFER": {
              "item": "the_vault:mod_box"
            },
            "CURRENCY": "the_vault:vault_gold",
            "MIN_COST": 2,
            "MAX_COST": 4
          },
          "weight": 110
        },
        {
          "value": {
            "OFFER": {
              "item": "the_vault:vault_catalyst_infused",
              "nbt": "{\"pool\":\"the_vault:shop_pedestal\"}"
            },
            "CURRENCY": "the_vault:vault_gold",
            "MIN_COST": 10,
            "MAX_COST": 20
          },
          "weight": 320
        },
        {
          "value": {
            "OFFER": {
              "item": "the_vault:capstone_vendoor_hunter",
              "nbt": "{\"pool\":\"the_vault:shop_pedestal\"}"
            },
            "CURRENCY": "the_vault:vault_gold",
            "MIN_COST": 20,
            "MAX_COST": 40
          },
          "weight": 30
        },
        {
          "value": {
            "OFFER": {
              "item": "the_vault:capstone_pylon_hunter",
              "nbt": "{\"pool\":\"the_vault:shop_pedestal\"}"
            },
            "CURRENCY": "the_vault:vault_gold",
            "MIN_COST": 20,
            "MAX_COST": 40
          },
          "weight": 30
        }
      ]
    }
  ]
}
