{
  "dropChance": 0.05,
  "uberChance": 0.50,
  "modifiers": [
    {
      "level": 0,
      "entries": [
        {
          "modifiers": [
            {
              "value": {
                "modifier": "the_vault:overpower",
                "duration": 6000
              },
              "weight": 50.0
            },
            {
              "value": {
                "modifier": "the_vault:champion_domain",
                "duration": 6000
              },
              "weight": 50.0
            },
            {
              "value": {
                "modifier": "the_vault:loot_goblin",
                "duration": 6000
              },
              "weight": 50.0
            },
            {
              "value": {
                "modifier": "the_vault:door_hunter",
                "duration": 6000
              },
              "weight": 50.0
            },
            {
              "value": {
                "modifier": "the_vault:ultimate_regeneration",
                "duration": 6000
              },
              "weight": 50.0
            },
            {
              "value": {
                "modifier": "the_vault:kill_nuke",
                "duration": 6000
              },
              "weight": 50.0
            },
            {
              "value": {
                "modifier": "the_vault:kill_charm",
                "duration": 6000
              },
              "weight": 50.0
            },
            {
              "value": {
                "modifier": "the_vault:kill_hunter",
                "duration": 6000
              },
              "weight": 50.0
            },
            {
              "value": {
                "modifier": "the_vault:kill_totem",
                "duration": 6000
              },
              "weight": 50.0
            },
            {
              "value": {
                "modifier": "the_vault:bronze_nuke",
                "duration": 6000
              },
              "weight": 50.0
            },
            {
              "value": {
                "modifier": "the_vault:glued_mobs",
                "duration": 6000
              },
              "weight": 50.0
            },
            {
              "value": {
                "modifier": "the_vault:rock_solid",
                "duration": 6000
              },
              "weight": 50.0
            },
            {
              "value": {
                "modifier": "the_vault:pylon_hunter",
                "duration": 6000
              },
              "weight": 50.0
            },
            {
              "value": {
                "modifier": "the_vault:soul_fest",
                "duration": 6000
              },
              "weight": 50.0
            }
          ]
        }
      ]
    }
  ]
}