{
    "series": {
        "Deepcrag": {
        "displayName": "Deepcrag",
        "colour": 5786945,
        "description": [
            {
            "description": [
                { "text": "Perk: ", "color": "gray" },
                { "text": "More ", "color": "white" },
                { "text": "ores", "color": "$name" },
                
                { "text": " and ", "color": "white" },
                { "text": "Chromatic Caves", "color": "$name" },
                { "text": " generate\n", "color": "white" },

                { "text": "Hordes", "color": "gray" },
                { "text": " | ", "color": "$darkgray" },
                { "text": "\u2591", "color": "gray" },
                { "text": "\u2591\u2591\u2591\n", "color": "$darkgray" },
                { "text": " Deeprot Miners ", "color": "white" },
                { "text": "\uD83D\uDDE1", "color": "$orange" },
                { "text": " 1", "color": "white" },
                { "text": " | ", "color": "gray" },
                { "text": "\u2764", "color": "red" },
                { "text": " 3", "color": "white" },
                { "text": " | ", "color": "gray" },
                { "text": "\u265D", "color": "$speed" },
                { "text": " 1", "color": "white" },
                { "text": " | ", "color": "gray" },
                { "text": "\u2694", "color": "gray" },
                { "text": "\n", "color": "gray" },

                { "text": "Assassins", "color": "gray" },
                { "text": " | ", "color": "$darkgray" },
                { "text": "\u2591\u2591\u2591", "color": "gray" },
                { "text": "\u2591\n", "color": "$darkgray" },
                { "text": " Orebound ", "color": "white" },
                { "text": "\uD83D\uDDE1", "color": "$orange" },
                { "text": " 2", "color": "white" },
                { "text": " | ", "color": "gray" },
                { "text": "\u2764", "color": "red" },
                { "text": " 2", "color": "white" },
                { "text": " | ", "color": "gray" },
                { "text": "\u265D", "color": "$speed" },
                { "text": " 2", "color": "white" },
                { "text": " | ", "color": "gray" },
                { "text": "\u2694 \uD83C\uDFF9", "color": "gray" },
                { "text": "\n", "color": "gray" },

                { "text": " Vault Wraiths ", "color": "white" },
                { "text": "\uD83D\uDDE1", "color": "$orange" },
                { "text": " 2", "color": "white" },
                { "text": " | ", "color": "gray" },
                { "text": "\u2764", "color": "red" },
                { "text": " 3", "color": "white" },
                { "text": " | ", "color": "gray" },
                { "text": "\u265D", "color": "$speed" },
                { "text": " 2", "color": "white" },
                { "text": " | ", "color": "gray" },
                { "text": "\u2694", "color": "gray" },
                { "text": "\n", "color": "gray" },

                { "text": "Tanks", "color": "gray" },
                { "text": " | ", "color": "$darkgray" },
                { "text": "\u2591\u2591", "color": "gray" },
                { "text": "\u2591\u2591\n", "color": "$darkgray" },
                { "text": " Belcher ", "color": "white" },
                { "text": "\uD83D\uDDE1", "color": "$orange" },
                { "text": " 2", "color": "white" },
                { "text": " | ", "color": "gray" },
                { "text": "\u2764", "color": "red" },
                { "text": " 4", "color": "white" },
                { "text": " | ", "color": "gray" },
                { "text": "\u265D", "color": "$speed" },
                { "text": " 1", "color": "white" },
                { "text": " | ", "color": "gray" },
                { "text": "\u2694 \u271A", "color": "gray" },

                { "text": "\nDwellers", "color": "gray" },
                { "text": " | ", "color": "$darkgray" },
                { "text": "\u2591\u2591", "color": "gray" },
                { "text": "\u2591\u2591", "color": "$darkgray" }
                    ]
                }
            ]
        },
        "Saltshade": {
        "displayName": "Saltshade",
        "colour": 4765616,
        "description": [
            {
            "description": [
                { "text": "Perk: ", "color": "gray" },
                { "text": "More ", "color": "white" },
                { "text": "Coin Piles", "color": "$name" },
                { "text": " & they're bigger\n", "color": "white" },

                { "text": "Hordes", "color": "gray" },
                { "text": " | ", "color": "$darkgray" },
                { "text": "\u2591", "color": "gray" },
                { "text": "\u2591\u2591\u2591\n", "color": "$darkgray" },
                { "text": " Drowned ", "color": "white" },
                { "text": "\uD83D\uDDE1", "color": "$orange" },
                { "text": " 2", "color": "white" },
                { "text": " | ", "color": "gray" },
                { "text": "\u2764", "color": "red" },
                { "text": " 2", "color": "white" },
                { "text": " | ", "color": "gray" },
                { "text": "\u265D", "color": "$speed" },
                { "text": " 1", "color": "white" },
                { "text": " | ", "color": "gray" },
                { "text": "\u2694 \uD83C\uDFF9", "color": "gray" },
                { "text": "\n", "color": "gray" },

                { "text": "Assassins", "color": "gray" },
                { "text": " | ", "color": "$darkgray" },
                { "text": "\u2591\u2591\u2591", "color": "gray" },
                { "text": "\u2591\n", "color": "$darkgray" },
                { "text": " Pirateon ", "color": "white" },
                { "text": "\uD83D\uDDE1", "color": "$orange" },
                { "text": " 3", "color": "white" },
                { "text": " | ", "color": "gray" },
                { "text": "\u2764", "color": "red" },
                { "text": " 1", "color": "white" },
                { "text": " | ", "color": "gray" },
                { "text": "\u265D", "color": "$speed" },
                { "text": " 2", "color": "white" },
                { "text": " | ", "color": "gray" },
                { "text": "\u2694", "color": "gray" },
                { "text": "\n", "color": "gray" },
                { "text": " Crab ", "color": "white" },
                { "text": "\uD83D\uDDE1", "color": "$orange" },
                { "text": " 1", "color": "white" },
                { "text": " | ", "color": "gray" },
                { "text": "\u2764", "color": "red" },
                { "text": " 3", "color": "white" },
                { "text": " | ", "color": "gray" },
                { "text": "\u265D", "color": "$speed" },
                { "text": " 1", "color": "white" },
                { "text": " | ", "color": "gray" },
                { "text": "\u2694 \uD83D\uDEE1", "color": "gray" },
                { "text": "\n", "color": "gray" },

                { "text": "Tanks", "color": "gray" },
                { "text": " | ", "color": "$darkgray" },
                { "text": "\u2591\u2591", "color": "gray" },
                { "text": "\u2591\u2591\n", "color": "$darkgray" },
                { "text": " Sunken ", "color": "white" },
                { "text": "\uD83D\uDDE1", "color": "$orange" },
                { "text": " 3", "color": "white" },
                { "text": " | ", "color": "gray" },
                { "text": "\u2764", "color": "red" },
                { "text": " 3", "color": "white" },
                { "text": " | ", "color": "gray" },
                { "text": "\u265D", "color": "$speed" },
                { "text": " 1", "color": "white" },
                { "text": " | ", "color": "gray" },
                { "text": "\u2694 \uD83C\uDFF9", "color": "gray" },

                { "text": "\nDwellers", "color": "gray" },
                { "text": " | ", "color": "$darkgray" },
                { "text": "\u2591\u2591", "color": "gray" },
                { "text": "\u2591\u2591", "color": "$darkgray" }
                    ]
                }
            ]
        },
        "Bloodveil": {
        "displayName": "Bloodveil",
        "colour": 8267302,
        "description": [
            {
            "description": [
                { "text": "Perk: ", "color": "gray" },
                { "text": "Painite", "color": "$name" },
                { "text": " and ", "color": "white" },
                { "text": "Black Opal", "color": "$name" },
                { "text": " is more common", "color": "white" },
                { "text": "\n", "color": "white" },

                { "text": "Hordes", "color": "gray" },
                { "text": " | ", "color": "$darkgray" },
                { "text": "\u2591\u2591\u2591", "color": "gray" },
                { "text": "\u2591\n", "color": "$darkgray" },
                { "text": " Rocklings ", "color": "white" },
                { "text": "\uD83D\uDDE1", "color": "$orange" },
                { "text": " 1", "color": "white" },
                { "text": " | ", "color": "gray" },
                { "text": "\u2764", "color": "red" },
                { "text": " 3", "color": "white" },
                { "text": " | ", "color": "gray" },
                { "text": "\u265D", "color": "$speed" },
                { "text": " 1", "color": "white" },
                { "text": " | ", "color": "gray" },
                { "text": "\u2694", "color": "gray" },
                { "text": "\n", "color": "gray" },

                { "text": "Assassins", "color": "gray" },
                { "text": " | ", "color": "$darkgray" },
                { "text": "\u2591\u2591", "color": "gray" },
                { "text": "\u2591\u2591\n", "color": "$darkgray" },
                { "text": " Blood Rogue ", "color": "white" },
                { "text": "\uD83D\uDDE1", "color": "$orange" },
                { "text": " 2", "color": "white" },
                { "text": " | ", "color": "gray" },
                { "text": "\u2764", "color": "red" },
                { "text": " 1", "color": "white" },
                { "text": " | ", "color": "gray" },
                { "text": "\u265D", "color": "$speed" },
                { "text": " 2", "color": "white" },
                { "text": " | ", "color": "gray" },
                { "text": "\u2694", "color": "gray" },
                { "text": "\n", "color": "gray" },
                { "text": " Blood Slime ", "color": "white" },
                { "text": "\uD83D\uDDE1", "color": "$orange" },
                { "text": " 1", "color": "white" },
                { "text": " | ", "color": "gray" },
                { "text": "\u2764", "color": "red" },
                { "text": " 1", "color": "white" },
                { "text": " | ", "color": "gray" },
                { "text": "\u265D", "color": "$speed" },
                { "text": " 1", "color": "white" },
                { "text": " | ", "color": "gray" },
                { "text": "\u2694 \u2623", "color": "gray" },
                { "text": "\n", "color": "gray" },
                { "text": " Bloodfish ", "color": "white" },
                { "text": "\uD83D\uDDE1", "color": "$orange" },
                { "text": " 1", "color": "white" },
                { "text": " | ", "color": "gray" },
                { "text": "\u2764", "color": "red" },
                { "text": " 1", "color": "white" },
                { "text": " | ", "color": "gray" },
                { "text": "\u265D", "color": "$speed" },
                { "text": " 1", "color": "white" },
                { "text": " | ", "color": "gray" },
                { "text": "\u2694", "color": "gray" },
                { "text": "\n", "color": "gray" },

                { "text": "Tanks", "color": "gray" },
                { "text": " | ", "color": "$darkgray" },
                { "text": "\u2591", "color": "gray" },
                { "text": "\u2591\u2591\u2591\n", "color": "$darkgray" },
                { "text": " Rock Hulk ", "color": "white" },
                { "text": "\uD83D\uDDE1", "color": "$orange" },
                { "text": " 2", "color": "white" },
                { "text": " | ", "color": "gray" },
                { "text": "\u2764", "color": "red" },
                { "text": " 5", "color": "white" },
                { "text": " | ", "color": "gray" },
                { "text": "\u265D", "color": "$speed" },
                { "text": " 1", "color": "white" },
                { "text": " | ", "color": "gray" },
                { "text": "\u2694 \uD83D\uDEE1", "color": "gray" },

                { "text": "\nDwellers", "color": "gray" },
                { "text": " | ", "color": "$darkgray" },
                { "text": "\u2591\u2591\u2591", "color": "gray" },
                { "text": "\u2591", "color": "$darkgray" }
            ]
            }
        ]
        },
        "Snowfell": {
        "displayName": "Snowfell",
        "colour": 13232880,
        "description": [
            {
            "description": [
                { "text": "Perk: ", "color": "gray" },
                { "text": "Larimar", "color": "$name" },
                { "text": " is more common", "color": "white" },
                { "text": "\n", "color": "white" },

                { "text": "Hordes", "color": "gray" },
                { "text": " | ", "color": "$darkgray" },
                { "text": "\u2591\u2591", "color": "gray" },
                { "text": "\u2591\u2591\n", "color": "$darkgray" },
                { "text": " Frostwalkers ", "color": "white" },
                { "text": "\uD83D\uDDE1", "color": "$orange" },
                { "text": " 2", "color": "white" },
                { "text": " | ", "color": "gray" },
                { "text": "\u2764", "color": "red" },
                { "text": " 2", "color": "white" },
                { "text": " | ", "color": "gray" },
                { "text": "\u265D", "color": "$speed" },
                { "text": " 2", "color": "white" },
                { "text": " | ", "color": "gray" },
                { "text": "\u2694", "color": "gray" },
                { "text": "\n", "color": "gray" },

                { "text": "Assassins", "color": "gray" },
                { "text": " | ", "color": "$darkgray" },
                { "text": "\u2591\u2591", "color": "gray" },
                { "text": "\u2591\u2591\n", "color": "$darkgray" },
                { "text": " Stray ", "color": "white" },
                { "text": "\uD83D\uDDE1", "color": "$orange" },
                { "text": " 1", "color": "white" },
                { "text": " | ", "color": "gray" },
                { "text": "\u2764", "color": "red" },
                { "text": " 1", "color": "white" },
                { "text": " | ", "color": "gray" },
                { "text": "\u265D", "color": "$speed" },
                { "text": " 2", "color": "white" },
                { "text": " | ", "color": "gray" },
                { "text": "\u2694 \uD83C\uDFF9 \u2744", "color": "gray" },
                { "text": "\n", "color": "gray" },

                { "text": " Snow Wolf ", "color": "white" },
                { "text": "\uD83D\uDDE1", "color": "$orange" },
                { "text": " 2", "color": "white" },
                { "text": " | ", "color": "gray" },
                { "text": "\u2764", "color": "red" },
                { "text": " 1", "color": "white" },
                { "text": " | ", "color": "gray" },
                { "text": "\u265D", "color": "$speed" },
                { "text": " 3", "color": "white" },
                { "text": " | ", "color": "gray" },
                { "text": "\u2694", "color": "gray" },
                { "text": "\n", "color": "gray" },

                { "text": " Polar Bear ", "color": "white" },
                { "text": "\uD83D\uDDE1", "color": "$orange" },
                { "text": " 2", "color": "white" },
                { "text": " | ", "color": "gray" },
                { "text": "\u2764", "color": "red" },
                { "text": " 4", "color": "white" },
                { "text": " | ", "color": "gray" },
                { "text": "\u265D", "color": "$speed" },
                { "text": " 2", "color": "white" },
                { "text": " | ", "color": "gray" },
                { "text": "\u2694", "color": "gray" },
                { "text": "\n", "color": "gray" },

                { "text": "Tanks", "color": "gray" },
                { "text": " | ", "color": "$darkgray" },
                { "text": "\u2591", "color": "gray" },
                { "text": "\u2591\u2591\u2591\n", "color": "$darkgray" },
                { "text": " Shiver ", "color": "white" },
                { "text": "\uD83D\uDDE1", "color": "$orange" },
                { "text": " 3", "color": "white" },
                { "text": " | ", "color": "gray" },
                { "text": "\u2764", "color": "red" },
                { "text": " 3", "color": "white" },
                { "text": " | ", "color": "gray" },
                { "text": "\u265D", "color": "$speed" },
                { "text": " 2", "color": "white" },
                { "text": " | ", "color": "gray" },
                { "text": "\u2694 \u2744", "color": "gray" },

                { "text": "\nDwellers", "color": "gray" },
                { "text": " | ", "color": "$darkgray" },
                { "text": "\u2591\u2591", "color": "gray" },
                { "text": "\u2591\u2591", "color": "$darkgray" }
            ]
            }
        ]
        },
        "Glimmergrove": {
        "displayName": "Glimmergrove",
        "colour": 8762936,
        "description": [
            {
            "description": [
                { "text": "Perk: ", "color": "gray" },
                { "text": "Diamond Caves", "color": "$name" },
                { "text": " can be found.", "color": "white" },
                { "text": "\n", "color": "white" },

                { "text": "Hordes", "color": "gray" },
                { "text": " | ", "color": "$darkgray" },
                { "text": "\u2591\u2591\u2591\u2591", "color": "gray" },
                { "text": "\n", "color": "$darkgray" },
                { "text": " Overgrown ", "color": "white" },
                { "text": "\uD83D\uDDE1", "color": "$orange" },
                { "text": " 1", "color": "white" },
                { "text": " | ", "color": "gray" },
                { "text": "\u2764", "color": "red" },
                { "text": " 1", "color": "white" },
                { "text": " | ", "color": "gray" },
                { "text": "\u265D", "color": "$speed" },
                { "text": " 1", "color": "white" },
                { "text": " | ", "color": "gray" },
                { "text": "\u2694", "color": "gray" },
                { "text": "\n", "color": "gray" },

                { "text": "Assassins", "color": "gray" },
                { "text": " | ", "color": "$darkgray" },
                { "text": "\u2591\u2591", "color": "gray" },
                { "text": "\u2591\u2591\n", "color": "$darkgray" },

                { "text": " Spider ", "color": "white" },
                { "text": "\uD83D\uDDE1", "color": "$orange" },
                { "text": " 3", "color": "white" },
                { "text": " | ", "color": "gray" },
                { "text": "\u2764", "color": "red" },
                { "text": " 1", "color": "white" },
                { "text": " | ", "color": "gray" },
                { "text": "\u265D", "color": "$speed" },
                { "text": " 3", "color": "white" },
                { "text": " | ", "color": "gray" },
                { "text": "\u2694", "color": "gray" },
                { "text": "\n", "color": "gray" },

                { "text": " Slime ", "color": "white" },
                { "text": "\uD83D\uDDE1", "color": "$orange" },
                { "text": " 1", "color": "white" },
                { "text": " | ", "color": "gray" },
                { "text": "\u2764", "color": "red" },
                { "text": " 1", "color": "white" },
                { "text": " | ", "color": "gray" },
                { "text": "\u265D", "color": "$speed" },
                { "text": " 1", "color": "white" },
                { "text": " | ", "color": "gray" },
                { "text": "\u2694 \u2623", "color": "gray" },
                { "text": "\n", "color": "gray" },

                { "text": "Tanks", "color": "gray" },
                { "text": " | ", "color": "$darkgray" },
                { "text": "\u2591", "color": "gray" },
                { "text": "\u2591\u2591\u2591\n", "color": "$darkgray" },

                { "text": " Stonewarden ", "color": "white" },
                { "text": "\uD83D\uDDE1", "color": "$orange" },
                { "text": " 1", "color": "white" },
                { "text": " | ", "color": "gray" },
                { "text": "\u2764", "color": "red" },
                { "text": " 4", "color": "white" },
                { "text": " | ", "color": "gray" },
                { "text": "\u265D", "color": "$speed" },
                { "text": " 1", "color": "white" },
                { "text": " | ", "color": "gray" },
                { "text": "\u2694", "color": "gray" },

                { "text": "\nDwellers", "color": "gray" },
                { "text": " | ", "color": "$darkgray" },
                { "text": "\u2591", "color": "gray" },
                { "text": "\u2591\u2591\u2591", "color": "$darkgray" }
            ]
            }
        ]
        },
        "Sporegrove": {
        "displayName": "Sporegrove",
        "colour": 10377914,
        "description": [
            {
            "description": [
                { "text": "Perk: ", "color": "gray" },
                { "text": "None", "color": "white" },
                { "text": "\n", "color": "white" },

                { "text": "Hordes", "color": "gray" },
                { "text": " | ", "color": "$darkgray" },
                { "text": "\u2591\u2591\u2591\u2591", "color": "gray" },
                { "text": "\n", "color": "$darkgray" },
                { "text": " Funguy ", "color": "white" },
                { "text": "\uD83D\uDDE1", "color": "$orange" },
                { "text": " 1", "color": "white" },
                { "text": " | ", "color": "gray" },
                { "text": "\u2764", "color": "red" },
                { "text": " 1", "color": "white" },
                { "text": " | ", "color": "gray" },
                { "text": "\u265D", "color": "$speed" },
                { "text": " 1", "color": "white" },
                { "text": " | ", "color": "gray" },
                { "text": "\u2694", "color": "gray" },
                { "text": "\n", "color": "gray" },

                { "text": "Assassins", "color": "gray" },
                { "text": " | ", "color": "$darkgray" },
                { "text": "\u2591", "color": "gray" },
                { "text": "\u2591\u2591\u2591\n", "color": "$darkgray" },

                { "text": " Levishroom ", "color": "white" },
                { "text": "\uD83D\uDDE1", "color": "$orange" },
                { "text": " 2", "color": "white" },
                { "text": " | ", "color": "gray" },
                { "text": "\u2764", "color": "red" },
                { "text": " 2", "color": "white" },
                { "text": " | ", "color": "gray" },
                { "text": "\u265D", "color": "$speed" },
                { "text": " 2", "color": "white" },
                { "text": " | ", "color": "gray" },
                { "text": "\u2694 \u2623", "color": "gray" },
                { "text": "\n", "color": "gray" },

                { "text": " Slime ", "color": "white" },
                { "text": "\uD83D\uDDE1", "color": "$orange" },
                { "text": " 1", "color": "white" },
                { "text": " | ", "color": "gray" },
                { "text": "\u2764", "color": "red" },
                { "text": " 1", "color": "white" },
                { "text": " | ", "color": "gray" },
                { "text": "\u265D", "color": "$speed" },
                { "text": " 1", "color": "white" },
                { "text": " | ", "color": "gray" },
                { "text": "\u2694 \u2623", "color": "gray" },
                { "text": "\n", "color": "gray" },

                { "text": "Tanks", "color": "gray" },
                { "text": " | ", "color": "$darkgray" },
                { "text": "\u2591\u2591", "color": "gray" },
                { "text": "\u2591\u2591\n", "color": "$darkgray" },

                { "text": " Deathcap ", "color": "white" },
                { "text": "\uD83D\uDDE1", "color": "$orange" },
                { "text": " 3", "color": "white" },
                { "text": " | ", "color": "gray" },
                { "text": "\u2764", "color": "red" },
                { "text": " 3", "color": "white" },
                { "text": " | ", "color": "gray" },
                { "text": "\u265D", "color": "$speed" },
                { "text": " 1", "color": "white" },
                { "text": " | ", "color": "gray" },
                { "text": "\u2694 \u2623", "color": "gray" },

                { "text": "\nDwellers", "color": "gray" },
                { "text": " | ", "color": "$darkgray" },
                { "text": "\u2591\u2591", "color": "gray" },
                { "text": "\u2591\u2591", "color": "$darkgray" }
            ]
            }
        ]
        },
        "Nether": {
        "displayName": "Nether",
        "colour": 6946816,
        "description": [
            {
            "description": [
                { "text": "Perk: ", "color": "gray" },
                { "text": "More Rare Gems", "color": "$name" },
                { "text": "\n", "color": "white" },

                { "text": "Hordes", "color": "gray" },
                { "text": " | ", "color": "$darkgray" },
                { "text": "\u2591\u2591\u2591", "color": "gray" },
                { "text": "\u2591\n", "color": "$darkgray" },
                { "text": " Piglin ", "color": "white" },
                { "text": "\uD83D\uDDE1", "color": "$orange" },
                { "text": " 3", "color": "white" },
                { "text": " | ", "color": "gray" },
                { "text": "\u2764", "color": "red" },
                { "text": " 2", "color": "white" },
                { "text": " | ", "color": "gray" },
                { "text": "\u265D", "color": "$speed" },
                { "text": " 2", "color": "white" },
                { "text": " | ", "color": "gray" },
                { "text": "\u2694 \uD83C\uDFF9", "color": "gray" },
                { "text": "\n", "color": "gray" },

                { "text": "Assassins", "color": "gray" },
                { "text": " | ", "color": "$darkgray" },
                { "text": "\u2591\u2591", "color": "gray" },
                { "text": "\u2591\u2591\n", "color": "$darkgray" },

                { "text": " Wither Skeleton ", "color": "white" },
                { "text": "\uD83D\uDDE1", "color": "$orange" },
                { "text": " 3", "color": "white" },
                { "text": " | ", "color": "gray" },
                { "text": "\u2764", "color": "red" },
                { "text": " 1", "color": "white" },
                { "text": " | ", "color": "gray" },
                { "text": "\u265D", "color": "$speed" },
                { "text": " 2", "color": "white" },
                { "text": " | ", "color": "gray" },
                { "text": "\u2694 \u2623", "color": "gray" },
                { "text": "\n", "color": "gray" },

                { "text": " Blaze ", "color": "white" },
                { "text": "\uD83D\uDDE1", "color": "$orange" },
                { "text": " 2", "color": "white" },
                { "text": " | ", "color": "gray" },
                { "text": "\u2764", "color": "red" },
                { "text": " 1", "color": "white" },
                { "text": " | ", "color": "gray" },
                { "text": "\u265D", "color": "$speed" },
                { "text": " 1", "color": "white" },
                { "text": " | ", "color": "gray" },
                { "text": "\uD83C\uDFF9", "color": "gray" },
                { "text": "\n", "color": "gray" },

                { "text": " Magma Slime ", "color": "white" },
                { "text": "\uD83D\uDDE1", "color": "$orange" },
                { "text": " 2", "color": "white" },
                { "text": " | ", "color": "gray" },
                { "text": "\u2764", "color": "red" },
                { "text": " 1", "color": "white" },
                { "text": " | ", "color": "gray" },
                { "text": "\u265D", "color": "$speed" },
                { "text": " 1", "color": "white" },
                { "text": " | ", "color": "gray" },
                { "text": "\u2694 \u2623", "color": "gray" },
                { "text": "\n", "color": "gray" },

                { "text": "Tanks", "color": "gray" },
                { "text": " | ", "color": "$darkgray" },
                { "text": "\u2591", "color": "gray" },
                { "text": "\u2591\u2591\u2591\n", "color": "$darkgray" },

                { "text": " Brute ", "color": "white" },
                { "text": "\uD83D\uDDE1", "color": "$orange" },
                { "text": " 4", "color": "white" },
                { "text": " | ", "color": "gray" },
                { "text": "\u2764", "color": "red" },
                { "text": " 3", "color": "white" },
                { "text": " | ", "color": "gray" },
                { "text": "\u265D", "color": "$speed" },
                { "text": " 2", "color": "white" },
                { "text": " | ", "color": "gray" },
                { "text": "\u2694", "color": "gray" },

                { "text": "\nDwellers", "color": "gray" },
                { "text": " | ", "color": "$darkgray" },
                { "text": "\u2591\u2591", "color": "gray" },
                { "text": "\u2591\u2591", "color": "$darkgray" }
            ]
            }
        ]
        },
        "Void": {
        "displayName": "Void",
        "colour": 4077133,
        "description": [
            {
            "description": [
                { "text": "Perk: ", "color": "gray" },
                { "text": "More Echo Gems", "color": "$name" },
                { "text": "\n", "color": "white" },

                { "text": "Hordes", "color": "gray" },
                { "text": " | ", "color": "$darkgray" },
                { "text": "\u2591", "color": "gray" },
                { "text": "\u2591\u2591\u2591\n", "color": "$darkgray" },
                { "text": " Deep Zombie ", "color": "white" },
                { "text": "\uD83D\uDDE1", "color": "$orange" },
                { "text": " 1", "color": "white" },
                { "text": " | ", "color": "gray" },
                { "text": "\u2764", "color": "red" },
                { "text": " 1", "color": "white" },
                { "text": " | ", "color": "gray" },
                { "text": "\u265D", "color": "$speed" },
                { "text": " 2", "color": "white" },
                { "text": " | ", "color": "gray" },
                { "text": "\u2694", "color": "gray" },
                { "text": "\n", "color": "gray" },

                { "text": " Deep Skeleton ", "color": "white" },
                { "text": "\uD83D\uDDE1", "color": "$orange" },
                { "text": " 1", "color": "white" },
                { "text": " | ", "color": "gray" },
                { "text": "\u2764", "color": "red" },
                { "text": " 1", "color": "white" },
                { "text": " | ", "color": "gray" },
                { "text": "\u265D", "color": "$speed" },
                { "text": " 2", "color": "white" },
                { "text": " | ", "color": "gray" },
                { "text": "\u2694", "color": "gray" },
                { "text": "\n", "color": "gray" },

                { "text": "Assassins", "color": "gray" },
                { "text": " | ", "color": "$darkgray" },
                { "text": "\u2591\u2591\u2591", "color": "gray" },
                { "text": "\u2591\n", "color": "$darkgray" },

                { "text": " Enderman ", "color": "white" },
                { "text": "\uD83D\uDDE1", "color": "$orange" },
                { "text": " 4", "color": "white" },
                { "text": " | ", "color": "gray" },
                { "text": "\u2764", "color": "red" },
                { "text": " 1", "color": "white" },
                { "text": " | ", "color": "gray" },
                { "text": "\u265D", "color": "$speed" },
                { "text": " 3", "color": "white" },
                { "text": " | ", "color": "gray" },
                { "text": "\u2694 \u21AF", "color": "gray" },
                { "text": "\n", "color": "gray" },

                { "text": " Shulker ", "color": "white" },
                { "text": "\uD83D\uDDE1", "color": "$orange" },
                { "text": " 1", "color": "white" },
                { "text": " | ", "color": "gray" },
                { "text": "\u2764", "color": "red" },
                { "text": " 4", "color": "white" },
                { "text": " | ", "color": "gray" },
                { "text": "\u265D", "color": "$speed" },
                { "text": " 0", "color": "white" },
                { "text": " | ", "color": "gray" },
                { "text": "\uD83C\uDFF9 \u2623", "color": "gray" },
                { "text": "\n", "color": "gray" },

                { "text": " Deeplings ", "color": "white" },
                { "text": "\uD83D\uDDE1", "color": "$orange" },
                { "text": " 3", "color": "white" },
                { "text": " | ", "color": "gray" },
                { "text": "\u2764", "color": "red" },
                { "text": " 2", "color": "white" },
                { "text": " | ", "color": "gray" },
                { "text": "\u265D", "color": "$speed" },
                { "text": " 2", "color": "white" },
                { "text": " | ", "color": "gray" },
                { "text": "\u2694 \uD83C\uDFF9", "color": "gray" },
                { "text": "\n", "color": "gray" },

                { "text": "Tanks", "color": "gray" },
                { "text": " | ", "color": "$darkgray" },
                { "text": "\u2591\u2591\u2591\u2591", "color": "gray" },
                { "text": "\n", "color": "$darkgray" },

                { "text": " Warden ", "color": "white" },
                { "text": "\uD83D\uDDE1", "color": "$orange" },
                { "text": " 3", "color": "white" },
                { "text": " | ", "color": "gray" },
                { "text": "\u2764", "color": "red" },
                { "text": " 4", "color": "white" },
                { "text": " | ", "color": "gray" },
                { "text": "\u265D", "color": "$speed" },
                { "text": " 1", "color": "white" },
                { "text": " | ", "color": "gray" },
                { "text": "\u2694 \u2623", "color": "gray" },

                { "text": "\nDwellers", "color": "gray" },
                { "text": " | ", "color": "$darkgray" },
                { "text": "\u2591", "color": "gray" },
                { "text": "\u2591\u2591\u2591", "color": "$darkgray" }
            ]
            }
        ]
        },
        "Candoria": {
        "displayName": "Candoria",
        "colour": 15560362,
        "description": [
            {
            "description": [
                { "text": "Perk: ", "color": "gray" },
                { "text": "None", "color": "white" },
                { "text": "\n", "color": "white" },

                { "text": "Hordes", "color": "gray" },
                { "text": " | ", "color": "$darkgray" },
                { "text": "\u2591\u2591\u2591", "color": "gray" },
                { "text": "\u2591\n", "color": "$darkgray" },
                { "text": " Yellow ", "color": "white" },
                { "text": "\uD83D\uDDE1", "color": "$orange" },
                { "text": " 1", "color": "white" },
                { "text": " | ", "color": "gray" },
                { "text": "\u2764", "color": "red" },
                { "text": " 1", "color": "white" },
                { "text": " | ", "color": "gray" },
                { "text": "\u265D", "color": "$speed" },
                { "text": " 3", "color": "white" },
                { "text": " | ", "color": "gray" },
                { "text": "\u2694", "color": "gray" },
                { "text": "\n", "color": "gray" },

                { "text": "Assassins", "color": "gray" },
                { "text": " | ", "color": "$darkgray" },
                { "text": "\u2591\u2591\u2591", "color": "gray" },
                { "text": "\u2591\n", "color": "$darkgray" },

                { "text": " Blue ", "color": "white" },
                { "text": "\uD83D\uDDE1", "color": "$orange" },
                { "text": " 1", "color": "white" },
                { "text": " | ", "color": "gray" },
                { "text": "\u2764", "color": "red" },
                { "text": " 3", "color": "white" },
                { "text": " | ", "color": "gray" },
                { "text": "\u265D", "color": "$speed" },
                { "text": " 1", "color": "white" },
                { "text": " | ", "color": "gray" },
                { "text": "\u2694", "color": "gray" },
                { "text": "\n", "color": "gray" },

                { "text": " Green ", "color": "white" },
                { "text": "\uD83D\uDDE1", "color": "$orange" },
                { "text": " 2", "color": "white" },
                { "text": " | ", "color": "gray" },
                { "text": "\u2764", "color": "red" },
                { "text": " 1", "color": "white" },
                { "text": " | ", "color": "gray" },
                { "text": "\u265D", "color": "$speed" },
                { "text": " 2", "color": "white" },
                { "text": " | ", "color": "gray" },
                { "text": "\u2694", "color": "gray" },
                { "text": "\n", "color": "gray" },

                { "text": " Evil Rabbit ", "color": "white" },
                { "text": "\uD83D\uDDE1", "color": "$orange" },
                { "text": " 4", "color": "white" },
                { "text": " | ", "color": "gray" },
                { "text": "\u2764", "color": "red" },
                { "text": " 2", "color": "white" },
                { "text": " | ", "color": "gray" },
                { "text": "\u265D", "color": "$speed" },
                { "text": " 1", "color": "white" },
                { "text": " | ", "color": "gray" },
                { "text": "\u2694", "color": "gray" },
                { "text": "\n", "color": "gray" },

                { "text": "Tanks", "color": "gray" },
                { "text": " | ", "color": "$darkgray" },
                { "text": "\u2591", "color": "gray" },
                { "text": "\u2591\u2591\u2591\n", "color": "$darkgray" },

                { "text": " Red ", "color": "white" },
                { "text": "\uD83D\uDDE1", "color": "$orange" },
                { "text": " 2", "color": "white" },
                { "text": " | ", "color": "gray" },
                { "text": "\u2764", "color": "red" },
                { "text": " 5", "color": "white" },
                { "text": " | ", "color": "gray" },
                { "text": "\u265D", "color": "$speed" },
                { "text": " 1", "color": "white" },
                { "text": " | ", "color": "gray" },
                { "text": "\u2694", "color": "gray" },

                { "text": "\nDwellers", "color": "gray" },
                { "text": " | ", "color": "$darkgray" },
                { "text": "\u2591", "color": "gray" },
                { "text": "\u2591\u2591\u2591", "color": "$darkgray" }
            ]
            }
        ]
        },
        "Sandsworn": {
        "displayName": "Sandsworn",
        "colour": 15192471,
        "description": [
            {
            "description": [
                { "text": "Perk: ", "color": "gray" },
                { "text": "Alexandrite", "color": "$name" },
                { "text": " is more common", "color": "white" },
                { "text": "\n", "color": "white" },

                { "text": "Hordes", "color": "gray" },
                { "text": " | ", "color": "$darkgray" },
                { "text": "\u2591\u2591", "color": "gray" },
                { "text": "\u2591\u2591\n", "color": "$darkgray" },
                { "text": " Husk ", "color": "white" },
                { "text": "\uD83D\uDDE1", "color": "$orange" },
                { "text": " 2", "color": "white" },
                { "text": " | ", "color": "gray" },
                { "text": "\u2764", "color": "red" },
                { "text": " 2", "color": "white" },
                { "text": " | ", "color": "gray" },
                { "text": "\u265D", "color": "$speed" },
                { "text": " 1", "color": "white" },
                { "text": " | ", "color": "gray" },
                { "text": "\u2694", "color": "gray" },
                { "text": "\n", "color": "gray" },

                { "text": "Assassins", "color": "gray" },
                { "text": " | ", "color": "$darkgray" },
                { "text": "\u2591\u2591\u2591", "color": "gray" },
                { "text": "\u2591\n", "color": "$darkgray" },
                { "text": " Skeleton ", "color": "white" },
                { "text": "\uD83D\uDDE1", "color": "$orange" },
                { "text": " 3", "color": "white" },
                { "text": " | ", "color": "gray" },
                { "text": "\u2764", "color": "red" },
                { "text": " 1", "color": "white" },
                { "text": " | ", "color": "gray" },
                { "text": "\u265D", "color": "$speed" },
                { "text": " 1", "color": "white" },
                { "text": " | ", "color": "gray" },
                { "text": "\u2694 \uD83C\uDFF9", "color": "gray" },
                { "text": "\n", "color": "gray" },

                { "text": " Creeper ", "color": "white" },
                { "text": "\uD83D\uDDE1", "color": "$orange" },
                { "text": " 0", "color": "white" },
                { "text": " | ", "color": "gray" },
                { "text": "\u2764", "color": "red" },
                { "text": " 2", "color": "white" },
                { "text": " | ", "color": "gray" },
                { "text": "\u265D", "color": "$speed" },
                { "text": " 1", "color": "white" },
                { "text": " | ", "color": "gray" },
                { "text": "\u2694 \u2738", "color": "gray" },
                { "text": "\n", "color": "gray" },

                { "text": "Tanks", "color": "gray" },
                { "text": " | ", "color": "$darkgray" },
                { "text": "\u2591", "color": "gray" },
                { "text": "\u2591\u2591\u2591\n", "color": "$darkgray" },
                { "text": " Mummy ", "color": "white" },
                { "text": "\uD83D\uDDE1", "color": "$orange" },
                { "text": " 4", "color": "white" },
                { "text": " | ", "color": "gray" },
                { "text": "\u2764", "color": "red" },
                { "text": " 3", "color": "white" },
                { "text": " | ", "color": "gray" },
                { "text": "\u265D", "color": "$speed" },
                { "text": " 1", "color": "white" },
                { "text": " | ", "color": "gray" },
                { "text": "\u2694", "color": "gray" },

                { "text": "\nDwellers", "color": "gray" },
                { "text": " | ", "color": "$darkgray" },
                { "text": "\u2591\u2591\u2591", "color": "gray" },
                { "text": "\u2591", "color": "$darkgray" }
            ]
            }
        ]
        },
        "RawVault": {
        "displayName": "Raw Vault",
        "colour": 13948116,
        "description": [
            {
            "description": [
                { "text": "Perk: ", "color": "gray" },
                { "text": "Vault Altar Ingredients", "color": "white" },
                { "text": " and ", "color": "white" },
                { "text": "\nChromatic Caves", "color": "$name" },
                { "text": " can be found\n", "color": "white" },

                { "text": "Hordes", "color": "gray" },
                { "text": " | ", "color": "$darkgray" },
                { "text": "\u2591", "color": "gray" },
                { "text": "\u2591\u2591\u2591\n", "color": "$darkgray" },
                { "text": " Deeprot Miners ", "color": "white" },
                { "text": "\uD83D\uDDE1", "color": "$orange" },
                { "text": " 1", "color": "white" },
                { "text": " | ", "color": "gray" },
                { "text": "\u2764", "color": "red" },
                { "text": " 3", "color": "white" },
                { "text": " | ", "color": "gray" },
                { "text": "\u265D", "color": "$speed" },
                { "text": " 1", "color": "white" },
                { "text": " | ", "color": "gray" },
                { "text": "\u2694", "color": "gray" },
                { "text": "\n", "color": "gray" },

                { "text": "Assassins", "color": "gray" },
                { "text": " | ", "color": "$darkgray" },
                { "text": "\u2591\u2591\u2591", "color": "gray" },
                { "text": "\u2591\n", "color": "$darkgray" },
                { "text": " Orebound ", "color": "white" },
                { "text": "\uD83D\uDDE1", "color": "$orange" },
                { "text": " 2", "color": "white" },
                { "text": " | ", "color": "gray" },
                { "text": "\u2764", "color": "red" },
                { "text": " 2", "color": "white" },
                { "text": " | ", "color": "gray" },
                { "text": "\u265D", "color": "$speed" },
                { "text": " 2", "color": "white" },
                { "text": " | ", "color": "gray" },
                { "text": "\u2694 \uD83C\uDFF9", "color": "gray" },
                { "text": "\n", "color": "gray" },

                { "text": " Vault Wraiths ", "color": "white" },
                { "text": "\uD83D\uDDE1", "color": "$orange" },
                { "text": " 2", "color": "white" },
                { "text": " | ", "color": "gray" },
                { "text": "\u2764", "color": "red" },
                { "text": " 3", "color": "white" },
                { "text": " | ", "color": "gray" },
                { "text": "\u265D", "color": "$speed" },
                { "text": " 2", "color": "white" },
                { "text": " | ", "color": "gray" },
                { "text": "\u2694", "color": "gray" },
                { "text": "\n", "color": "gray" },

                { "text": "Tanks", "color": "gray" },
                { "text": " | ", "color": "$darkgray" },
                { "text": "\u2591\u2591", "color": "gray" },
                { "text": "\u2591\u2591\n", "color": "$darkgray" },
                { "text": " Belcher ", "color": "white" },
                { "text": "\uD83D\uDDE1", "color": "$orange" },
                { "text": " 2", "color": "white" },
                { "text": " | ", "color": "gray" },
                { "text": "\u2764", "color": "red" },
                { "text": " 4", "color": "white" },
                { "text": " | ", "color": "gray" },
                { "text": "\u265D", "color": "$speed" },
                { "text": " 1", "color": "white" },
                { "text": " | ", "color": "gray" },
                { "text": "\u2694 \u271A", "color": "gray" },

                { "text": "\nDwellers", "color": "gray" },
                { "text": " | ", "color": "$darkgray" },
                { "text": "\u2591\u2591", "color": "gray" },
                { "text": "\u2591\u2591", "color": "$darkgray" }
            ]
            }
        ]
        }
    },
    "augments": {
        "Deepcrag":[
            "the_vault:classic_vault_cave",
            "the_vault:classic_vault_cave_deepslate",
            "the_vault:classic_vault_cave_geode",
            "the_vault:classic_vault_cave_wasteland"
        ],
        "Saltshade":[
            "the_vault:classic_vault_beach",
            "the_vault:classic_vault_flooded",
            "the_vault:classic_vault_shipwreck",
            "the_vault:classic_vault_haunted",
            "the_vault:classic_vault_sea_floor",
            "the_vault:classic_vault_season_summer"
        ],
        "Bloodveil":[
            "the_vault:classic_vault_blood_ash",
            "the_vault:classic_vault_blood_moon",
            "the_vault:classic_vault_flesh",
            "the_vault:classic_vault_blood"
        ],
        "Snowfell":[
            "the_vault:classic_vault_aurora_cave",
            "the_vault:classic_vault_ice_cave",
            "the_vault:classic_vault_ice",
            "the_vault:classic_vault_season_winter"
        ],
        "Glimmergrove":[
            "the_vault:classic_vault_lush_cave",
            "the_vault:classic_vault_living_cave",
            "the_vault:classic_vault_season_spring"
        ],
        "Sporegrove":[
            "the_vault:classic_vault_mushroom",
            "the_vault:classic_vault_fairy_ring",
            "the_vault:classic_vault_poison",
            "the_vault:classic_vault_season_fall"
        ],
        "Nether":[
            "the_vault:classic_vault_nether_crimson",
            "the_vault:classic_vault_nether_warped",
            "the_vault:classic_vault_nether_blackstone",
            "the_vault:classic_vault_nether_soul"
        ],
        "Void":[
            "the_vault:classic_vault_void",
            "the_vault:classic_vault_factory_void",
            "the_vault:classic_vault_end_void"
        ],
        "Candoria":[
            "the_vault:classic_vault_sweet",
            "the_vault:classic_vault_easter_egg",
            "the_vault:classic_vault_easter_pastel"
        ],
        "Sandsworn":[
            "the_vault:classic_vault_desert",
            "the_vault:classic_vault_sandy_cave",
            "the_vault:classic_vault_mesa",
            "the_vault:classic_vault_deep_mesa"
        ],
        "RawVault":[
            "the_vault:raw_vault_cave",
            "the_vault:raw_vault_cave_lvl10",
            "the_vault:raw_vault_cave_lvl20",
            "the_vault:raw_vault_cave_lvl30",
            "the_vault:raw_vault_cave_granite",
            "the_vault:raw_vault_cave_granite_lvl10",
            "the_vault:raw_vault_cave_granite_lvl20",
            "the_vault:raw_vault_cave_granite_lvl30",
            "the_vault:raw_vault_cave_diorite",
            "the_vault:raw_vault_cave_diorite_lvl10",
            "the_vault:raw_vault_cave_diorite_lvl20",
            "the_vault:raw_vault_cave_diorite_lvl30",
            "the_vault:raw_vault_cave_andersite",
            "the_vault:raw_vault_cave_andersite_lvl10",
            "the_vault:raw_vault_cave_andersite_lvl20",
            "the_vault:raw_vault_cave_andersite_lvl30"
        ]
    }
}
    