{

  "extraTickPerRelicDiscovered": 1200,
  
  "fragments": [

    {
      "value": "the_vault:relic/cupcake/frag1",
      "weight": 2
    },
    {
      "value": "the_vault:relic/cupcake/frag2",
      "weight": 2
    },
    {
      "value": "the_vault:relic/cupcake/frag3",
      "weight": 2
    },
    {
      "value": "the_vault:relic/cupcake/frag4",
      "weight": 2
    },
    {
      "value": "the_vault:relic/cupcake/frag5",
      "weight": 1
    },


    {
      "value": "the_vault:relic/elemental/frag1",
      "weight": 2
    },
    {
      "value": "the_vault:relic/elemental/frag2",
      "weight": 2
    },
    {
      "value": "the_vault:relic/elemental/frag3",
      "weight": 2
    },
    {
      "value": "the_vault:relic/elemental/frag4",
      "weight": 2
    },
    {
      "value": "the_vault:relic/elemental/frag5",
      "weight": 1
    },
    

    {
      "value": "the_vault:relic/miner/frag1",
      "weight": 2
    },
    {
      "value": "the_vault:relic/miner/frag2",
      "weight": 2
    },
    {
      "value": "the_vault:relic/miner/frag3",
      "weight": 2
    },
    {
      "value": "the_vault:relic/miner/frag4",
      "weight": 2
    },
    {
      "value": "the_vault:relic/miner/frag5",
      "weight": 1
    },


    {
      "value": "the_vault:relic/nazar/frag1",
      "weight": 2
    },
    {
      "value": "the_vault:relic/nazar/frag2",
      "weight": 2
    },
    {
      "value": "the_vault:relic/nazar/frag3",
      "weight": 2
    },
    {
      "value": "the_vault:relic/nazar/frag4",
      "weight": 2
    },
    {
      "value": "the_vault:relic/nazar/frag5",
      "weight": 1
    },


    {
      "value": "the_vault:relic/twitch/frag1",
      "weight": 2
    },
    {
      "value": "the_vault:relic/twitch/frag2",
      "weight": 2
    },
    {
      "value": "the_vault:relic/twitch/frag3",
      "weight": 2
    },
    {
      "value": "the_vault:relic/twitch/frag4",
      "weight": 2
    },
    {
      "value": "the_vault:relic/twitch/frag5",
      "weight": 1
    },


    {
      "value": "the_vault:relic/warrior/frag1",
      "weight": 2
    },
    {
      "value": "the_vault:relic/warrior/frag2",
      "weight": 2
    },
    {
      "value": "the_vault:relic/warrior/frag3",
      "weight": 2
    },
    {
      "value": "the_vault:relic/warrior/frag4",
      "weight": 2
    },
    {
      "value": "the_vault:relic/warrior/frag5",
      "weight": 1
    },
    

    {
      "value": "the_vault:relic/dragon/frag1",
      "weight": 2
    },
    {
      "value": "the_vault:relic/dragon/frag2",
      "weight": 2
    },
    {
      "value": "the_vault:relic/dragon/frag3",
      "weight": 2
    },
    {
      "value": "the_vault:relic/dragon/frag4",
      "weight": 2
    },
    {
      "value": "the_vault:relic/dragon/frag5",
      "weight": 1
    },


    {
      "value": "the_vault:relic/richity/frag1",
      "weight": 2
    },
    {
      "value": "the_vault:relic/richity/frag2",
      "weight": 2
    },
    {
      "value": "the_vault:relic/richity/frag3",
      "weight": 2
    },
    {
      "value": "the_vault:relic/richity/frag4",
      "weight": 2
    },
    {
      "value": "the_vault:relic/richity/frag5",
      "weight": 1
    }

  ]

}