{
    "roomIcons": {
        "the_vault:gui/map/crystal_caves": [
            "the_vault:vault/rooms/challenge/crystal_caves1",
            "the_vault:vault/rooms/challenge/crystal_caves2",
            "the_vault:vault/rooms/challenge/crystal_caves3",
            "the_vault:vault/rooms/challenge/crystal_caves4",
            "the_vault:vault/rooms/challenge/crystal_caves5"
        ],
        "the_vault:gui/map/dragon": [
            "the_vault:vault/rooms/challenge/dragon1"
        ],
        "the_vault:gui/map/factory": [
            "the_vault:vault/rooms/challenge/factory1"
        ],
        "the_vault:gui/map/raid": [
            "the_vault:vault/rooms/challenge/raid1",
            "the_vault:vault/rooms/challenge/raid/rooms"
        ],
        "the_vault:gui/map/lab": [
            "the_vault:vault/rooms/challenge/laboratory1",
            "the_vault:vault/rooms/challenge/laboratory2",
            "the_vault:vault/rooms/challenge/laboratory3",
            "the_vault:vault/rooms/challenge/laboratory4"
        ],
        "the_vault:gui/map/xmark": [
            "the_vault:vault/rooms/challenge/x-mark1"
        ],
        "the_vault:gui/map/village": [
            "the_vault:vault/rooms/challenge/village1",
            "the_vault:vault/rooms/challenge/village2",
            "the_vault:vault/rooms/challenge/village3",
            "the_vault:vault/rooms/challenge/village4",
            "the_vault:vault/rooms/challenge/villagefort"
        ],
        "the_vault:gui/map/chromatic_caves": [
            "the_vault:vault/rooms/raw/chromatic_cave1"
        ],
        "the_vault:gui/map/emerald_caves": [
            "the_vault:vault/rooms/raw/emerald_cave1",
            "the_vault:vault/rooms/raw/emerald_caves"
        ],
        "the_vault:gui/map/diamond_caves": [
            "the_vault:vault/rooms/raw/diamond_cave1"
        ],
        "the_vault:gui/map/farm": [
            "the_vault:vault/rooms/raw/farm1"
        ],
        "the_vault:gui/map/cove": [
            "the_vault:vault/rooms/omega/cove1",
            "the_vault:vault/rooms/omega/cove2"
        ],
        "the_vault:gui/map/digsite": [
            "the_vault:vault/rooms/omega/omega_digsite1",
            "the_vault:vault/rooms/omega/omega_digsite2"
        ],
        "the_vault:gui/map/vendor": [
            "the_vault:vault/rooms/omega/vendor1",
            "the_vault:vault/rooms/omega/vendor2",
            "the_vault:vault/rooms/omega/vendor3"
        ],
        "the_vault:gui/map/paint": [
            "the_vault:vault/rooms/omega/painting1"
        ],
        "the_vault:gui/map/mine": [
            "the_vault:vault/rooms/omega/mine1",
            "the_vault:vault/rooms/omega/mine2"
        ],
        "the_vault:gui/map/blacksmith": [
            "the_vault:vault/rooms/omega/blacksmith1"
        ],
        "the_vault:gui/map/library": [
            "the_vault:vault/rooms/omega/library1",
            "the_vault:vault/rooms/omega/library2"
        ],
        "the_vault:gui/map/mushroom": [
            "the_vault:vault/rooms/omega/mush_room1",
            "the_vault:vault/rooms/omega/mush_room2"
        ],
        "the_vault:gui/map/wooden": [
            "the_vault:vault/rooms/omega/pixel1"
        ],
        "the_vault:gui/map/nether_raw": [
            "the_vault:vault/rooms/raw/nether1"
        ],
        "the_vault:gui/map/end_raw": [
            "the_vault:vault/rooms/raw/end1"
        ]
    }
}