{
  "usesRoll": {
    "OMEGA": {
      "min": 30,
      "max": 40,
      "type": "uniform"
    },
    "UNIQUE": {
      "min": 7,
      "max": 8,
      "type": "uniform"
    },
    "SCRAPPY": {
      "min": 5,
      "max": 8,
      "type": "uniform"
    },
    "RARE": {
      "min": 13,
      "max": 20,
      "type": "uniform"
    },
    "COMMON": {
      "min": 9,
      "max": 12,
      "type": "uniform"
    },
    "EPIC": {
      "min": 21,
      "max": 29,
      "type": "uniform"
    }
  },
  "RARITY_MODEL_ROLLS": {
    "OMEGA": [
      "the_vault:gear/void_stone/voidstone_9",
      "the_vault:gear/void_stone/voidstone_8"
    ],
    "UNIQUE": [
      "the_vault:gear/void_stone/voidstone_1"
    ],
    "SCRAPPY": [
      "the_vault:gear/void_stone/voidstone_1"
    ],
    "RARE": [
      "the_vault:gear/void_stone/voidstone_4",
      "the_vault:gear/void_stone/voidstone_5"
    ],
    "EPIC": [
      "the_vault:gear/void_stone/voidstone_6",
      "the_vault:gear/void_stone/voidstone_7"
    ],
    "COMMON": [
      "the_vault:gear/void_stone/voidstone_2",
      "the_vault:gear/void_stone/voidstone_3"
    ]
  },
  "useRarityModelRolls": true,
  "MODELS": [
    "the_vault:gear/void_stone/voidstone_5",
    "the_vault:gear/void_stone/voidstone_6",
    "the_vault:gear/void_stone/voidstone_7",
    "the_vault:gear/void_stone/voidstone_8",
    "the_vault:gear/void_stone/voidstone_1",
    "the_vault:gear/void_stone/voidstone_2",
    "the_vault:gear/void_stone/voidstone_3",
    "the_vault:gear/void_stone/voidstone_4",
    "the_vault:gear/void_stone/voidstone_9"
  ]
}