{
  "tags": {
    "Defensive": {
      "tags": [
        "ModArmor",
        "ModKnockbackResistance",
        "ModCritHitMitigation",
        "focusArmor"
      ],
      "display": "Defensive",
      "color": 7973817,
      "weight": 0,
      "affixType": ["PREFIX"]
    },
    "ResDmg": {
      "tags": [
        "focusResistance",
        "focusDamage"
      ],
      "display": "Resistance/Damage",
      "color": 16760832,
      "weight": 0,
      "affixType": ["PREFIX"]
    },
    "Mana": {
      "tags": [
        "ModMana",
        "ModManaRegen"
      ],
      "display": "Mana",
      "color": 65535,
      "weight": 0,
      "affixType": []
    },
    "Looting": {
      "tags": [
        "ModItemRarity",
        "ModItemQuantity"
      ],
      "display": "Looting",
      "color": 15639054,
      "weight": 0,
      "affixType": ["SUFFIX"]
    },
    "Offensive": {
      "tags": [
        "ModOnHitAddition",
        "ModAttackDamage",
        "ModFatalStrikeDamage",
        "ModDamageIncrease",
        "ModTypedDamageIncrease",
        "ModFatalStrikeChance",
        "ModAttackSpeedPercent"
      ],
      "display": "Offensive",
      "color": 12782347,
      "weight": 0,
      "affixType": ["PREFIX"]
    },
    "OnHit": {
      "tags": [
        "ModOnHitAddition"
      ],
      "display": "On Hit Type",
      "color": 16740864,
      "weight": 0,
      "affixType": ["PREFIX"]
    },
    "Resistance": {
      "tags": [
        "focusResistance"
      ],
      "display": "Resistance",
      "color": 16760832,
      "weight": 10,
      "affixType": ["PREFIX"]
    },
    "Lucky Hit": {
      "tags": [
        "focusLuckyHitChance"
      ],
      "display": "Lucky Hit",
      "color": 7206307,
      "weight": 10,
      "affixType": ["SUFFIX"]
    },
    "Slowness Cloud": {
      "tags": [
        "focusSlownessCloud"
      ],
      "display": "Slowness Cloud",
      "color": 7400423,
      "weight": 0,
      "affixType": ["SUFFIX"]
    },
    "Chilling Cloud": {
      "tags": [
        "focusChillingCloud"
      ],
      "display": "Chilling Cloud",
      "color": 3138042,
      "weight": 10,
      "affixType": ["SUFFIX"]
    },
    "Heart Frag Change": {
      "tags": [
        "focusHitHearts"
      ],
      "display": "Heart Frag Chance",
      "color": 2293541,
      "weight": 10,
      "affixType": ["PREFIX"]
    },
    "Poison Cloud": {
      "tags": [
        "focusPoisonCloud"
      ],
      "display": "Poison Cloud",
      "color": 4236591,
      "weight": 10,
      "affixType": ["SUFFIX"]
    },
    "Healing Cloud": {
      "tags": [
        "focusHealingCloud"
      ],
      "display": "Healing Cloud",
      "color": 16150747,
      "weight": 10,
      "affixType": ["SUFFIX"]
    },
    "Fear Cloud": {
      "tags": [
        "focusFearCloud"
      ],
      "display": "Fear Cloud",
      "color": 2818160,
      "weight": 10,
      "affixType": ["SUFFIX"]
    },
    "Health": {
      "tags": [
        "focusHealth"
      ],
      "display": "Health",
      "color": 2293541,
      "weight": 10,
      "affixType": ["PREFIX"]
    },
    "HealingEff": {
      "tags": [
        "focusHealingEff"
      ],
      "display": "Healing Efficiency",
      "color": 9371426,
      "weight": 10,
      "affixType": ["SUFFIX"]
    },
    "Armor": {
      "tags": [
        "focusArmor"
      ],
      "display": "Armor",
      "color": 4766456,
      "weight": 10,
      "affixType": ["PREFIX"]
    },
    "ManaRegen": {
      "tags": [
        "focusManaRegen"
      ],
      "display": "Mana Regeneration",
      "color": 65535,
      "weight": 10,
      "affixType": ["SUFFIX"]
    },
    "Trap Disarming": {
      "tags": [
        "focusTrapDisarming"
      ],
      "display": "Trap Disarming",
      "color": 8471551,
      "weight": 10,
      "affixType": ["SUFFIX"]
    },
    "Cooldown": {
      "tags": [
        "focusCooldown"
      ],
      "display": "Cooldown",
      "color": 63668,
      "weight": 10,
      "affixType": ["SUFFIX"]
    },
    "Durability": {
      "tags": [
        "focusDurability"
      ],
      "display": "Durability",
      "color": 14668030,
      "weight": 10,
      "affixType": ["PREFIX","SUFFIX"]
    },
    "Damage": {
      "tags": [
        "focusDamage"
      ],
      "display": "Damage Percentile",
      "color": 16739072,
      "weight": 10,
      "affixType": ["PREFIX"]
    },
    "Soul Hunting": {
      "tags": [
        "focusSoulChance"
      ],
      "display": "Soul Quantity",
      "color": 4653308,
      "weight": 10,
      "affixType": ["PREFIX","SUFFIX"]
    },
    "Chaining": {
      "tags": [
        "focusChaining"
      ],
      "display": "Chaining",
      "color": 6119096,
      "weight": 10,
      "affixType": ["PREFIX"]
    },
    "ManaPercentile": {
      "tags": [
        "focusManaPercentile"
      ],
      "display": "Max Mana Percentile",
      "color": 65535,
      "weight": 10,
      "affixType": ["PREFIX"]
    },
    "MiningSpeed": {
      "tags": [
        "focusMiningSpeed"
      ],
      "display": "Mining Speed",
      "color": 4766456,
      "weight": 10,
      "affixType": ["PREFIX"]
    },
    "Copiously": {
      "tags": [
        "focusCopiously"
      ],
      "display": "Copiously",
      "color": 16205696,
      "weight": 10,
      "affixType": ["SUFFIX"]
    },
    "MagnetRange": {
      "tags": [
        "focusMagnetRange"
      ],
      "display": "Pickup Range",
      "color": 16364415,
      "weight": 10,
      "affixType": ["PREFIX"]
    },
    "MagnetVelocity": {
      "tags": [
        "focusMagnetVelocity"
      ],
      "display": "Pull Speed",
      "color": 14608287,
      "weight": 10,
      "affixType": ["PREFIX"]
    },
    "AttackDamage": {
      "tags": [
        "focusAttackDamage"
      ],
      "display": "Attack Damage",
      "color": 13116966,
      "weight": 10,
      "affixType": ["PREFIX"]
    },
    "Stunning": {
      "tags": [
        "focusStun"
      ],
      "display": "Stunning",
      "color": 1681124,
      "weight": 10,
      "affixType": ["SUFFIX"]
    },
    "Shocking": {
      "tags": [
        "focusShocking"
      ],
      "display": "Shocking",
      "color": 13819995,
      "weight": 10,
      "affixType": ["SUFFIX"]
    },
    "Block": {
      "tags": [
        "focusBlock"
      ],
      "display": "Block Chance",
      "color": 16109454,
      "weight": 0,
      "affixType": ["PREFIX"]
    },
    "ThornsDamage": {
      "tags": [
        "focusThornsDamage"
      ],
      "display": "Thorns Damage",
      "color": 15507136,
      "weight": 10,
      "affixType": ["PREFIX"]
    },
    "Sweeping": {
      "tags": [
        "focusSweeping"
      ],
      "display": "Sweeping Chance",
      "color": 14727777,
      "weight": 0,
      "affixType": ["SUFFIX"]
    },
    "DamageIllagers": {
      "tags": [
        "focusDamageIllager"
      ],
      "display": "Illager Damage",
      "color": 40882,
      "weight": 0,
      "affixType": ["PREFIX"]
    },
    "DamageSpiders": {
      "tags": [
        "focusDamageSpiders"
      ],
      "display": "Arthropod Damage",
      "color": 8281694,
      "weight": 0,
      "affixType": ["PREFIX"]
    },
    "DamageUndead": {
      "tags": [
        "focusDamageUndead"
      ],
      "display": "Undead Damage",
      "color": 16382128,
      "weight": 0,
      "affixType": ["PREFIX"]
    },
    "DamageNether": {
      "tags": [
        "focusDamageNether"
      ],
      "display": "Nether Damage",
      "color": 16757889,
      "weight": 0,
      "affixType": ["PREFIX"]
    },
    "DamageChampion": {
      "tags": [
        "focusDamageChampion"
      ],
      "display": "Champion Damage",
      "color": 6213132,
      "weight": 10,
      "affixType": ["PREFIX"]
    },
    "DamageDungeon": {
      "tags": [
        "focusDamageDungeon"
      ],
      "display": "Dungeon Damage",
      "color": 823502,
      "weight": 10,
      "affixType": ["PREFIX"]
    },
    "DamageTank": {
      "tags": [
        "focusDamageTank"
      ],
      "display": "Tank Damage",
      "color": 13513996,
      "weight": 10,
      "affixType": ["PREFIX"]
    },
    "DamageHorde": {
      "tags": [
        "focusDamageHorde"
      ],
      "display": "Horde Damage",
      "color": 13094412,
      "weight": 10,
      "affixType": ["PREFIX"]
    },
    "DamageAssassin": {
      "tags": [
        "focusDamageAssassin"
      ],
      "display": "Assassin Damage",
      "color": 11881191,
      "weight": 10,
      "affixType": ["PREFIX"]
    },
    "DamageDweller": {
      "tags": [
        "focusDamageDweller"
      ],
      "display": "Dweller Damage",
      "color": 15895195,
      "weight": 10,
      "affixType": ["PREFIX"]
    },
    "ItemQuantity": {
      "tags": [
        "focusItemQuantity"
      ],
      "display": "Item Quantity",
      "color": 15239698,
      "weight": 10,
      "affixType": ["SUFFIX"]
    },
    "ItemRarity": {
      "tags": [
        "focusItemRarity"
      ],
      "display": "Item Rarity",
      "color": 15054873,
      "weight": 10,
      "affixType": ["SUFFIX"]
    },
    "AOE": {
      "tags": [
        "focusEffectRadius"
      ],
      "display": "Area Of Effect",
      "color": 15319925,
      "weight": 10,
      "affixType": ["SUFFIX"]
    },
    "Reach": {
      "tags": [
        "focusReach"
      ],
      "display": "Reach",
      "color": 8706047,
      "weight": 5,
      "affixType": ["PREFIX"]
    },
    "AbilityDamage": {
      "tags": [
        "focusAbilityDamage"
      ],
      "display": "Ability Power Percentile",
      "color": 16711883,
      "weight": 10,
      "affixType": ["PREFIX"]
    },
    "AbilityPower": {
      "tags": [
        "focusAbilityPower"
      ],
      "display": "Ability Power",
      "color": 16711883,
      "weight": 10,
      "affixType": ["SUFFIX"]
    },
    "AttackSpeed": {
      "tags": [
        "focusAttackSpeedPercent"
      ],
      "display": "Attack Speed",
      "color": 16570215,
      "weight": 10,
      "affixType": ["SUFFIX"]
    }
  }
}
