{
  "costRemoveCraftedModifiers": [
    {
      "AMOUNT": 5,
      "ITEM": "the_vault:nullifying_focus",
      "NBT": "{}"
    }
  ],
  "craftableModifiers": {
    "PREFIX": [
      { "workbenchCraftIdentifier": "the_vault:crafted_health_t0",
        "modifierIdentifier": "the_vault:crafted_health",
        "modifierTier": 0,
        "unlockCategory": "LEVEL",
        "craftingCost": [
          {
            "AMOUNT": 4,
            "ITEM": "the_vault:amplifying_focus",
            "NBT": "{}"
          },
          {
            "AMOUNT": 4,
            "ITEM": "the_vault:vault_gold",
            "NBT": "{}"
          }
        ]
      },
      { "workbenchCraftIdentifier": "the_vault:crafted_health_t1",
        "modifierIdentifier": "the_vault:crafted_health",
        "modifierTier": 1,
        "unlockCategory": "LEVEL",
        "craftingCost": [
          {
            "AMOUNT": 8,
            "ITEM": "the_vault:amplifying_focus",
            "NBT": "{}"
          },
          {
            "AMOUNT": 8,
            "ITEM": "the_vault:vault_gold",
            "NBT": "{}"
          }
        ]
      },
      { "workbenchCraftIdentifier": "the_vault:crafted_health_t2",
        "modifierIdentifier": "the_vault:crafted_health",
        "modifierTier": 2,
        "unlockCategory": "VAULT_DISCOVERY",
        "craftingCost": [
          {
            "AMOUNT": 12,
            "ITEM": "the_vault:amplifying_focus",
            "NBT": "{}"
          },
          {
            "AMOUNT": 12,
            "ITEM": "the_vault:vault_gold",
            "NBT": "{}"
          }
        ]
      },
      { "workbenchCraftIdentifier": "the_vault:crafted_health_t3",
        "modifierIdentifier": "the_vault:crafted_health",
        "modifierTier": 3,
        "unlockCategory": "VAULT_DISCOVERY",
        "craftingCost": [
          {
            "AMOUNT": 24,
            "ITEM": "the_vault:amplifying_focus",
            "NBT": "{}"
          },
          {
            "AMOUNT": 24,
            "ITEM": "the_vault:vault_gold",
            "NBT": "{}"
          }
        ]
      },
      { "workbenchCraftIdentifier": "the_vault:crafted_thorns_damage_t0",
        "modifierIdentifier": "the_vault:crafted_thorns_damage",
        "modifierTier": 0,
        "unlockCategory": "LEVEL",
        "craftingCost": [
          {
            "AMOUNT": 2,
            "ITEM": "the_vault:amplifying_focus",
            "NBT": "{}"
          },
          {
            "AMOUNT": 2,
            "ITEM": "the_vault:vault_gold",
            "NBT": "{}"
          }
        ]
      },
      { "workbenchCraftIdentifier": "the_vault:crafted_thorns_damage_t1",
        "modifierIdentifier": "the_vault:crafted_thorns_damage",
        "modifierTier": 1,
        "unlockCategory": "LEVEL",
        "craftingCost": [
          {
            "AMOUNT": 4,
            "ITEM": "the_vault:amplifying_focus",
            "NBT": "{}"
          },
          {
            "AMOUNT": 4,
            "ITEM": "the_vault:vault_gold",
            "NBT": "{}"
          }
        ]
      },
      { "workbenchCraftIdentifier": "the_vault:crafted_thorns_damage_t2",
        "modifierIdentifier": "the_vault:crafted_thorns_damage",
        "modifierTier": 2,
        "unlockCategory": "LEVEL",
        "craftingCost": [
          {
            "AMOUNT": 8,
            "ITEM": "the_vault:amplifying_focus",
            "NBT": "{}"
          },
          {
            "AMOUNT": 8,
            "ITEM": "the_vault:vault_gold",
            "NBT": "{}"
          }
        ]
      },
      { "workbenchCraftIdentifier": "the_vault:crafted_thorns_damage_t3",
        "modifierIdentifier": "the_vault:crafted_thorns_damage",
        "modifierTier": 3,
        "unlockCategory": "LEVEL",
        "craftingCost": [
          {
            "AMOUNT": 16,
            "ITEM": "the_vault:amplifying_focus",
            "NBT": "{}"
          },
          {
            "AMOUNT": 16,
            "ITEM": "the_vault:vault_gold",
            "NBT": "{}"
          }
        ]
      },
      { "workbenchCraftIdentifier": "the_vault:crafted_thorns_damage_t4",
        "modifierIdentifier": "the_vault:crafted_thorns_damage",
        "modifierTier": 4,
        "unlockCategory": "VAULT_DISCOVERY",
        "craftingCost": [
          {
            "AMOUNT": 24,
            "ITEM": "the_vault:amplifying_focus",
            "NBT": "{}"
          },
          {
            "AMOUNT": 24,
            "ITEM": "the_vault:vault_gold",
            "NBT": "{}"
          }
        ]
      },
      { "workbenchCraftIdentifier": "the_vault:crafted_thorns_damage_t5",
        "modifierIdentifier": "the_vault:crafted_thorns_damage",
        "modifierTier": 5,
        "unlockCategory": "VAULT_DISCOVERY",
        "craftingCost": [
          {
            "AMOUNT": 32,
            "ITEM": "the_vault:amplifying_focus",
            "NBT": "{}"
          },
          {
            "AMOUNT": 32,
            "ITEM": "the_vault:vault_gold",
            "NBT": "{}"
          }
        ]
      },
      { "workbenchCraftIdentifier": "the_vault:crafted_thorns_damage_t6",
        "modifierIdentifier": "the_vault:crafted_thorns_damage",
        "modifierTier": 6,
        "unlockCategory": "VAULT_DISCOVERY",
        "craftingCost": [
          {
            "AMOUNT": 48,
            "ITEM": "the_vault:amplifying_focus",
            "NBT": "{}"
          },
          {
            "AMOUNT": 48,
            "ITEM": "the_vault:vault_gold",
            "NBT": "{}"
          }
        ]
      },
      { "workbenchCraftIdentifier": "the_vault:crafted_thorns_damage_t7",
        "modifierIdentifier": "the_vault:crafted_thorns_damage",
        "modifierTier": 7,
        "unlockCategory": "VAULT_DISCOVERY",
        "craftingCost": [
          {
            "AMOUNT": 64,
            "ITEM": "the_vault:amplifying_focus",
            "NBT": "{}"
          },
          {
            "AMOUNT": 64,
            "ITEM": "the_vault:vault_gold",
            "NBT": "{}"
          }
        ]
      },
      { "workbenchCraftIdentifier": "the_vault:crafted_resistance_t0",
        "modifierIdentifier": "the_vault:crafted_resistance",
        "modifierTier": 0,
        "unlockCategory": "LEVEL",
        "craftingCost": [
          {
            "AMOUNT": 4,
            "ITEM": "the_vault:amplifying_focus",
            "NBT": "{}"
          },
          {
            "AMOUNT": 4,
            "ITEM": "the_vault:vault_gold",
            "NBT": "{}"
          }
        ]
      },
      { "workbenchCraftIdentifier": "the_vault:crafted_resistance_t1",
        "modifierIdentifier": "the_vault:crafted_resistance",
        "modifierTier": 1,
        "unlockCategory": "LEVEL",
        "craftingCost": [
          {
            "AMOUNT": 8,
            "ITEM": "the_vault:amplifying_focus",
            "NBT": "{}"
          },
          {
            "AMOUNT": 8,
            "ITEM": "the_vault:vault_gold",
            "NBT": "{}"
          }
        ]
      },
      { "workbenchCraftIdentifier": "the_vault:crafted_resistance_t2",
        "modifierIdentifier": "the_vault:crafted_resistance",
        "modifierTier": 2,
        "unlockCategory": "VAULT_DISCOVERY",
        "craftingCost": [
          {
            "AMOUNT": 16,
            "ITEM": "the_vault:amplifying_focus",
            "NBT": "{}"
          },
          {
            "AMOUNT": 16,
            "ITEM": "the_vault:vault_gold",
            "NBT": "{}"
          }
        ]
      },
      { "workbenchCraftIdentifier": "the_vault:crafted_resistance_t3",
        "modifierIdentifier": "the_vault:crafted_resistance",
        "modifierTier": 3,
        "unlockCategory": "VAULT_DISCOVERY",
        "craftingCost": [
          {
            "AMOUNT": 32,
            "ITEM": "the_vault:amplifying_focus",
            "NBT": "{}"
          },
          {
            "AMOUNT": 32,
            "ITEM": "the_vault:vault_gold",
            "NBT": "{}"
          }
        ]
      },
      { "workbenchCraftIdentifier": "the_vault:crafted_soul_chance_t0",
        "modifierIdentifier": "the_vault:crafted_soul_chance",
        "modifierTier": 0,
        "unlockCategory": "LEVEL",
        "craftingCost": [
          {
            "AMOUNT": 4,
            "ITEM": "the_vault:amplifying_focus",
            "NBT": "{}"
          },
          {
            "AMOUNT": 4,
            "ITEM": "the_vault:vault_gold",
            "NBT": "{}"
          }
        ]
      },
      { "workbenchCraftIdentifier": "the_vault:crafted_soul_chance_t1",
        "modifierIdentifier": "the_vault:crafted_soul_chance",
        "modifierTier": 1,
        "unlockCategory": "LEVEL",
        "craftingCost": [
          {
            "AMOUNT": 8,
            "ITEM": "the_vault:amplifying_focus",
            "NBT": "{}"
          },
          {
            "AMOUNT": 8,
            "ITEM": "the_vault:vault_gold",
            "NBT": "{}"
          }
        ]
      },
      { "workbenchCraftIdentifier": "the_vault:crafted_soul_chance_t2",
        "modifierIdentifier": "the_vault:crafted_soul_chance",
        "modifierTier": 2,
        "unlockCategory": "VAULT_DISCOVERY",
        "craftingCost": [
          {
            "AMOUNT": 16,
            "ITEM": "the_vault:amplifying_focus",
            "NBT": "{}"
          },
          {
            "AMOUNT": 16,
            "ITEM": "the_vault:vault_gold",
            "NBT": "{}"
          }
        ]
      },
      { "workbenchCraftIdentifier": "the_vault:crafted_soul_chance_t3",
        "modifierIdentifier": "the_vault:crafted_soul_chance",
        "modifierTier": 3,
        "unlockCategory": "VAULT_DISCOVERY",
        "craftingCost": [
          {
            "AMOUNT": 32,
            "ITEM": "the_vault:amplifying_focus",
            "NBT": "{}"
          },
          {
            "AMOUNT": 32,
            "ITEM": "the_vault:vault_gold",
            "NBT": "{}"
          }
        ]
      }
    ],
    "SUFFIX": [
      { "workbenchCraftIdentifier": "the_vault:crafted_knockback_resistance_t0",
        "modifierIdentifier": "the_vault:crafted_knockback_resistance",
        "modifierTier": 0,
        "unlockCategory": "LEVEL",
        "craftingCost": [
          {
            "AMOUNT": 2,
            "ITEM": "the_vault:amplifying_focus",
            "NBT": "{}"
          },
          {
            "AMOUNT": 2,
            "ITEM": "the_vault:vault_gold",
            "NBT": "{}"
          }
        ]
      },
      { "workbenchCraftIdentifier": "the_vault:crafted_knockback_resistance_t1",
        "modifierIdentifier": "the_vault:crafted_knockback_resistance",
        "modifierTier": 1,
        "unlockCategory": "LEVEL",
        "craftingCost": [
          {
            "AMOUNT": 8,
            "ITEM": "the_vault:amplifying_focus",
            "NBT": "{}"
          },
          {
            "AMOUNT": 8,
            "ITEM": "the_vault:vault_gold",
            "NBT": "{}"
          }
        ]
      },
      { "workbenchCraftIdentifier": "the_vault:crafted_knockback_resistance_t2",
        "modifierIdentifier": "the_vault:crafted_knockback_resistance",
        "modifierTier": 2,
        "unlockCategory": "LEVEL",
        "craftingCost": [
          {
            "AMOUNT": 16,
            "ITEM": "the_vault:amplifying_focus",
            "NBT": "{}"
          },
          {
            "AMOUNT": 16,
            "ITEM": "the_vault:vault_gold",
            "NBT": "{}"
          }
        ]
      },
      { "workbenchCraftIdentifier": "the_vault:crafted_knockback_resistance_t3",
        "modifierIdentifier": "the_vault:crafted_knockback_resistance",
        "modifierTier": 3,
        "unlockCategory": "VAULT_DISCOVERY",
        "craftingCost": [
          {
            "AMOUNT": 24,
            "ITEM": "the_vault:amplifying_focus",
            "NBT": "{}"
          },
          {
            "AMOUNT": 24,
            "ITEM": "the_vault:vault_gold",
            "NBT": "{}"
          }
        ]
      },
      { "workbenchCraftIdentifier": "the_vault:crafted_knockback_resistance_t4",
        "modifierIdentifier": "the_vault:crafted_knockback_resistance",
        "modifierTier": 4,
        "unlockCategory": "VAULT_DISCOVERY",
        "craftingCost": [
          {
            "AMOUNT": 32,
            "ITEM": "the_vault:amplifying_focus",
            "NBT": "{}"
          },
          {
            "AMOUNT": 32,
            "ITEM": "the_vault:vault_gold",
            "NBT": "{}"
          }
        ]
      },
      { "workbenchCraftIdentifier": "the_vault:crafted_durability_t0",
        "modifierIdentifier": "the_vault:crafted_durability",
        "modifierTier": 0,
        "unlockCategory": "LEVEL",
        "craftingCost": [
          {
            "AMOUNT": 2,
            "ITEM": "the_vault:amplifying_focus",
            "NBT": "{}"
          },
          {
            "AMOUNT": 2,
            "ITEM": "the_vault:vault_gold",
            "NBT": "{}"
          }
        ]
      },
      { "workbenchCraftIdentifier": "the_vault:crafted_durability_t1",
        "modifierIdentifier": "the_vault:crafted_durability",
        "modifierTier": 1,
        "unlockCategory": "LEVEL",
        "craftingCost": [
          {
            "AMOUNT": 4,
            "ITEM": "the_vault:amplifying_focus",
            "NBT": "{}"
          },
          {
            "AMOUNT": 4,
            "ITEM": "the_vault:vault_gold",
            "NBT": "{}"
          }
        ]
      },
      { "workbenchCraftIdentifier": "the_vault:crafted_durability_t2",
        "modifierIdentifier": "the_vault:crafted_durability",
        "modifierTier": 2,
        "unlockCategory": "VAULT_DISCOVERY",
        "craftingCost": [
          {
            "AMOUNT": 8,
            "ITEM": "the_vault:amplifying_focus",
            "NBT": "{}"
          },
          {
            "AMOUNT": 8,
            "ITEM": "the_vault:vault_gold",
            "NBT": "{}"
          }
        ]
      },
      { "workbenchCraftIdentifier": "the_vault:crafted_durability_t3",
        "modifierIdentifier": "the_vault:crafted_durability",
        "modifierTier": 3,
        "unlockCategory": "VAULT_DISCOVERY",
        "craftingCost": [
          {
            "AMOUNT": 16,
            "ITEM": "the_vault:amplifying_focus",
            "NBT": "{}"
          },
          {
            "AMOUNT": 16,
            "ITEM": "the_vault:vault_gold",
            "NBT": "{}"
          }
        ]
      },
      { "workbenchCraftIdentifier": "the_vault:crafted_durability_t4",
        "modifierIdentifier": "the_vault:crafted_durability",
        "modifierTier": 4,
        "unlockCategory": "VAULT_DISCOVERY",
        "craftingCost": [
          {
            "AMOUNT": 32,
            "ITEM": "the_vault:amplifying_focus",
            "NBT": "{}"
          },
          {
            "AMOUNT": 32,
            "ITEM": "the_vault:vault_gold",
            "NBT": "{}"
          }
        ]
      },

      { "workbenchCraftIdentifier": "the_vault:crafted_healing_cloud_t0",
        "modifierIdentifier": "the_vault:crafted_healing_cloud",
        "modifierTier": 0,
        "unlockCategory": "LEVEL",
        "craftingCost": [
          {
            "AMOUNT": 8,
            "ITEM": "the_vault:amplifying_focus",
            "NBT": "{}"
          },
          {
            "AMOUNT": 8,
            "ITEM": "the_vault:vault_gold",
            "NBT": "{}"
          }
        ]
      },
      { "workbenchCraftIdentifier": "the_vault:crafted_healing_cloud_t1",
        "modifierIdentifier": "the_vault:crafted_healing_cloud",
        "modifierTier": 1,
        "unlockCategory": "VAULT_DISCOVERY",
        "craftingCost": [
          {
            "AMOUNT": 24,
            "ITEM": "the_vault:amplifying_focus",
            "NBT": "{}"
          },
          {
            "AMOUNT": 24,
            "ITEM": "the_vault:vault_gold",
            "NBT": "{}"
          }
        ]
      },
      { "workbenchCraftIdentifier": "the_vault:crafted_healing_cloud_t2",
        "modifierIdentifier": "the_vault:crafted_healing_cloud",
        "modifierTier": 2,
        "unlockCategory": "VAULT_DISCOVERY",
        "craftingCost": [
          {
            "AMOUNT": 48,
            "ITEM": "the_vault:amplifying_focus",
            "NBT": "{}"
          },
          {
            "AMOUNT": 48,
            "ITEM": "the_vault:vault_gold",
            "NBT": "{}"
          }
        ]
      },


      { "workbenchCraftIdentifier": "the_vault:crafted_chilling_cloud_t0",
      "modifierIdentifier": "the_vault:crafted_chilling_cloud",
      "modifierTier": 0,
      "unlockCategory": "LEVEL",
      "craftingCost": [
        {
          "AMOUNT": 8,
          "ITEM": "the_vault:amplifying_focus",
          "NBT": "{}"
        },
        {
          "AMOUNT": 8,
          "ITEM": "the_vault:vault_gold",
          "NBT": "{}"
        }
      ]
      },
      { "workbenchCraftIdentifier": "the_vault:crafted_chilling_cloud_t1",
        "modifierIdentifier": "the_vault:crafted_chilling_cloud",
        "modifierTier": 1,
        "unlockCategory": "VAULT_DISCOVERY",
        "craftingCost": [
          {
            "AMOUNT": 24,
            "ITEM": "the_vault:amplifying_focus",
            "NBT": "{}"
          },
          {
            "AMOUNT": 24,
            "ITEM": "the_vault:vault_gold",
            "NBT": "{}"
          }
        ]
      },
      { "workbenchCraftIdentifier": "the_vault:crafted_chilling_cloud_t2",
        "modifierIdentifier": "the_vault:crafted_chilling_cloud",
        "modifierTier": 2,
        "unlockCategory": "VAULT_DISCOVERY",
        "craftingCost": [
          {
            "AMOUNT": 48,
            "ITEM": "the_vault:amplifying_focus",
            "NBT": "{}"
          },
          {
            "AMOUNT": 48,
            "ITEM": "the_vault:vault_gold",
            "NBT": "{}"
          }
        ]
      },

      { "workbenchCraftIdentifier": "the_vault:crafted_lucky_hit_chance_t0",
        "modifierIdentifier": "the_vault:crafted_lucky_hit_chance",
        "modifierTier": 0,
        "unlockCategory": "LEVEL",
        "craftingCost": [
          {
            "AMOUNT": 8,
            "ITEM": "the_vault:amplifying_focus",
            "NBT": "{}"
          },
          {
            "AMOUNT": 8,
            "ITEM": "the_vault:vault_gold",
            "NBT": "{}"
          }
        ]
      },
      { "workbenchCraftIdentifier": "the_vault:crafted_lucky_hit_chance_t1",
        "modifierIdentifier": "the_vault:crafted_lucky_hit_chance",
        "modifierTier": 1,
        "unlockCategory": "VAULT_DISCOVERY",
        "craftingCost": [
          {
            "AMOUNT": 16,
            "ITEM": "the_vault:amplifying_focus",
            "NBT": "{}"
          },
          {
            "AMOUNT": 16,
            "ITEM": "the_vault:vault_gold",
            "NBT": "{}"
          }
        ]
      },
      { "workbenchCraftIdentifier": "the_vault:crafted_lucky_hit_chance_t2",
        "modifierIdentifier": "the_vault:crafted_lucky_hit_chance",
        "modifierTier": 2,
        "unlockCategory": "VAULT_DISCOVERY",
        "craftingCost": [
          {
            "AMOUNT": 32,
            "ITEM": "the_vault:amplifying_focus",
            "NBT": "{}"
          },
          {
            "AMOUNT": 32,
            "ITEM": "the_vault:vault_gold",
            "NBT": "{}"
          }
        ]
      },

      { "workbenchCraftIdentifier": "the_vault:crafted_avoidance_t0",
      "modifierIdentifier": "the_vault:crafted_effect_avoidance",
      "modifierTier": 0,
      "unlockCategory": "LEVEL",
      "craftingCost": [
        {
          "AMOUNT": 8,
          "ITEM": "the_vault:amplifying_focus",
          "NBT": "{}"
        },
        {
          "AMOUNT": 8,
          "ITEM": "the_vault:vault_gold",
          "NBT": "{}"
        }
      ]
      },
      { "workbenchCraftIdentifier": "the_vault:crafted_avoidance_t1",
        "modifierIdentifier": "the_vault:crafted_effect_avoidance",
        "modifierTier": 1,
        "unlockCategory": "VAULT_DISCOVERY",
        "craftingCost": [
          {
            "AMOUNT": 16,
            "ITEM": "the_vault:amplifying_focus",
            "NBT": "{}"
          },
          {
            "AMOUNT": 16,
            "ITEM": "the_vault:vault_gold",
            "NBT": "{}"
          }
        ]
      },
      { "workbenchCraftIdentifier": "the_vault:crafted_avoidance_t2",
        "modifierIdentifier": "the_vault:crafted_effect_avoidance",
        "modifierTier": 2,
        "unlockCategory": "VAULT_DISCOVERY",
        "craftingCost": [
          {
            "AMOUNT": 24,
            "ITEM": "the_vault:amplifying_focus",
            "NBT": "{}"
          },
          {
            "AMOUNT": 24,
            "ITEM": "the_vault:vault_gold",
            "NBT": "{}"
          }
        ]
      },
      { "workbenchCraftIdentifier": "the_vault:crafted_avoidance_t3",
        "modifierIdentifier": "the_vault:crafted_effect_avoidance",
        "modifierTier": 3,
        "unlockCategory": "VAULT_DISCOVERY",
        "craftingCost": [
          {
            "AMOUNT": 32,
            "ITEM": "the_vault:amplifying_focus",
            "NBT": "{}"
          },
          {
            "AMOUNT": 32,
            "ITEM": "the_vault:vault_gold",
            "NBT": "{}"
          }
        ]
      }

    ]
  }
}